966.215969,info,IMU,3250.5571,-0.87109375,-0.51171875,11.1640625,-0.173828125,0.35546875,0.044921875,0.2509765625,0.3798828125,-0.8037109375
966.236143,info,IMU,3250.5771,-1.12109375,-0.99609375,7.984375,-0.09375,0.330078125,0.037109375,0.2548828125,0.3837890625,-0.798828125
966.256389,info,IMU,3250.5971,-1.37109375,-0.80859375,10.796875,-0.146484375,0.333984375,0.03515625,0.263671875,0.3828125,-0.7978515625
966.276010,info,IMU,3250.6171,-1.32421875,-1.0546875,7.9453125,-0.146484375,0.341796875,0.037109375,0.26953125,0.38671875,-0.7978515625
966.296204,info,IMU,3250.6371,-1.09765625,-0.296875,10.72265625,-0.140625,0.345703125,0.03515625,0.2744140625,0.3916015625,-0.79296875
966.316457,info,IMU,3250.6571,-1.00390625,-0.3828125,7.94140625,-0.140625,0.29296875,0.029296875,0.2802734375,0.392578125,-0.79296875
966.336233,info,IMU,3250.6771,-1.4609375,-0.9375,10.1015625,-0.181640625,0.28515625,0.017578125,0.2880859375,0.3955078125,-0.7919921875
966.356295,info,IMU,3250.6971000000003,-1.265625,-1.06640625,9.41796875,-0.16796875,0.25,0.017578125,0.291015625,0.3974609375,-0.787109375
966.376474,info,IMU,3250.7171000000003,-1.1328125,-0.7734375,11.26171875,-0.15234375,0.208984375,0.01171875,0.294921875,0.3994140625,-0.787109375
966.396108,info,IMU,3250.7371000000003,-1.34765625,-0.93359375,9.4296875,-0.171875,0.173828125,0.021484375,0.298828125,0.40234375,-0.7841796875
966.416733,info,IMU,3250.7571000000003,-1.296875,-0.61328125,10.02734375,-0.14453125,0.126953125,0.01171875,0.3037109375,0.4072265625,-0.78125
966.436647,info,IMU,3250.7771000000002,-1.328125,-0.91015625,9.8203125,-0.15625,0.14453125,0.00390625,0.3056640625,0.41015625,-0.7822265625
966.456123,info,IMU,3250.7971000000002,-1.4140625,-1.04296875,9.45703125,-0.1015625,0.099609375,0.001953125,0.30859375,0.4091796875,-0.77734375
966.476416,info,IMU,3250.8171,-1.37890625,-0.63671875,10.3984375,-0.111328125,0.02734375,-0.001953125,0.3115234375,0.412109375,-0.7763671875
966.496206,info,IMU,3250.8371,-1.49609375,-0.87109375,8.23046875,-0.12890625,-0.03515625,-0,0.3095703125,0.4150390625,-0.775390625
966.516223,info,IMU,3250.8571,-1.75390625,-0.76953125,8.6953125,-0.130859375,-0.041015625,-0.005859375,0.3115234375,0.4189453125,-0.7734375
966.537036,info,IMU,3250.8771,-1.52734375,-0.6328125,9.29296875,-0.18359375,0.02734375,-0.00390625,0.306640625,0.4208984375,-0.7724609375
966.556085,info,IMU,3250.8971,-1.49609375,-0.85546875,7.953125,-0.076171875,-0.052734375,-0.013671875,0.3095703125,0.419921875,-0.7744140625
966.576241,info,IMU,3250.9171,-1.5859375,-0.828125,7.70703125,-0.12890625,-0.125,-0.017578125,0.306640625,0.4208984375,-0.771484375
966.596480,info,IMU,3250.9371,-1.609375,-1.16015625,8.66796875,-0.154296875,-0.142578125,-0.017578125,0.302734375,0.4248046875,-0.771484375
966.616088,info,IMU,3250.9571,-1.53125,-1.08203125,9.4375,-0.091796875,-0.16796875,-0.015625,0.2998046875,0.4267578125,-0.771484375
966.637384,info,IMU,3250.9771,-1.05859375,-0.69921875,10.25,-0.083984375,-0.150390625,-0.01953125,0.2958984375,0.4296875,-0.7705078125
966.656513,info,IMU,3250.9971,-0.7421875,-0.5078125,8.93359375,-0.048828125,-0.22265625,-0.017578125,0.29296875,0.4296875,-0.771484375
966.676122,info,IMU,3251.0171,-0.92578125,-0.92578125,9.67578125,-0.052734375,-0.248046875,-0.0234375,0.2919921875,0.431640625,-0.7734375
966.696368,info,IMU,3251.0371,-0.984375,-0.734375,9.26953125,0.017578125,-0.265625,-0.037109375,0.2900390625,0.43359375,-0.7734375
966.715957,info,IMU,3251.0571,-1.42578125,-0.87109375,9.79296875,-0.009765625,-0.31640625,-0.03125,0.28125,0.43359375,-0.7734375
966.736217,info,IMU,3251.0771,-1.40234375,-0.81640625,9.76953125,-0.029296875,-0.287109375,-0.029296875,0.2783203125,0.43359375,-0.775390625
966.756462,info,IMU,3251.0971,-1.15234375,-0.94140625,9.28515625,-0.0546875,-0.333984375,-0.03125,0.2705078125,0.435546875,-0.7744140625
966.776008,info,IMU,3251.1171,-0.734375,-1.31640625,9.26953125,-0.009765625,-0.3359375,-0.03515625,0.2646484375,0.435546875,-0.7763671875
966.796333,info,IMU,3251.1371,-0.71484375,-1.1875,10.765625,-0.099609375,-0.30859375,-0.03125,0.2578125,0.4375,-0.775390625
966.816496,info,IMU,3251.1571,-1.1484375,-1.4609375,9.515625,0.01953125,-0.349609375,-0.041015625,0.2509765625,0.435546875,-0.77734375
966.836097,info,IMU,3251.1771,-0.9375,-0.81640625,10.80078125,0.029296875,-0.3046875,-0.044921875,0.2431640625,0.439453125,-0.779296875
966.856285,info,IMU,3251.1971000000003,-0.84375,-0.828125,8.75390625,0.021484375,-0.3203125,-0.0390625,0.23828125,0.439453125,-0.775390625
966.876556,info,IMU,3251.2171000000003,-0.99609375,-0.5703125,9.91796875,0.029296875,-0.41015625,-0.0390625,0.2333984375,0.4365234375,-0.7802734375
966.896173,info,IMU,3251.2371000000003,-0.62890625,-0.64453125,7.81640625,0.021484375,-0.34765625,-0.044921875,0.2265625,0.4365234375,-0.783203125
966.916422,info,IMU,3251.2571000000003,-0.55078125,-0.734375,9.04296875,0.03125,-0.287109375,-0.046875,0.2177734375,0.4365234375,-0.7822265625
966.935966,info,IMU,3251.2771000000002,-0.59375,-0.94140625,9.3515625,-0.03125,-0.21484375,-0.044921875,0.2119140625,0.4326171875,-0.7822265625
966.956183,info,IMU,3251.2971000000002,-0.37890625,-0.9609375,10.34375,-0.013671875,-0.236328125,-0.04296875,0.20703125,0.4365234375,-0.783203125
966.976386,info,IMU,3251.3171,0.01953125,-0.89453125,10.3203125,0.013671875,-0.2578125,-0.04296875,0.201171875,0.4345703125,-0.7841796875
966.995990,info,IMU,3251.3371,0.140625,-0.4453125,9.8203125,0.046875,-0.322265625,-0.037109375,0.193359375,0.435546875,-0.7880859375
967.016278,info,IMU,3251.3571,0.0234375,-0.640625,8.45703125,0.060546875,-0.3125,-0.03515625,0.189453125,0.4326171875,-0.7890625
967.036441,info,IMU,3251.3771,-0.2734375,-0.80859375,8.78515625,0.037109375,-0.259765625,-0.041015625,0.185546875,0.4306640625,-0.7919921875
967.056088,info,IMU,3251.3971,-0.4375,-1.125,9.58203125,0.025390625,-0.126953125,-0.04296875,0.1806640625,0.4287109375,-0.791015625
967.076314,info,IMU,3251.4171,-0.05078125,-0.875,10.48828125,0.14453125,-0.150390625,-0.044921875,0.173828125,0.42578125,-0.791015625
967.096475,info,IMU,3251.4371,0.19140625,-0.6796875,12.04296875,0.03515625,-0.099609375,-0.03125,0.173828125,0.4248046875,-0.7890625
967.116121,info,IMU,3251.4571,0.38671875,-0.75,9.3125,0.142578125,-0.234375,-0.02734375,0.1689453125,0.423828125,-0.7919921875
967.136368,info,IMU,3251.4771,0.03515625,-0.81640625,11.07421875,0.0703125,-0.185546875,-0.03125,0.1669921875,0.423828125,-0.794921875
967.155968,info,IMU,3251.4971,0.0546875,-1.109375,7.703125,0.115234375,-0.1640625,-0.03125,0.1650390625,0.423828125,-0.7958984375
967.176160,info,IMU,3251.5171,-0.328125,-0.6015625,11.32421875,0.0703125,-0.109375,-0.03125,0.16015625,0.421875,-0.7978515625
967.196397,info,IMU,3251.5371,-0.1953125,-1.0703125,8.26171875,0.05859375,-0.017578125,-0.02734375,0.16015625,0.419921875,-0.7978515625
967.216026,info,IMU,3251.5571,-0.1015625,-0.64453125,11.95703125,0.123046875,0.044921875,-0.0234375,0.1591796875,0.4150390625,-0.798828125
967.236236,info,IMU,3251.5771,0.3671875,-0.81640625,9.9375,0.115234375,0.056640625,-0.017578125,0.1591796875,0.4140625,-0.8017578125
967.256473,info,IMU,3251.5971,0.34375,-0.609375,11.04296875,0.11328125,0.0234375,-0.013671875,0.15625,0.412109375,-0.7978515625
967.276066,info,IMU,3251.6171,0.2421875,-1.09765625,9.19921875,0.025390625,0.001953125,-0.01171875,0.15625,0.4130859375,-0.798828125
967.296254,info,IMU,3251.6371,-0.01171875,-1.015625,10.06640625,0.099609375,0.02734375,-0.009765625,0.1552734375,0.4091796875,-0.8017578125
967.316522,info,IMU,3251.6571,-0.09375,-0.76171875,9.546875,0.05859375,0.056640625,-0.00390625,0.158203125,0.4072265625,-0.802734375
967.336106,info,IMU,3251.6771,-0.0703125,-0.5703125,9.3046875,0.08203125,0.0390625,0.00390625,0.1591796875,0.40625,-0.7998046875
967.356330,info,IMU,3251.6971000000003,0.1171875,-0.6875,9.54296875,0.109375,0.05859375,0.0078125,0.162109375,0.404296875,-0.802734375
967.375928,info,IMU,3251.7171000000003,-0.046875,-0.9921875,8.25,0.138671875,0.064453125,0.00390625,0.1630859375,0.3994140625,-0.806640625
967.396280,info,IMU,3251.7371000000003,-0.2109375,-0.7578125,10.21484375,0.05859375,0.08203125,0.00390625,0.1650390625,0.3994140625,-0.8056640625
967.416435,info,IMU,3251.7571000000003,0.1875,-0.7265625,9.10546875,0.072265625,0.03515625,0.0078125,0.1689453125,0.4013671875,-0.8056640625
967.435980,info,IMU,3251.7771000000002,0.12109375,-0.578125,10.328125,0.0859375,0.078125,0.015625,0.1708984375,0.3984375,-0.8046875
967.456207,info,IMU,3251.7971000000002,0.04296875,-0.6484375,8.15234375,0.12890625,0.08984375,0.013671875,0.171875,0.396484375,-0.8076171875
967.476417,info,IMU,3251.8171,-0.125,-0.3203125,9.671875,0.1171875,0.125,0.017578125,0.1767578125,0.3955078125,-0.806640625
967.496038,info,IMU,3251.8371,-0.4609375,-0.93359375,7.8046875,0.087890625,0.173828125,0.017578125,0.181640625,0.3935546875,-0.8076171875
967.516286,info,IMU,3251.8571,-0.56640625,-0.74609375,9.1328125,0.154296875,0.1640625,0.013671875,0.1826171875,0.3916015625,-0.80859375
967.536489,info,IMU,3251.8771,-0.61328125,-0.63671875,8.8125,0.001953125,0.181640625,0.017578125,0.1884765625,0.3896484375,-0.8076171875
967.556106,info,IMU,3251.8971,-0.44140625,-0.62109375,9.1328125,0.05859375,0.181640625,0.0234375,0.1943359375,0.3896484375,-0.8046875
967.576318,info,IMU,3251.9171,-0.4296875,-0.42578125,9.73046875,0.0390625,0.2265625,0.0234375,0.1962890625,0.388671875,-0.806640625
967.595907,info,IMU,3251.9371,-0.47265625,-0.46484375,8.671875,0.029296875,0.2265625,0.01953125,0.2001953125,0.38671875,-0.80859375
967.616141,info,IMU,3251.9571,-0.56640625,-0.71484375,9.41796875,-0.005859375,0.21484375,0.017578125,0.203125,0.384765625,-0.806640625
967.636417,info,IMU,3251.9771,-0.53515625,-0.98828125,9.125,0.02734375,0.240234375,0.017578125,0.2080078125,0.38671875,-0.806640625
967.656026,info,IMU,3251.9971,-0.49609375,-0.59375,10.02734375,0.044921875,0.263671875,0.021484375,0.212890625,0.384765625,-0.8076171875
967.676191,info,IMU,3252.0171,-0.46875,-0.61328125,9.58984375,0.005859375,0.203125,0.01953125,0.2177734375,0.3828125,-0.806640625
967.696428,info,IMU,3252.0371,-0.37109375,-0.84765625,10.56640625,-0.015625,0.1875,0.017578125,0.2216796875,0.3837890625,-0.8037109375
967.717038,info,IMU,3252.0571,-0.40625,-0.93359375,9.87890625,0.033203125,0.197265625,0.013671875,0.2265625,0.3837890625,-0.8056640625
967.736268,info,IMU,3252.0771,-0.59765625,-0.5078125,11.54296875,0.01171875,0.197265625,0.01171875,0.228515625,0.3837890625,-0.8037109375
967.756470,info,IMU,3252.0971,-0.8515625,-0.55078125,9.39453125,-0.013671875,0.150390625,0.021484375,0.234375,0.3828125,-0.8046875
967.776087,info,IMU,3252.1171,-0.8046875,-0.53515625,10.515625,-0.005859375,0.16796875,0.009765625,0.2373046875,0.3828125,-0.8056640625
967.796342,info,IMU,3252.1371,-0.73828125,-0.796875,9.55859375,-0.01171875,0.189453125,0.013671875,0.2392578125,0.3857421875,-0.8017578125
967.815905,info,IMU,3252.1571,-0.85546875,-0.578125,9.77734375,0.033203125,0.095703125,0.013671875,0.2431640625,0.38671875,-0.8037109375
967.836125,info,IMU,3252.1771,-1.0078125,-0.66015625,9.82421875,-0.0703125,0.134765625,0.009765625,0.2451171875,0.3828125,-0.8017578125
967.856395,info,IMU,3252.1971000000003,-0.921875,-1.01171875,8.1484375,0.03125,0.080078125,0.001953125,0.2490234375,0.3857421875,-0.80078125
967.876520,info,IMU,3252.2171000000003,-0.96484375,-0.37890625,10.7265625,-0.052734375,0.107421875,0.001953125,0.2509765625,0.38671875,-0.80078125
967.896185,info,IMU,3252.2371000000003,-1.171875,-0.83984375,7.43359375,-0.048828125,0.12890625,0.01171875,0.2548828125,0.38671875,-0.798828125
967.916440,info,IMU,3252.2571000000003,-1.10546875,-0.3203125,10.8671875,-0.033203125,0.08984375,-0.001953125,0.2548828125,0.38671875,-0.802734375
967.936059,info,IMU,3252.2771000000002,-0.6171875,-0.46875,8.08984375,-0.08203125,0.13671875,0.001953125,0.2568359375,0.3876953125,-0.7978515625
967.956251,info,IMU,3252.2971000000002,-1.0390625,-0.7421875,10.24609375,-0.06640625,0.103515625,0.001953125,0.259765625,0.388671875,-0.7978515625
967.976452,info,IMU,3252.3171,-1.08203125,-1.21484375,8.8828125,-0.083984375,0.08203125,-0,0.259765625,0.390625,-0.7978515625
967.996249,info,IMU,3252.3371,-0.6015625,-0.69140625,11.48046875,-0.083984375,0.0703125,-0,0.259765625,0.390625,-0.796875
968.016317,info,IMU,3252.3571,-0.3515625,-1.25,9.7109375,-0.07421875,-0.001953125,0.00390625,0.259765625,0.39453125,-0.7939453125
968.035884,info,IMU,3252.3771,-0.58203125,-1.06640625,11.609375,-0.03125,0.005859375,-0.001953125,0.2626953125,0.3955078125,-0.7939453125
968.056137,info,IMU,3252.3971,-0.59375,-1.0234375,9.15625,-0.033203125,-0,0.001953125,0.2646484375,0.396484375,-0.796875
968.076388,info,IMU,3252.4171,-0.6796875,-0.58203125,10.3203125,-0.025390625,-0.060546875,-0.00390625,0.2626953125,0.3955078125,-0.7939453125
968.095982,info,IMU,3252.4371,-0.86328125,-0.828125,8.81640625,-0.1015625,-0.0625,-0.001953125,0.2626953125,0.3955078125,-0.79296875
968.116204,info,IMU,3252.4571,-1.125,-1.19140625,8.8359375,0.013671875,-0.0625,-0.0078125,0.2626953125,0.3994140625,-0.7939453125
968.136422,info,IMU,3252.4771,-0.9609375,-0.6171875,9.5234375,-0.048828125,-0.0234375,-0.005859375,0.263671875,0.3984375,-0.7939453125
968.156023,info,IMU,3252.4971,-0.93359375,-0.57421875,8.734375,-0.072265625,-0.056640625,-0.00390625,0.26171875,0.3994140625,-0.79296875
968.176231,info,IMU,3252.5171,-1.125,-0.77734375,9.109375,-0.05859375,-0.08203125,-0.009765625,0.2607421875,0.4052734375,-0.7919921875
968.196469,info,IMU,3252.5371,-0.91015625,-0.921875,8.703125,-0.08984375,-0.005859375,-0.00390625,0.26171875,0.40234375,-0.7900390625
968.216094,info,IMU,3252.5571,-0.67578125,-0.83203125,9.3515625,-0.03125,-0.001953125,-0.005859375,0.2587890625,0.4033203125,-0.7900390625
968.236288,info,IMU,3252.5771,-0.90234375,-1.07421875,9.09375,-0.048828125,-0.029296875,-0.01171875,0.259765625,0.4052734375,-0.7919921875
968.255884,info,IMU,3252.5971,-1.05078125,-1.4921875,7.46484375,-0.052734375,-0.021484375,-0.013671875,0.2568359375,0.4052734375,-0.791015625
968.276127,info,IMU,3252.6171,-0.6484375,-1.11328125,9.1328125,-0.111328125,-0.0390625,-0.0078125,0.2578125,0.4072265625,-0.7900390625
968.296383,info,IMU,3252.6371,-0.4296875,-0.89453125,10.55859375,-0.06640625,-0.029296875,-0.0078125,0.2548828125,0.4072265625,-0.7890625
968.315980,info,IMU,3252.6571,-0.50390625,-0.63671875,9.14453125,-0.00390625,-0.109375,-0.013671875,0.2578125,0.408203125,-0.7900390625
968.336170,info,IMU,3252.6771,-0.55859375,-0.5625,9.01953125,0.001953125,-0.095703125,-0.015625,0.251953125,0.4072265625,-0.7880859375
968.356401,info,IMU,3252.6971000000003,-0.828125,-0.953125,7.6953125,0.01171875,-0.06640625,-0.01953125,0.25390625,0.4072265625,-0.7900390625
968.376020,info,IMU,3252.7171000000003,-1.0546875,-0.90625,8.28515625,0.03515625,-0.083984375,-0.021484375,0.25390625,0.408203125,-0.7890625
968.396472,info,IMU,3252.7371000000003,-0.8828125,-1.15234375,7.86328125,0.0234375,-0.017578125,-0.01953125,0.2509765625,0.41015625,-0.7900390625
968.416457,info,IMU,3252.7571000000003,-0.80078125,-1.0859375,8.78125,-0.021484375,-0.04296875,-0.01171875,0.2509765625,0.41015625,-0.7900390625
968.436100,info,IMU,3252.7771000000002,-0.5703125,-0.61328125,9.88671875,-0.029296875,-0.05078125,-0.015625,0.2509765625,0.412109375,-0.791015625
968.456341,info,IMU,3252.7971000000002,-0.296875,-0.67578125,9.05859375,-0.029296875,-0.021484375,-0.017578125,0.2470703125,0.4091796875,-0.7890625
968.475899,info,IMU,3252.8171,-0.41796875,-0.50390625,9.80078125,0.064453125,-0.072265625,-0.02734375,0.2451171875,0.41015625,-0.7919921875
968.496131,info,IMU,3252.8371,-0.9375,-0.8984375,8.5,-0.029296875,-0.009765625,-0.021484375,0.2470703125,0.4072265625,-0.791015625
968.516350,info,IMU,3252.8571,-0.7265625,-0.94140625,9.27734375,0.07421875,-0.05078125,-0.03125,0.248046875,0.412109375,-0.7919921875
968.535939,info,IMU,3252.8771,-0.41015625,-0.96484375,9.65234375,-0.05078125,-0.015625,-0.0234375,0.2451171875,0.408203125,-0.791015625
968.556151,info,IMU,3252.8971,-0.359375,-0.859375,9.55859375,0.095703125,-0.0625,-0.03125,0.244140625,0.40625,-0.7939453125
968.576384,info,IMU,3252.9171,-0.703125,-0.8203125,10.37890625,-0.013671875,-0.033203125,-0.03125,0.240234375,0.40625,-0.791015625
968.596186,info,IMU,3252.9371,-0.66015625,-0.66015625,8.34375,0.123046875,-0.083984375,-0.03515625,0.2412109375,0.40625,-0.79296875
968.616280,info,IMU,3252.9571,-0.8359375,-0.7578125,9.5859375,0.009765625,-0.076171875,-0.037109375,0.2421875,0.4072265625,-0.796875
968.636813,info,IMU,3252.9771,-0.98046875,-0.87109375,7.2734375,0.134765625,-0.095703125,-0.0390625,0.2392578125,0.404296875,-0.794921875
968.656064,info,IMU,3252.9971,-0.984375,-0.55078125,9.875,0.052734375,-0.021484375,-0.0390625,0.236328125,0.400390625,-0.79296875
968.676255,info,IMU,3253.0171,-0.83984375,-0.8046875,7.71875,0.08203125,-0.021484375,-0.0390625,0.236328125,0.400390625,-0.796875
968.696594,info,IMU,3253.0371,-0.8203125,-0.484375,9.66796875,0.03515625,-0.0390625,-0.04296875,0.234375,0.3994140625,-0.796875
968.716133,info,IMU,3253.0571,-0.609375,-0.73828125,8.65625,0.041015625,0.01171875,-0.04296875,0.2333984375,0.400390625,-0.7978515625
968.736364,info,IMU,3253.0771,-0.5,-0.5859375,10.42578125,0.076171875,0.0078125,-0.04296875,0.2314453125,0.3994140625,-0.7958984375
968.755949,info,IMU,3253.0971,-0.58203125,-0.51953125,9.60546875,0.052734375,-0.0078125,-0.04296875,0.2314453125,0.396484375,-0.7998046875
968.776152,info,IMU,3253.1171,-0.4609375,-0.71484375,10.28515625,0.033203125,-0.017578125,-0.044921875,0.2314453125,0.3955078125,-0.802734375
968.796401,info,IMU,3253.1371,-0.296875,-0.75390625,9.7890625,0.03125,0.001953125,-0.04296875,0.228515625,0.3974609375,-0.7998046875
968.815990,info,IMU,3253.1571,-0.3203125,-0.6953125,10.984375,0.029296875,-0.0859375,-0.052734375,0.228515625,0.39453125,-0.802734375
968.836204,info,IMU,3253.1771,-0.1875,-0.89453125,10.5625,0.01953125,-0.00390625,-0.04296875,0.228515625,0.3955078125,-0.8037109375
968.856426,info,IMU,3253.1971000000003,-0.27734375,-0.6953125,11.3046875,0.044921875,-0.14453125,-0.046875,0.2236328125,0.3935546875,-0.802734375
968.876046,info,IMU,3253.2171000000003,-0.24609375,-0.6328125,10.2890625,0.05078125,-0.09375,-0.037109375,0.2236328125,0.392578125,-0.798828125
968.896264,info,IMU,3253.2371000000003,-0.35546875,-0.87109375,9.46484375,0.111328125,-0.142578125,-0.04296875,0.2216796875,0.392578125,-0.8017578125
968.916465,info,IMU,3253.2571000000003,-0.58984375,-0.4140625,10.69921875,0.021484375,-0.0859375,-0.03515625,0.2197265625,0.3876953125,-0.8037109375
968.936099,info,IMU,3253.2771000000002,-0.828125,-0.52734375,9.08203125,0.0078125,-0.0859375,-0.0390625,0.220703125,0.3896484375,-0.8037109375
968.956344,info,IMU,3253.2971000000002,-0.9921875,-0.55859375,9.6328125,-0.009765625,-0.03125,-0.044921875,0.220703125,0.392578125,-0.8037109375
968.975896,info,IMU,3253.3171,-0.64453125,-0.53515625,9.44921875,-0.04296875,0.04296875,-0.0390625,0.216796875,0.390625,-0.8046875
968.996116,info,IMU,3253.3371,-0.43359375,-0.54296875,10.53125,-0.021484375,0.056640625,-0.033203125,0.21875,0.3935546875,-0.8037109375
969.018240,info,IMU,3253.3571,-0.47265625,-0.47265625,11.34765625,-0.083984375,0.041015625,-0.037109375,0.21484375,0.3916015625,-0.8037109375
969.035983,info,IMU,3253.3771,-0.26953125,-0.8203125,10.625,-0.07421875,0.0234375,-0.037109375,0.21484375,0.3916015625,-0.8037109375
969.056204,info,IMU,3253.3971,-0.3125,-0.84375,10.9375,-0.044921875,-0.037109375,-0.03125,0.2158203125,0.392578125,-0.802734375
969.076431,info,IMU,3253.4171,-0.4609375,-1.17578125,10.78515625,-0.103515625,-0.01171875,-0.029296875,0.2138671875,0.39453125,-0.802734375
969.096030,info,IMU,3253.4371,-0.0703125,-0.76171875,11.51953125,-0.068359375,-0.052734375,-0.0234375,0.2119140625,0.3955078125,-0.8017578125
969.124779,info,IMU,3253.4571,-0.33203125,-0.68359375,11.6328125,-0.087890625,-0.072265625,-0.01953125,0.2109375,0.39453125,-0.80078125
969.136473,info,IMU,3253.4771,-0.44140625,-0.5859375,10.51171875,-0.046875,-0.05859375,-0.021484375,0.21484375,0.400390625,-0.796875
969.156131,info,IMU,3253.4971,-0.4765625,-0.37890625,10.375,-0.041015625,-0.095703125,-0.029296875,0.2109375,0.400390625,-0.8017578125
969.176283,info,IMU,3253.5171,-0.70703125,-0.5390625,9.9296875,-0.087890625,-0.013671875,-0.021484375,0.2109375,0.4013671875,-0.798828125
969.196147,info,IMU,3253.5371,-1.0546875,-0.3828125,9.2578125,-0.103515625,-0.017578125,-0.017578125,0.2119140625,0.4033203125,-0.7978515625
969.216139,info,IMU,3253.5571,-1.01171875,-0.50390625,10.36328125,-0.109375,0.064453125,-0.021484375,0.2119140625,0.40625,-0.798828125
969.236365,info,IMU,3253.5771,-0.5390625,-0.8203125,8.8828125,-0.1328125,0.068359375,-0.01953125,0.2099609375,0.4072265625,-0.7978515625
969.255952,info,IMU,3253.5971,-0.53125,-0.88671875,10.91796875,-0.130859375,0.052734375,-0.01171875,0.2060546875,0.41015625,-0.7978515625
969.276182,info,IMU,3253.6171,-0.54296875,-0.92578125,10.30078125,-0.16015625,0.056640625,-0.01171875,0.2080078125,0.412109375,-0.7919921875
969.296389,info,IMU,3253.6371,-0.48828125,-0.859375,11.65234375,-0.1640625,-0.01171875,-0.017578125,0.208984375,0.4140625,-0.7939453125
969.316019,info,IMU,3253.6571,-0.6171875,-1.2421875,10.71484375,-0.19140625,0.001953125,-0.0078125,0.205078125,0.41796875,-0.7939453125
969.336246,info,IMU,3253.6771,-0.453125,-1.13671875,10.8671875,-0.095703125,-0.048828125,-0.0078125,0.2080078125,0.419921875,-0.796875
969.356486,info,IMU,3253.6971000000003,-0.2421875,-1.0859375,11.93359375,-0.130859375,-0.04296875,-0,0.2080078125,0.419921875,-0.79296875
969.376094,info,IMU,3253.7171000000003,-0.36328125,-1.37109375,10.953125,-0.072265625,-0.091796875,-0,0.205078125,0.4248046875,-0.7900390625
969.396290,info,IMU,3253.7371000000003,-0.58203125,-1.30859375,10.3671875,-0.037109375,-0.15625,-0.00390625,0.2060546875,0.427734375,-0.7880859375
969.415877,info,IMU,3253.7571000000003,-0.83984375,-1.32421875,9.9296875,-0.09375,-0.126953125,-0.001953125,0.201171875,0.4306640625,-0.7890625
969.436124,info,IMU,3253.7771000000002,-0.75390625,-1.15625,10.06640625,-0.05859375,-0.0859375,-0,0.2041015625,0.4296875,-0.7880859375
969.456353,info,IMU,3253.7971000000002,-0.40625,-1.046875,9.86328125,-0.08203125,-0.068359375,0.001953125,0.203125,0.4326171875,-0.7880859375
969.475935,info,IMU,3253.8171,-0.50390625,-1.01171875,9.92578125,-0.01953125,-0.103515625,0.0078125,0.19921875,0.43359375,-0.7841796875
969.496339,info,IMU,3253.8371,-0.359375,-1.00390625,8.73046875,-0.048828125,-0.041015625,0.001953125,0.19921875,0.43359375,-0.78515625
969.516377,info,IMU,3253.8571,-0.36328125,-1.23046875,10.80078125,-0.056640625,0.0078125,-0.00390625,0.2001953125,0.435546875,-0.7861328125
969.535981,info,IMU,3253.8771,-0.7109375,-1.5859375,9.03515625,-0.04296875,-0.048828125,0.005859375,0.1982421875,0.4365234375,-0.7841796875
969.556218,info,IMU,3253.8971,-0.4296875,-1.16015625,10.62109375,-0.015625,-0.03125,0.005859375,0.2001953125,0.4384765625,-0.7861328125
969.576435,info,IMU,3253.9171,-0.16015625,-1.36328125,8.734375,-0.107421875,-0.03125,0.009765625,0.1962890625,0.4375,-0.78515625
969.596066,info,IMU,3253.9371,-0.3984375,-1.30859375,10.0234375,-0.064453125,-0.03515625,0.013671875,0.1953125,0.4365234375,-0.783203125
969.616288,info,IMU,3253.9571,-0.29296875,-1.7109375,10.859375,-0.04296875,0.0625,0.00390625,0.19140625,0.4365234375,-0.783203125
969.635890,info,IMU,3253.9771,-0.1875,-0.8984375,11.55078125,0.05859375,-0.046875,-0.00390625,0.1943359375,0.4375,-0.78515625
969.656117,info,IMU,3253.9971,-0.33984375,-1.10546875,10.125,0.11328125,-0.076171875,-0,0.1943359375,0.4384765625,-0.7841796875
969.676349,info,IMU,3254.0171,-0.546875,-1.484375,9.5234375,0.080078125,-0.04296875,0.0078125,0.193359375,0.4384765625,-0.787109375
969.695945,info,IMU,3254.0371,-0.9140625,-0.7421875,9.4921875,0.068359375,-0.0546875,0.01171875,0.193359375,0.4345703125,-0.78515625
969.716349,info,IMU,3254.0571,-0.71484375,-1.24609375,9.640625,0.03515625,0.060546875,0.001953125,0.1953125,0.43359375,-0.7841796875
969.736394,info,IMU,3254.0771,-0.296875,-1.015625,10.66796875,0.046875,0.03125,-0,0.1923828125,0.4345703125,-0.7880859375
969.755986,info,IMU,3254.0971,-0.5546875,-1.45703125,8.82421875,-0.00390625,-0,0.009765625,0.19140625,0.4345703125,-0.78515625
969.776213,info,IMU,3254.1171,-0.80859375,-1.484375,10.5234375,0.0625,-0,-0,0.1953125,0.4306640625,-0.7880859375
969.796430,info,IMU,3254.1371,-0.43359375,-1.2265625,9.2734375,0.0390625,0.05859375,0.0078125,0.193359375,0.4306640625,-0.7880859375
969.816072,info,IMU,3254.1571,-0.3828125,-0.9921875,10.6875,0.158203125,0.033203125,0.005859375,0.1953125,0.4296875,-0.7890625
969.836297,info,IMU,3254.1771,-0.6328125,-1.10546875,10.1640625,-0.01171875,0.0390625,0.009765625,0.193359375,0.42578125,-0.7890625
969.855873,info,IMU,3254.1971000000003,-0.64453125,-0.8046875,8.078125,0.17578125,-0.056640625,-0,0.1962890625,0.4248046875,-0.791015625
969.876130,info,IMU,3254.2171000000003,-0.828125,-1.171875,10.9765625,-0.00390625,0.06640625,0.001953125,0.1962890625,0.4228515625,-0.791015625
969.896342,info,IMU,3254.2371000000003,-0.62109375,-0.6796875,6.92578125,0.25390625,-0.095703125,0.01171875,0.1953125,0.4169921875,-0.7919921875
969.916105,info,IMU,3254.2571000000003,-1.47265625,-0.83203125,10.5078125,0.099609375,-0.015625,0.009765625,0.1943359375,0.4169921875,-0.7958984375
969.936161,info,IMU,3254.2771000000002,-0.73046875,-1.30078125,5.49609375,0.166015625,0.017578125,0.009765625,0.1962890625,0.41796875,-0.796875
969.956403,info,IMU,3254.2971000000002,-0.51953125,-0.453125,11.1796875,0.123046875,-0.00390625,0.001953125,0.197265625,0.4130859375,-0.794921875
969.975969,info,IMU,3254.3171,-0.86328125,-1.1484375,6.9453125,0.115234375,0.025390625,0.00390625,0.1982421875,0.4130859375,-0.796875
969.996213,info,IMU,3254.3371,-0.6796875,-0.6015625,10.75,0.076171875,0.0078125,0.0078125,0.197265625,0.40625,-0.7958984375
970.016428,info,IMU,3254.3571,-0.54296875,-0.47265625,8.1875,0.119140625,0.025390625,0.005859375,0.1982421875,0.40625,-0.7978515625
970.036071,info,IMU,3254.3771,-1.2265625,-0.9921875,10.51171875,0.103515625,0.060546875,0.0078125,0.19921875,0.40234375,-0.7958984375
970.056434,info,IMU,3254.3971,-0.87109375,-1.24609375,8.1015625,0.15625,-0.001953125,0.00390625,0.2001953125,0.4013671875,-0.798828125
970.075872,info,IMU,3254.4171,-0.6796875,-1.078125,11.19140625,0.046875,0.0703125,-0.001953125,0.19921875,0.3994140625,-0.80078125
970.096343,info,IMU,3254.4371,-0.38671875,-1.69140625,8.0546875,0.134765625,0.00390625,-0,0.203125,0.3955078125,-0.8046875
970.116373,info,IMU,3254.4571,-0.65234375,-0.72265625,12.2421875,0.015625,0.076171875,0.001953125,0.1962890625,0.39453125,-0.8037109375
970.135921,info,IMU,3254.4771,-0.40625,-1.3046875,7.5078125,0.064453125,0.00390625,0.0078125,0.1982421875,0.3935546875,-0.802734375
970.156149,info,IMU,3254.4971,-0.6796875,-0.796875,11.94921875,0.1015625,-0.02734375,-0,0.19921875,0.388671875,-0.8046875
970.176381,info,IMU,3254.5171,-0.7890625,-1.55859375,7.01953125,0.009765625,-0.021484375,-0.00390625,0.19921875,0.38671875,-0.8046875
970.196008,info,IMU,3254.5371,-0.76171875,-1.69140625,10.35546875,0.158203125,-0.04296875,-0.001953125,0.2021484375,0.384765625,-0.8056640625
970.216188,info,IMU,3254.5571,-0.69140625,-1.69921875,8.38671875,0.044921875,-0.025390625,0.005859375,0.1982421875,0.380859375,-0.80859375
970.236418,info,IMU,3254.5771,-0.96875,-1.5859375,9.94921875,0.166015625,-0.111328125,-0,0.19921875,0.37890625,-0.8115234375
970.256088,info,IMU,3254.5971,-0.93359375,-1.42578125,9.7421875,0.146484375,-0.03515625,-0.005859375,0.197265625,0.3779296875,-0.8095703125
970.276256,info,IMU,3254.6171,-0.375,-0.97265625,8.15234375,0.107421875,-0.046875,-0.00390625,0.1953125,0.3759765625,-0.8095703125
970.296615,info,IMU,3254.6371,-0.9375,-1.578125,10.9140625,0.083984375,-0.0703125,-0.0078125,0.1943359375,0.3720703125,-0.810546875
970.316148,info,IMU,3254.6571,-0.59375,-1.55859375,9.19921875,0.078125,-0.0078125,-0.009765625,0.1962890625,0.373046875,-0.810546875
970.336292,info,IMU,3254.6771,-0.1875,-1.20703125,9.6328125,0.076171875,0.015625,-0.009765625,0.1943359375,0.37109375,-0.81640625
970.355909,info,IMU,3254.6971000000003,-0.64453125,-1.015625,11.24609375,0.171875,-0.044921875,-0.01171875,0.193359375,0.369140625,-0.8154296875
970.376145,info,IMU,3254.7171000000003,-0.7109375,-0.90234375,9.92578125,0.00390625,0.037109375,-0.005859375,0.1884765625,0.3671875,-0.8154296875
970.396398,info,IMU,3254.7371000000003,-0.6875,-1.10546875,7.0859375,0.1171875,-0.0078125,-0.013671875,0.189453125,0.3671875,-0.81640625
970.415986,info,IMU,3254.7571000000003,-0.91015625,-0.6875,11.2734375,0.0234375,-0.06640625,-0.0234375,0.193359375,0.3671875,-0.81640625
970.436225,info,IMU,3254.7771000000002,-0.75,-1.46875,7.18359375,0.001953125,-0.0390625,-0.015625,0.1904296875,0.36328125,-0.81640625
970.456411,info,IMU,3254.7971000000002,-1.1875,-0.7578125,9.0390625,0.08984375,-0.078125,-0.01953125,0.1923828125,0.36328125,-0.8154296875
970.476034,info,IMU,3254.8171,-0.65234375,-0.86328125,8.1875,-0.05859375,-0.056640625,-0.015625,0.19140625,0.365234375,-0.818359375
970.496234,info,IMU,3254.8371,-0.48046875,-1.07421875,8.78515625,-0.013671875,0.00390625,-0.00390625,0.19140625,0.365234375,-0.818359375
970.516601,info,IMU,3254.8571,-0.3828125,-0.84765625,8.296875,0.00390625,-0.064453125,-0.017578125,0.189453125,0.3662109375,-0.8203125
970.536367,info,IMU,3254.8771,-0.5390625,-1.04296875,10.38671875,-0.0546875,-0.044921875,-0.025390625,0.1884765625,0.3662109375,-0.81640625
970.556309,info,IMU,3254.8971,-0.96484375,-1.36328125,8.17578125,-0.0625,-0.087890625,-0.017578125,0.1875,0.365234375,-0.8173828125
970.575882,info,IMU,3254.9171,-0.984375,-0.6328125,10.91015625,-0.07421875,-0.021484375,-0.01953125,0.1884765625,0.3671875,-0.81640625
970.596172,info,IMU,3254.9371,-0.46484375,-1.31640625,9.265625,-0.169921875,0.02734375,-0.013671875,0.1875,0.369140625,-0.8173828125
970.616346,info,IMU,3254.9571,-0.00390625,-0.67578125,11.5859375,-0.09765625,-0.033203125,-0.009765625,0.1875,0.3701171875,-0.8193359375
970.636784,info,IMU,3254.9771,-0.125,-0.58984375,10.19140625,-0.16796875,0.078125,-0.01953125,0.1875,0.375,-0.8173828125
970.656169,info,IMU,3254.9971,-0.5859375,-1.01171875,10.734375,-0.158203125,0.005859375,-0.02734375,0.1845703125,0.3740234375,-0.8154296875
970.676389,info,IMU,3255.0171,-0.83203125,-1.46484375,10,-0.208984375,-0.01171875,-0.0234375,0.1875,0.3759765625,-0.8115234375
970.696005,info,IMU,3255.0371,-0.5078125,-1.32421875,10.77734375,-0.166015625,0.017578125,-0.017578125,0.18359375,0.3779296875,-0.8134765625
970.717139,info,IMU,3255.0571,-0.33203125,-0.55859375,11.0703125,-0.171875,-0.060546875,-0.009765625,0.185546875,0.3818359375,-0.8134765625
970.736488,info,IMU,3255.0771,-0.62890625,-0.7734375,9.3359375,-0.125,-0.0390625,-0.021484375,0.1875,0.384765625,-0.8095703125
970.756202,info,IMU,3255.0971,-0.50390625,-1.05859375,9.87109375,-0.17578125,-0.05859375,-0.0234375,0.185546875,0.3876953125,-0.8076171875
970.776271,info,IMU,3255.1171,-0.7578125,-0.96875,8.7890625,-0.119140625,-0.087890625,-0.017578125,0.185546875,0.3916015625,-0.8076171875
970.795879,info,IMU,3255.1371,-1.17578125,-1.078125,9.640625,-0.1640625,0.064453125,-0.021484375,0.1865234375,0.3935546875,-0.8056640625
970.816125,info,IMU,3255.1571,-0.8515625,-1.1796875,9.41796875,-0.15234375,0.025390625,-0.021484375,0.1845703125,0.3994140625,-0.8037109375
970.836372,info,IMU,3255.1771,-0.42578125,-1.12890625,10.625,-0.21875,0.0859375,-0.013671875,0.181640625,0.4033203125,-0.802734375
970.855962,info,IMU,3255.1971000000003,0.08984375,-1.26953125,11.12109375,-0.21484375,0.099609375,-0.01953125,0.18359375,0.4033203125,-0.8017578125
970.876157,info,IMU,3255.2171000000003,0.10546875,-1.14453125,11.7890625,-0.154296875,0.08203125,-0.015625,0.1884765625,0.40625,-0.80078125
970.896389,info,IMU,3255.2371000000003,0.03515625,-0.84375,9.76171875,-0.11328125,-0.041015625,-0.033203125,0.1845703125,0.412109375,-0.796875
970.915980,info,IMU,3255.2571000000003,-0.65234375,-1.51953125,10.4609375,-0.19140625,-0.02734375,-0.01953125,0.1845703125,0.412109375,-0.796875
970.936227,info,IMU,3255.2771000000002,-0.703125,-1.1484375,8.21484375,-0.171875,-0.021484375,-0.0234375,0.189453125,0.416015625,-0.794921875
970.956429,info,IMU,3255.2971000000002,-1.0546875,-1.15234375,10.77734375,-0.203125,0.08984375,-0.029296875,0.1875,0.4189453125,-0.79296875
970.976058,info,IMU,3255.3171,-0.671875,-1.05078125,7.58984375,-0.0546875,0.08203125,-0.02734375,0.1875,0.421875,-0.79296875
970.996240,info,IMU,3255.3371,-0.53515625,-1.25390625,10.015625,-0.15234375,0.134765625,-0.033203125,0.1884765625,0.4267578125,-0.79296875
971.015887,info,IMU,3255.3571,-0.67578125,-1.32421875,7.87109375,-0.0625,0.044921875,-0.02734375,0.1904296875,0.427734375,-0.7919921875
971.036116,info,IMU,3255.3771,-0.984375,-1.3359375,9.6875,-0.1015625,0.068359375,-0.033203125,0.189453125,0.4306640625,-0.7890625
971.056354,info,IMU,3255.3971,-0.87109375,-1.42578125,7.64453125,-0.080078125,0.04296875,-0.029296875,0.1904296875,0.43359375,-0.787109375
971.075950,info,IMU,3255.4171,-0.95703125,-1.25390625,9.39453125,-0.150390625,0.06640625,-0.025390625,0.1943359375,0.4345703125,-0.787109375
971.096184,info,IMU,3255.4371,-0.66796875,-1.38671875,7.4765625,-0.078125,0.162109375,-0.03515625,0.1943359375,0.435546875,-0.787109375
971.116381,info,IMU,3255.4571,-0.921875,-1.3359375,9.734375,-0.107421875,0.11328125,-0.03515625,0.1943359375,0.4375,-0.78515625
971.135989,info,IMU,3255.4771,-0.88671875,-1.60546875,7.62109375,-0.08203125,0.091796875,-0.0390625,0.1953125,0.439453125,-0.783203125
971.156203,info,IMU,3255.4971,-0.7578125,-1.4765625,8.47265625,-0.060546875,0.103515625,-0.046875,0.19921875,0.44140625,-0.7841796875
971.176423,info,IMU,3255.5171,-1.01953125,-1.33203125,7.27734375,-0.08203125,0.056640625,-0.033203125,0.2041015625,0.4404296875,-0.78125
971.196055,info,IMU,3255.5371,-0.9921875,-1.1640625,8.46875,-0.126953125,0.12109375,-0.03515625,0.2021484375,0.4423828125,-0.7802734375
971.216259,info,IMU,3255.5571,-0.5,-1.6328125,6.515625,-0.037109375,0.138671875,-0.04296875,0.2060546875,0.44140625,-0.7802734375
971.235881,info,IMU,3255.5771,-0.7265625,-1.48828125,8.88671875,-0.03515625,0.0859375,-0.048828125,0.2060546875,0.443359375,-0.7802734375
971.256130,info,IMU,3255.5971,-0.84765625,-2.109375,6.7265625,-0.0625,0.0859375,-0.041015625,0.2080078125,0.4443359375,-0.779296875
971.276314,info,IMU,3255.6171,-0.9140625,-1.7890625,8,0.0390625,0.08203125,-0.05078125,0.208984375,0.4443359375,-0.779296875
971.296169,info,IMU,3255.6371,-0.93359375,-1.71875,7.3046875,-0.064453125,0.08984375,-0.0390625,0.2099609375,0.4453125,-0.7802734375
971.316148,info,IMU,3255.6571,-0.4140625,-2,7.35546875,0.033203125,0.044921875,-0.03515625,0.212890625,0.4462890625,-0.7783203125
971.336408,info,IMU,3255.6771,-0.37109375,-1.13671875,8.73828125,0.041015625,0.07421875,-0.03515625,0.216796875,0.443359375,-0.7802734375
971.355976,info,IMU,3255.6971000000003,-0.68359375,-1.8828125,6.52734375,-0.017578125,-0,-0.04296875,0.216796875,0.4462890625,-0.779296875
971.376195,info,IMU,3255.7171000000003,-0.73046875,-2.21484375,9.6484375,0.068359375,0.109375,-0.046875,0.21875,0.4443359375,-0.779296875
971.396464,info,IMU,3255.7371000000003,-0.44140625,-1.53515625,9.4609375,0.021484375,0.0625,-0.03515625,0.220703125,0.4423828125,-0.78125
971.416034,info,IMU,3255.7571000000003,-0.59765625,-2.41796875,10.078125,0.083984375,0.029296875,-0.021484375,0.2216796875,0.4423828125,-0.779296875
971.436323,info,IMU,3255.7771000000002,-0.83984375,-2,9.64453125,0.1171875,-0.005859375,-0.0390625,0.2236328125,0.4404296875,-0.7802734375
971.455845,info,IMU,3255.7971000000002,-0.20703125,-1.63671875,11.10546875,0.033203125,0.123046875,-0.033203125,0.2216796875,0.439453125,-0.7802734375
971.476112,info,IMU,3255.8171,-0.046875,-1.87109375,8.4609375,0.12890625,0.07421875,-0.03125,0.220703125,0.439453125,-0.78125
971.496312,info,IMU,3255.8371,-0.6328125,-1.62109375,11.55078125,0.126953125,0.056640625,-0.033203125,0.2216796875,0.4365234375,-0.78125
971.515948,info,IMU,3255.8571,-0.48828125,-2.16015625,7.2890625,0.091796875,0.0859375,-0.029296875,0.2255859375,0.43359375,-0.78125
971.536145,info,IMU,3255.8771,-0.9609375,-1.8984375,9.9609375,0.095703125,-0.0078125,-0.025390625,0.22265625,0.4326171875,-0.783203125
971.556365,info,IMU,3255.8971,-0.765625,-2.03515625,8.65625,0.1171875,0.109375,-0.015625,0.2236328125,0.431640625,-0.783203125
971.575961,info,IMU,3255.9171,-0.5546875,-1.72265625,7.1796875,0.09765625,-0.056640625,-0.015625,0.224609375,0.4287109375,-0.78515625
971.596365,info,IMU,3255.9371,-1.0625,-1.96484375,9.3828125,0.158203125,-0.025390625,-0.01953125,0.2255859375,0.4287109375,-0.7880859375
971.616415,info,IMU,3255.9571,-0.1015625,-1.828125,7.171875,0.046875,0.04296875,-0.01171875,0.2216796875,0.4228515625,-0.787109375
971.636031,info,IMU,3255.9771,-0.36328125,-2.3046875,7.35546875,0.158203125,-0.1484375,-0.009765625,0.2255859375,0.419921875,-0.787109375
971.656235,info,IMU,3255.9971,-0.8984375,-2.1640625,11.1640625,0.189453125,-0.029296875,-0.00390625,0.2216796875,0.4189453125,-0.7919921875
971.675842,info,IMU,3256.0171,-0.24609375,-1.68359375,5.33203125,0.12890625,0.0390625,0.00390625,0.22265625,0.4169921875,-0.7919921875
971.696105,info,IMU,3256.0371,-0.4375,-1.77734375,8.74609375,0.21484375,-0.119140625,0.001953125,0.2236328125,0.4130859375,-0.7939453125
971.716330,info,IMU,3256.0571,-0.625,-2.2578125,10.51953125,0.111328125,-0.0234375,0.009765625,0.220703125,0.4140625,-0.794921875
971.735906,info,IMU,3256.0771,-0.08203125,-2.00390625,8.34765625,0.181640625,-0.01953125,0.01171875,0.2197265625,0.4072265625,-0.7958984375
971.756130,info,IMU,3256.0971,-0.22265625,-2.03515625,8.55078125,0.205078125,-0.130859375,0.015625,0.21875,0.404296875,-0.7958984375
971.776357,info,IMU,3256.1171,-0.453125,-2.5234375,10.57421875,0.15234375,-0.115234375,0.0234375,0.2197265625,0.400390625,-0.798828125
971.795974,info,IMU,3256.1371,-0.25390625,-1.71875,9.01953125,0.21484375,-0.064453125,0.033203125,0.2177734375,0.3984375,-0.80078125
971.816188,info,IMU,3256.1571,-0.08203125,-1.390625,8.22265625,0.126953125,-0.03125,0.03515625,0.2158203125,0.390625,-0.8037109375
971.836399,info,IMU,3256.1771,-0.48046875,-1.953125,8.765625,0.138671875,-0.09375,0.0390625,0.2138671875,0.390625,-0.8037109375
971.856007,info,IMU,3256.1971000000003,-0.36328125,-2.33984375,12.015625,0.119140625,-0.068359375,0.037109375,0.2109375,0.3876953125,-0.806640625
971.876231,info,IMU,3256.2171000000003,0.17578125,-1.9296875,9.62890625,0.1796875,-0.001953125,0.0546875,0.2109375,0.384765625,-0.8046875
971.896065,info,IMU,3256.2371000000003,0.17578125,-1.4921875,9.65234375,0.119140625,-0.142578125,0.0625,0.2109375,0.380859375,-0.806640625
971.916121,info,IMU,3256.2571000000003,-0.2890625,-2.0078125,10.8359375,0.12109375,-0.150390625,0.0625,0.2109375,0.3779296875,-0.80859375
971.936286,info,IMU,3256.2771000000002,-0.34375,-1.359375,10.9453125,0.1015625,-0.052734375,0.064453125,0.20703125,0.3759765625,-0.8115234375
971.955889,info,IMU,3256.2971000000002,-0.4921875,-1.38671875,9.58984375,0.09765625,-0.041015625,0.0625,0.2080078125,0.3740234375,-0.810546875
971.976115,info,IMU,3256.3171,-0.48046875,-1.26171875,10.2421875,0.08203125,-0.09375,0.064453125,0.2080078125,0.3701171875,-0.814453125
971.996375,info,IMU,3256.3371,-0.828125,-2.30078125,10.76953125,0.044921875,-0.078125,0.0625,0.2060546875,0.3701171875,-0.8125
972.015957,info,IMU,3256.3571,-0.51953125,-1.90625,10.43359375,0.123046875,-0.078125,0.068359375,0.2041015625,0.3681640625,-0.8115234375
972.036166,info,IMU,3256.3771,-0.42578125,-1.0625,11.92578125,-0.001953125,-0.048828125,0.0703125,0.205078125,0.3662109375,-0.8134765625
972.056410,info,IMU,3256.3971,-0.59375,-2.36328125,8.984375,-0.05859375,-0.001953125,0.064453125,0.205078125,0.3662109375,-0.8125
972.075986,info,IMU,3256.4171,-0.50390625,-1.60546875,11.7578125,0.1171875,-0.041015625,0.046875,0.2041015625,0.3671875,-0.814453125
972.096212,info,IMU,3256.4371,-0.40625,-1.6640625,10.8359375,-0.021484375,0.0234375,0.0625,0.205078125,0.365234375,-0.8173828125
972.115840,info,IMU,3256.4571,-0.7421875,-2.15234375,10.91796875,-0.021484375,-0.052734375,0.0625,0.2041015625,0.3662109375,-0.8154296875
972.136102,info,IMU,3256.4771,-0.68359375,-1.6796875,11.59765625,-0.078125,-0.021484375,0.060546875,0.2060546875,0.3681640625,-0.81640625
972.156257,info,IMU,3256.4971,-0.703125,-1.09375,11.4921875,-0.064453125,0.04296875,0.052734375,0.205078125,0.3662109375,-0.81640625
972.175889,info,IMU,3256.5171,-0.43359375,-1.109375,9.23828125,-0.083984375,-0.037109375,0.04296875,0.2060546875,0.3671875,-0.8154296875
972.196252,info,IMU,3256.5371,-0.52734375,-1.78515625,10.66796875,-0.052734375,0.037109375,0.052734375,0.2041015625,0.3701171875,-0.8154296875
972.216365,info,IMU,3256.5571,-1.08984375,-2.21484375,9.9765625,-0.09765625,0.009765625,0.05078125,0.2060546875,0.369140625,-0.8154296875
972.235945,info,IMU,3256.5771,-0.546875,-1.828125,13.16015625,-0.16015625,-0.0078125,0.0390625,0.2060546875,0.3701171875,-0.8115234375
972.256159,info,IMU,3256.5971,-0.46875,-1.12109375,10.5703125,-0.099609375,0.05859375,0.037109375,0.2060546875,0.373046875,-0.8115234375
972.276374,info,IMU,3256.6171,-0.421875,-1.3359375,11.4140625,-0.18359375,-0.03515625,0.03515625,0.2080078125,0.3740234375,-0.8134765625
972.295974,info,IMU,3256.6371,-0.9296875,-1.73046875,9.98828125,-0.142578125,0.041015625,0.029296875,0.2080078125,0.3798828125,-0.8115234375
972.316210,info,IMU,3256.6571,-0.8046875,-1.53515625,10.94921875,-0.1640625,0.0390625,0.021484375,0.208984375,0.3828125,-0.8095703125
972.335848,info,IMU,3256.6771,-1.09375,-1.890625,9.859375,-0.1328125,0.021484375,0.017578125,0.2099609375,0.384765625,-0.806640625
972.356072,info,IMU,3256.6971000000003,-0.7109375,-1.796875,11.33203125,-0.1484375,0.068359375,0.025390625,0.2119140625,0.38671875,-0.806640625
972.376253,info,IMU,3256.7171000000003,-0.953125,-1.859375,10.0078125,-0.1796875,0.0078125,0.021484375,0.2119140625,0.3896484375,-0.8056640625
972.395883,info,IMU,3256.7371000000003,-0.75390625,-1.953125,12.66796875,-0.16015625,0.037109375,0.013671875,0.2099609375,0.39453125,-0.8037109375
972.416141,info,IMU,3256.7571000000003,-0.8984375,-1.375,9.08984375,-0.16015625,0.017578125,0.00390625,0.2138671875,0.396484375,-0.8017578125
972.436343,info,IMU,3256.7771000000002,-1.1484375,-1.95703125,10.8828125,-0.166015625,0.0078125,0.00390625,0.212890625,0.40234375,-0.802734375
972.455939,info,IMU,3256.7971000000002,-1.41015625,-1.69140625,9.7734375,-0.15234375,0.046875,0.00390625,0.21484375,0.4033203125,-0.7978515625
972.476165,info,IMU,3256.8171,-1.328125,-2.0703125,9.56640625,-0.177734375,-0.021484375,0.00390625,0.216796875,0.4091796875,-0.796875
972.496359,info,IMU,3256.8371,-1.3515625,-1.9375,10.171875,-0.123046875,0.02734375,0.00390625,0.21484375,0.412109375,-0.796875
972.515948,info,IMU,3256.8571,-1.34375,-2.06640625,9.15625,-0.1953125,-0.021484375,-0.001953125,0.2177734375,0.4169921875,-0.7939453125
972.536197,info,IMU,3256.8771,-1.0625,-2.23828125,9.8203125,-0.15625,-0.0078125,-0.005859375,0.2158203125,0.4208984375,-0.79296875
972.556413,info,IMU,3256.8971,-1.28125,-2.125,9.5078125,-0.20703125,-0.0234375,-0.00390625,0.216796875,0.423828125,-0.791015625
972.576041,info,IMU,3256.9171,-1.03125,-2.2421875,9.12109375,-0.140625,-0.015625,-0.005859375,0.216796875,0.423828125,-0.7890625
972.596240,info,IMU,3256.9371,-1.3125,-2.15234375,8.55078125,-0.169921875,-0.017578125,-0.00390625,0.2158203125,0.4296875,-0.7861328125
972.615859,info,IMU,3256.9571,-0.9453125,-2.25,9.08203125,-0.126953125,-0.021484375,-0.005859375,0.212890625,0.43359375,-0.7890625
972.636110,info,IMU,3256.9771,-1.015625,-1.87109375,9.3984375,-0.1875,-0.046875,-0.001953125,0.2158203125,0.435546875,-0.7861328125
972.656326,info,IMU,3256.9971,-1.01171875,-2.19140625,8.5703125,-0.083984375,-0.060546875,-0.001953125,0.212890625,0.4384765625,-0.783203125
972.675908,info,IMU,3257.0171,-0.81640625,-1.6171875,9.6953125,-0.205078125,-0.076171875,-0.0078125,0.212890625,0.44140625,-0.783203125
972.696138,info,IMU,3257.0371,-0.6015625,-2.453125,8.31640625,-0.048828125,-0.03515625,-0.005859375,0.2119140625,0.4443359375,-0.783203125
972.716398,info,IMU,3257.0571,-0.80859375,-1.8046875,10.1171875,-0.1328125,-0.09765625,0.001953125,0.20703125,0.4443359375,-0.7802734375
972.736012,info,IMU,3257.0771,-0.70703125,-2.51171875,8.3984375,-0.021484375,-0.03515625,0.0078125,0.208984375,0.4482421875,-0.7802734375
972.756207,info,IMU,3257.0971,-0.43359375,-1.71484375,8.8671875,-0.07421875,-0.05859375,0.001953125,0.20703125,0.4482421875,-0.779296875
972.776398,info,IMU,3257.1171,-0.23828125,-2.33203125,7.125,0.01171875,-0.083984375,-0.001953125,0.2060546875,0.44921875,-0.7783203125
972.796246,info,IMU,3257.1371,-0.21875,-2.1328125,8.61328125,-0.044921875,-0.052734375,0.001953125,0.2041015625,0.4482421875,-0.78125
972.816245,info,IMU,3257.1571,-0.19921875,-2.55859375,6.39453125,0.01953125,-0.0859375,0.0078125,0.2041015625,0.4482421875,-0.7822265625
972.835863,info,IMU,3257.1771,-0.45703125,-2.46484375,9.27734375,0.08984375,-0.021484375,-0,0.2041015625,0.44921875,-0.78125
972.856109,info,IMU,3257.1971000000003,-0.4921875,-2.328125,5.94921875,0.046875,-0.06640625,0.01171875,0.2001953125,0.4482421875,-0.7822265625
972.876297,info,IMU,3257.2171000000003,-0.31640625,-1.9609375,9.78515625,0.126953125,-0.056640625,0.013671875,0.19921875,0.44921875,-0.7822265625
972.895901,info,IMU,3257.2371000000003,-0.359375,-2.1328125,6.23046875,0.07421875,-0.029296875,0.015625,0.1982421875,0.4453125,-0.7802734375
972.916135,info,IMU,3257.2571000000003,-0.3125,-1.86328125,8.7265625,0.17578125,-0.1015625,0.0078125,0.19921875,0.4462890625,-0.7822265625
972.936445,info,IMU,3257.2771000000002,-0.453125,-1.921875,7.6953125,0.103515625,-0.04296875,0.015625,0.1962890625,0.4375,-0.78515625
972.955961,info,IMU,3257.2971000000002,-0.4375,-1.7265625,6.33203125,0.15234375,-0.119140625,0.01171875,0.193359375,0.439453125,-0.78515625
972.976185,info,IMU,3257.3171,0.22265625,-1.89453125,8.18359375,0.119140625,-0.0234375,0.0234375,0.1953125,0.4345703125,-0.7861328125
972.996391,info,IMU,3257.3371,0.3125,-2.1796875,5.50390625,0.142578125,-0.068359375,0.025390625,0.193359375,0.431640625,-0.787109375
973.016019,info,IMU,3257.3571,0.06640625,-2.54296875,9.57421875,0.14453125,-0,0.025390625,0.1943359375,0.427734375,-0.7900390625
973.036245,info,IMU,3257.3771,0.8125,-2.08203125,8.90625,0.138671875,0.072265625,0.029296875,0.193359375,0.42578125,-0.7919921875
973.055856,info,IMU,3257.3971,-0.1953125,-1.77734375,9.8828125,0.216796875,0.001953125,0.02734375,0.1923828125,0.421875,-0.79296875
973.076074,info,IMU,3257.4171,-0.85546875,-2.2421875,8.77734375,0.19140625,0.00390625,0.03515625,0.1943359375,0.41796875,-0.794921875
973.096288,info,IMU,3257.4371,-0.7109375,-1.40234375,10.1328125,0.20703125,-0.0234375,0.03125,0.1923828125,0.4150390625,-0.7939453125
973.115904,info,IMU,3257.4571,0.2734375,-2.5234375,9.0078125,0.126953125,0.021484375,0.041015625,0.1962890625,0.4130859375,-0.7978515625
973.136108,info,IMU,3257.4771,0.20703125,-2.1015625,9.55078125,0.197265625,0.001953125,0.0390625,0.1953125,0.40625,-0.7998046875
973.156365,info,IMU,3257.4971,0.41015625,-2.0859375,10.015625,0.12109375,0.099609375,0.041015625,0.1943359375,0.4033203125,-0.8017578125
973.175939,info,IMU,3257.5171,-0.234375,-2.6171875,9.01171875,0.146484375,0.09765625,0.0390625,0.201171875,0.400390625,-0.80078125
973.196169,info,IMU,3257.5371,-0.5390625,-1.90234375,10.609375,0.1640625,0.1171875,0.037109375,0.197265625,0.400390625,-0.7998046875
973.216384,info,IMU,3257.5571,-0.453125,-1.52734375,10.16015625,0.19921875,0.1484375,0.044921875,0.2021484375,0.3935546875,-0.8046875
973.236035,info,IMU,3257.5771,-0.70703125,-1.49609375,9.62890625,0.091796875,0.087890625,0.052734375,0.205078125,0.3935546875,-0.8046875
973.256272,info,IMU,3257.5971,-0.2890625,-1.92578125,11.6484375,0.080078125,0.138671875,0.04296875,0.208984375,0.3935546875,-0.8046875
973.275838,info,IMU,3257.6171,-0.25,-1.578125,10.71484375,0.015625,0.099609375,0.044921875,0.2109375,0.388671875,-0.8056640625
973.296074,info,IMU,3257.6371,-0.01953125,-1.91796875,11.40234375,0.046875,0.216796875,0.044921875,0.2158203125,0.384765625,-0.8046875
973.316301,info,IMU,3257.6571,0.1015625,-1.58203125,10.47265625,0.048828125,0.197265625,0.046875,0.2177734375,0.3876953125,-0.8046875
973.335892,info,IMU,3257.6771,-0.734375,-1.43359375,11.828125,-0.00390625,0.197265625,0.046875,0.2236328125,0.3857421875,-0.8056640625
973.356135,info,IMU,3257.6971000000003,-0.3984375,-1.41015625,9.53125,0.08203125,0.18359375,0.044921875,0.224609375,0.388671875,-0.802734375
973.376328,info,IMU,3257.7171000000003,-0.1640625,-1.0859375,11.52734375,-0.07421875,0.162109375,0.056640625,0.23046875,0.38671875,-0.802734375
973.396146,info,IMU,3257.7371000000003,-0.24609375,-1.7578125,10.28125,-0.1015625,0.197265625,0.052734375,0.2333984375,0.388671875,-0.802734375
973.416171,info,IMU,3257.7571000000003,-0.4140625,-1.9609375,12.3984375,-0.1328125,0.240234375,0.041015625,0.236328125,0.390625,-0.7998046875
973.436404,info,IMU,3257.7771000000002,-0.3046875,-1.8828125,10.890625,-0.154296875,0.24609375,0.046875,0.2412109375,0.3916015625,-0.7998046875
973.455982,info,IMU,3257.7971000000002,-0.5,-2.2578125,12.33984375,-0.09765625,0.302734375,0.056640625,0.2470703125,0.392578125,-0.8017578125
973.476205,info,IMU,3257.8171,-0.66796875,-1.875,9.48046875,-0.146484375,0.1796875,0.0546875,0.2509765625,0.3935546875,-0.796875
973.495817,info,IMU,3257.8371,-1.0234375,-1.609375,13.046875,-0.125,0.20703125,0.046875,0.2529296875,0.3984375,-0.794921875
973.516091,info,IMU,3257.8571,-0.83984375,-1.5234375,10.8203125,-0.17578125,0.18359375,0.044921875,0.2578125,0.4013671875,-0.7919921875
973.536278,info,IMU,3257.8771,-1.015625,-1.48828125,10.33984375,-0.134765625,0.150390625,0.046875,0.2666015625,0.4072265625,-0.7919921875
973.555883,info,IMU,3257.8971,-0.4765625,-2.15625,10.34375,-0.201171875,0.1875,0.05078125,0.267578125,0.408203125,-0.7900390625
973.576088,info,IMU,3257.9171,-0.1796875,-1.89453125,10.79296875,-0.1875,0.1953125,0.0546875,0.2705078125,0.4091796875,-0.7861328125
973.596380,info,IMU,3257.9371,-1,-2.16796875,11.1484375,-0.173828125,0.21484375,0.05078125,0.279296875,0.4150390625,-0.7861328125
973.615911,info,IMU,3257.9571,-1.13671875,-1.578125,9.6484375,-0.109375,0.109375,0.0390625,0.2783203125,0.416015625,-0.7822265625
973.636155,info,IMU,3257.9771,-1.05859375,-1.7890625,10.6640625,-0.232421875,0.146484375,0.052734375,0.2802734375,0.419921875,-0.779296875
973.656383,info,IMU,3257.9971,-1.05859375,-1.70703125,11.265625,-0.1796875,0.07421875,0.056640625,0.2861328125,0.4248046875,-0.7783203125
973.675971,info,IMU,3258.0171,-0.8984375,-1.9765625,10.66796875,-0.1953125,0.126953125,0.044921875,0.2880859375,0.42578125,-0.7744140625
973.696312,info,IMU,3258.0371,-0.640625,-1.75390625,9.94921875,-0.15234375,0.044921875,0.04296875,0.2900390625,0.431640625,-0.775390625
973.715875,info,IMU,3258.0571,-0.78125,-2.40234375,11.1953125,-0.240234375,0.138671875,0.052734375,0.2939453125,0.4365234375,-0.771484375
973.736493,info,IMU,3258.0771,-1.20703125,-2.171875,8.34375,-0.11328125,0.076171875,0.052734375,0.291015625,0.4365234375,-0.7705078125
973.756319,info,IMU,3258.0971,-1.265625,-1.41796875,10.71875,-0.12109375,0.013671875,0.05078125,0.291015625,0.4384765625,-0.76953125
973.775859,info,IMU,3258.1171,-1.1171875,-1.37109375,8.1640625,-0.130859375,0.001953125,0.048828125,0.2958984375,0.443359375,-0.767578125
973.796212,info,IMU,3258.1371,-1.3984375,-1.69140625,8.65625,-0.130859375,-0.052734375,0.05078125,0.2958984375,0.443359375,-0.7646484375
973.816348,info,IMU,3258.1571,-0.95703125,-1.44921875,8.75,-0.189453125,-0.095703125,0.048828125,0.2939453125,0.4482421875,-0.765625
973.835951,info,IMU,3258.1771,-1.08984375,-2.1328125,9.3125,-0.15234375,-0.064453125,0.048828125,0.294921875,0.44921875,-0.7626953125
973.856152,info,IMU,3258.1971000000003,-0.52734375,-1.81640625,8.89453125,-0.13671875,-0.05859375,0.05078125,0.29296875,0.4521484375,-0.763671875
973.876380,info,IMU,3258.2171000000003,-1.15234375,-1.67578125,8.4296875,-0.091796875,-0.08984375,0.05078125,0.2939453125,0.453125,-0.763671875
973.895946,info,IMU,3258.2371000000003,-0.91015625,-2.33203125,8.98828125,-0.08984375,-0.068359375,0.048828125,0.2900390625,0.4560546875,-0.76171875
973.916320,info,IMU,3258.2571000000003,-1.24609375,-1.94140625,7.33984375,0.029296875,-0.203125,0.041015625,0.2919921875,0.4560546875,-0.7626953125
973.935827,info,IMU,3258.2771000000002,-0.84765625,-1.85546875,9.5078125,-0.0546875,-0.205078125,0.05078125,0.291015625,0.4580078125,-0.76171875
973.956033,info,IMU,3258.2971000000002,-0.8046875,-1.578125,8.03515625,-0.125,-0.216796875,0.052734375,0.2861328125,0.4560546875,-0.7626953125
973.976265,info,IMU,3258.3171,-0.35546875,-1.98046875,11.68359375,0.0390625,-0.185546875,0.044921875,0.28515625,0.45703125,-0.76171875
973.996070,info,IMU,3258.3371,0.1015625,-1.515625,9.21875,-0.09375,-0.06640625,0.04296875,0.2802734375,0.45703125,-0.759765625
974.016098,info,IMU,3258.3571,-0.80078125,-2.13671875,8.33203125,0.119140625,-0.201171875,0.029296875,0.279296875,0.458984375,-0.7626953125
974.036304,info,IMU,3258.3771,-0.83203125,-1.84375,11.69140625,-0.041015625,-0.1171875,0.0390625,0.2744140625,0.4541015625,-0.7646484375
974.055959,info,IMU,3258.3971,-0.75,-1.37109375,7.76171875,-0.025390625,-0.1328125,0.041015625,0.2724609375,0.458984375,-0.763671875
974.076131,info,IMU,3258.4171,-1.50390625,-1.92578125,10.51171875,0.109375,-0.23046875,0.017578125,0.2734375,0.45703125,-0.7646484375
974.096400,info,IMU,3258.4371,-0.24609375,-1.45703125,9.16015625,-0.048828125,-0.1171875,0.017578125,0.267578125,0.455078125,-0.7666015625
974.115964,info,IMU,3258.4571,0.0703125,-1.5390625,7.1015625,-0.005859375,-0.16796875,0.033203125,0.2626953125,0.45703125,-0.7666015625
974.136202,info,IMU,3258.4771,-0.3046875,-1.875,10.640625,0.041015625,-0.138671875,0.01953125,0.2607421875,0.45703125,-0.7666015625
974.155817,info,IMU,3258.4971,-0.6640625,-1.7890625,8.49609375,-0.0234375,-0.052734375,0.01171875,0.2607421875,0.455078125,-0.7666015625
974.176036,info,IMU,3258.5171,-0.83984375,-2.0234375,8.48046875,0.15625,-0.189453125,0.01171875,0.2548828125,0.4541015625,-0.7666015625
974.196237,info,IMU,3258.5371,-0.59375,-0.8515625,9.953125,0.021484375,-0.154296875,0.017578125,0.2529296875,0.455078125,-0.7685546875
974.215906,info,IMU,3258.5571,-0.88671875,-1.78515625,7.41796875,-0.037109375,-0.173828125,0.029296875,0.2509765625,0.453125,-0.7685546875
974.236115,info,IMU,3258.5771,-0.578125,-1.32421875,9.80859375,0.115234375,-0.265625,0.01171875,0.2490234375,0.453125,-0.7705078125
974.256347,info,IMU,3258.5971,-1.046875,-1.3046875,8.515625,-0.068359375,-0.150390625,0.017578125,0.2470703125,0.451171875,-0.7705078125
974.275899,info,IMU,3258.6171,-0.41796875,-1.69140625,8.47265625,-0.01953125,-0.13671875,0.00390625,0.2451171875,0.4521484375,-0.7705078125
974.296196,info,IMU,3258.6371,-0.0859375,-1.41015625,10.07421875,-0.06640625,-0.12109375,-0,0.2412109375,0.453125,-0.771484375
974.316371,info,IMU,3258.6571,-0.58203125,-2.1953125,9.60546875,0.029296875,-0.1015625,0.009765625,0.2421875,0.455078125,-0.771484375
974.335926,info,IMU,3258.6771,-0.79296875,-1.9296875,10.390625,0.0234375,-0.107421875,0.017578125,0.236328125,0.453125,-0.7734375
974.356198,info,IMU,3258.6971000000003,-0.8671875,-1.4453125,9.15234375,0.064453125,-0.166015625,0.001953125,0.236328125,0.451171875,-0.7724609375
974.376383,info,IMU,3258.7171000000003,-0.66015625,-1.78125,9.56640625,-0.05859375,-0.224609375,0.00390625,0.2353515625,0.44921875,-0.7744140625
974.396032,info,IMU,3258.7371000000003,-0.5,-1.61328125,10.5234375,0.07421875,-0.189453125,0.001953125,0.232421875,0.4501953125,-0.7744140625
974.416354,info,IMU,3258.7571000000003,0.1796875,-1.99609375,8.62109375,-0.0546875,-0.123046875,0.015625,0.228515625,0.4501953125,-0.7744140625
974.435863,info,IMU,3258.7771000000002,0.18359375,-2.07421875,9.18359375,0.126953125,-0.140625,0.005859375,0.2255859375,0.4501953125,-0.7744140625
974.456333,info,IMU,3258.7971000000002,0.140625,-2.5078125,10.1796875,-0.0234375,-0.1015625,0.009765625,0.2197265625,0.4482421875,-0.775390625
974.476318,info,IMU,3258.8171,-0.34765625,-1.85546875,7.953125,0.11328125,-0.177734375,0.017578125,0.2158203125,0.4501953125,-0.7763671875
974.495893,info,IMU,3258.8371,-0.72265625,-1.52734375,10.73046875,0.0703125,-0.216796875,0.021484375,0.21484375,0.44921875,-0.7802734375
974.516135,info,IMU,3258.8571,-0.26171875,-1.5625,8.11328125,0.033203125,-0.19140625,0.01953125,0.2109375,0.4453125,-0.779296875
974.536359,info,IMU,3258.8771,0.16015625,-1.78515625,7.79296875,0.087890625,-0.23046875,0.017578125,0.2060546875,0.4453125,-0.7783203125
974.555955,info,IMU,3258.8971,-0.04296875,-2.23828125,8.65234375,0.10546875,-0.1796875,0.021484375,0.2041015625,0.4404296875,-0.7822265625
974.576312,info,IMU,3258.9171,0.08984375,-1.890625,9.56640625,0.052734375,-0.12109375,0.025390625,0.2021484375,0.4384765625,-0.7822265625
974.596356,info,IMU,3258.9371,0.36328125,-1.44921875,9.2265625,0.052734375,-0.11328125,0.03125,0.1982421875,0.4404296875,-0.783203125
974.615992,info,IMU,3258.9571,-0.37890625,-1.765625,10.27734375,0.09765625,-0.140625,0.033203125,0.1962890625,0.4384765625,-0.78515625
974.636240,info,IMU,3258.9771,0.0078125,-1.48828125,10.5390625,0.09765625,-0.1171875,0.03515625,0.1943359375,0.4345703125,-0.7861328125
974.655823,info,IMU,3258.9971,0.77734375,-1.8125,8.67578125,0.0703125,-0.1171875,0.0390625,0.1923828125,0.435546875,-0.7880859375
974.676046,info,IMU,3259.0171,0.046875,-2.078125,11.79296875,0.07421875,-0.138671875,0.044921875,0.1923828125,0.43359375,-0.78515625
974.696308,info,IMU,3259.0371,0.2109375,-2.01171875,10.74609375,0.12890625,-0.009765625,0.0390625,0.1923828125,0.4306640625,-0.791015625
974.716078,info,IMU,3259.0571,0.90234375,-1.62890625,8.7265625,0.017578125,-0.013671875,0.041015625,0.1923828125,0.4306640625,-0.7890625
974.736095,info,IMU,3259.0771,0.58203125,-2.02734375,11.4296875,0.107421875,0.099609375,0.060546875,0.19140625,0.4287109375,-0.7900390625
974.756342,info,IMU,3259.0971,0.26953125,-1.65625,8.08984375,0.119140625,0.09375,0.06640625,0.1943359375,0.42578125,-0.791015625
974.775925,info,IMU,3259.1171,-0.54296875,-1.6328125,9.125,0.072265625,0.029296875,0.048828125,0.1943359375,0.4267578125,-0.7919921875
974.796145,info,IMU,3259.1371,0.32421875,-1.9296875,9.2421875,0.08984375,0.064453125,0.04296875,0.1962890625,0.421875,-0.7900390625
974.816370,info,IMU,3259.1571,0.3671875,-1.53125,6.69921875,0.03515625,0.025390625,0.068359375,0.1962890625,0.4189453125,-0.7939453125
974.835963,info,IMU,3259.1771,-0.62890625,-1.58203125,7.51953125,0.154296875,0.06640625,0.07421875,0.19921875,0.419921875,-0.7919921875
974.856301,info,IMU,3259.1971000000003,0.34375,-1.40625,7.14453125,0.111328125,0.111328125,0.052734375,0.1982421875,0.4150390625,-0.79296875
974.875810,info,IMU,3259.2171000000003,1.12890625,-1.88671875,7.453125,0.080078125,0.17578125,0.0546875,0.20703125,0.4150390625,-0.794921875
974.896245,info,IMU,3259.2371000000003,0.7578125,-2.23828125,9.94140625,0.15234375,0.20703125,0.076171875,0.208984375,0.4111328125,-0.7958984375
974.916289,info,IMU,3259.2571000000003,-0.3828125,-1.609375,8.6171875,0.162109375,0.15234375,0.07421875,0.2099609375,0.41015625,-0.796875
974.935850,info,IMU,3259.2771000000002,-0.45703125,-1.54296875,8.15625,0.126953125,0.13671875,0.064453125,0.21484375,0.408203125,-0.796875
974.956103,info,IMU,3259.2971000000002,0.171875,-1.640625,8.4375,0.1875,0.095703125,0.068359375,0.2216796875,0.404296875,-0.7978515625
974.976322,info,IMU,3259.3171,0.5390625,-1.43359375,9.421875,0.142578125,0.1171875,0.072265625,0.2236328125,0.40234375,-0.798828125
974.995948,info,IMU,3259.3371,0.53125,-1.59375,10.4453125,0.0703125,0.248046875,0.0703125,0.2265625,0.3994140625,-0.7978515625
975.016142,info,IMU,3259.3571,0.65625,-2.0859375,9.3671875,0.13671875,0.349609375,0.0625,0.2314453125,0.3935546875,-0.80078125
975.036356,info,IMU,3259.3771,0.2734375,-1.85546875,10.59765625,0.142578125,0.3671875,0.06640625,0.2373046875,0.3935546875,-0.7998046875
975.055977,info,IMU,3259.3971,-0.7890625,-1.4609375,10.02734375,0.12890625,0.353515625,0.0625,0.2431640625,0.392578125,-0.7998046875
975.076195,info,IMU,3259.4171,-0.95703125,-0.7265625,10.68359375,0.134765625,0.26953125,0.05078125,0.2509765625,0.3876953125,-0.8017578125
975.095840,info,IMU,3259.4371,-1.15234375,-1.484375,7.76171875,0.0546875,0.19921875,0.052734375,0.2548828125,0.384765625,-0.7998046875
975.116050,info,IMU,3259.4571,-1.09375,-1.625,11.36328125,0.044921875,0.25390625,0.052734375,0.259765625,0.384765625,-0.7998046875
975.136296,info,IMU,3259.4771,-0.91015625,-1.234375,8.64453125,-0.046875,0.228515625,0.048828125,0.2685546875,0.380859375,-0.8017578125
975.155902,info,IMU,3259.4971,-0.87109375,-0.8359375,12.1875,-0.005859375,0.25390625,0.02734375,0.2744140625,0.3828125,-0.798828125
975.176080,info,IMU,3259.5171,-0.77734375,-1.27734375,10.921875,-0.099609375,0.259765625,0.0234375,0.27734375,0.3828125,-0.7958984375
975.196566,info,IMU,3259.5371,-0.91796875,-1.08984375,12.30859375,-0.072265625,0.251953125,0.02734375,0.28125,0.3857421875,-0.796875
975.215937,info,IMU,3259.5571,-1.1875,-1.24609375,12.3125,-0.0859375,0.158203125,0.025390625,0.2861328125,0.3837890625,-0.79296875
975.237675,info,IMU,3259.5771,-2.16796875,-0.48828125,11.6640625,-0.15625,-0.05859375,0.009765625,0.287109375,0.3896484375,-0.7939453125
975.256364,info,IMU,3259.5971,-2.03515625,-1.44921875,13.89453125,-0.392578125,0.087890625,-0,0.291015625,0.39453125,-0.7900390625
975.275949,info,IMU,3259.6171,-1.328125,-0.7421875,11.32421875,-0.12890625,-0.0625,-0.009765625,0.291015625,0.3984375,-0.787109375
975.296190,info,IMU,3259.6371,-1.58984375,-0.9609375,13.7265625,-0.3828125,0.05078125,-0.021484375,0.2890625,0.40234375,-0.7890625
975.315795,info,IMU,3259.6571,-0.875,-1.57421875,9.56640625,-0.291015625,-0.0625,-0.03515625,0.2900390625,0.4130859375,-0.7841796875
975.336042,info,IMU,3259.6771,-0.09765625,-1.671875,14.6015625,-0.28125,-0.09765625,-0.025390625,0.2890625,0.416015625,-0.7822265625
975.356222,info,IMU,3259.6971000000003,-0.6796875,-1.3984375,10.28515625,-0.3359375,-0.083984375,-0.005859375,0.287109375,0.4228515625,-0.779296875
975.375821,info,IMU,3259.7171000000003,-2.18359375,-1.7109375,11.359375,-0.3125,-0.146484375,-0.044921875,0.2861328125,0.4267578125,-0.775390625
975.396092,info,IMU,3259.7371000000003,-1.62109375,-1.60546875,12.5703125,-0.365234375,-0.150390625,-0.0625,0.2802734375,0.435546875,-0.7734375
975.416308,info,IMU,3259.7571000000003,-0.796875,-0.82421875,10.55859375,-0.263671875,-0.185546875,-0.046875,0.2763671875,0.44140625,-0.76953125
975.435900,info,IMU,3259.7771000000002,-0.83203125,-1.5546875,12.5625,-0.35546875,-0.201171875,-0.017578125,0.2744140625,0.447265625,-0.7705078125
975.456124,info,IMU,3259.7971000000002,-1.1484375,-2.11328125,8.65625,-0.208984375,-0.27734375,-0.03125,0.2705078125,0.4541015625,-0.7646484375
975.476342,info,IMU,3259.8171,-0.96875,-1.8203125,10.97265625,-0.33984375,-0.234375,-0.0390625,0.265625,0.45703125,-0.7666015625
975.496167,info,IMU,3259.8371,-0.44921875,-2.1015625,8.67578125,-0.197265625,-0.287109375,-0.0390625,0.26171875,0.46484375,-0.7646484375
975.516188,info,IMU,3259.8571,-0.546875,-2.0234375,11.03125,-0.1640625,-0.330078125,-0.0390625,0.2568359375,0.4677734375,-0.7626953125
975.535815,info,IMU,3259.8771,-0.25390625,-1.96875,10.1875,-0.248046875,-0.234375,-0.029296875,0.251953125,0.4697265625,-0.76171875
975.556021,info,IMU,3259.8971,-0.44921875,-1.1953125,12.36328125,-0.19140625,-0.259765625,-0.033203125,0.24609375,0.4755859375,-0.759765625
975.576229,info,IMU,3259.9171,-0.609375,-1.4140625,10.171875,-0.11328125,-0.265625,-0.041015625,0.2421875,0.48046875,-0.759765625
975.595829,info,IMU,3259.9371,-0.58984375,-1.48046875,9.2109375,-0.115234375,-0.294921875,-0.0390625,0.234375,0.48046875,-0.7587890625
975.616094,info,IMU,3259.9571,-0.62890625,-2.0234375,6.62890625,-0.09375,-0.33203125,-0.04296875,0.2314453125,0.484375,-0.7568359375
975.636298,info,IMU,3259.9771,-0.1328125,-2.35546875,9.6796875,-0.046875,-0.296875,-0.033203125,0.22265625,0.4853515625,-0.755859375
975.655922,info,IMU,3259.9971,-0.0546875,-1.5078125,6.96484375,-0.111328125,-0.310546875,-0.025390625,0.2177734375,0.4873046875,-0.7607421875
975.676140,info,IMU,3260.0171,-0.15234375,-2.08203125,8.734375,0.1484375,-0.244140625,-0.029296875,0.212890625,0.4873046875,-0.7587890625
975.696363,info,IMU,3260.0371,-0.3984375,-1.96484375,7.63671875,-0.07421875,-0.287109375,-0.03125,0.2060546875,0.484375,-0.759765625
975.715942,info,IMU,3260.0571,-0.4921875,-1.7265625,8.5625,0.123046875,-0.279296875,-0.0390625,0.2041015625,0.486328125,-0.759765625
975.736248,info,IMU,3260.0771,0.06640625,-2.0625,5.93359375,0.09765625,-0.35546875,-0.03515625,0.1962890625,0.486328125,-0.7587890625
975.755799,info,IMU,3260.0971,0.1015625,-2,8.1796875,0.1484375,-0.2890625,-0.025390625,0.1904296875,0.4814453125,-0.763671875
975.776020,info,IMU,3260.1171,0.734375,-2.2734375,6.6015625,0.185546875,-0.154296875,-0.021484375,0.1875,0.4814453125,-0.7626953125
975.796213,info,IMU,3260.1371,0.66015625,-1.71875,7.2734375,0.173828125,-0.27734375,-0.037109375,0.1806640625,0.4755859375,-0.76953125
975.817013,info,IMU,3260.1571,0.015625,-1.765625,10.6875,0.279296875,-0.166015625,-0.041015625,0.17578125,0.470703125,-0.7685546875
975.836070,info,IMU,3260.1771,0.16015625,-1.85546875,6.4453125,0.193359375,-0.2109375,-0.04296875,0.171875,0.46875,-0.771484375
975.856310,info,IMU,3260.1971000000003,0.28515625,-1.52734375,9.15625,0.2578125,-0.279296875,-0.041015625,0.1689453125,0.4638671875,-0.775390625
975.875868,info,IMU,3260.2171000000003,0.01953125,-1.7265625,10.9140625,0.138671875,-0.18359375,-0.029296875,0.166015625,0.4599609375,-0.77734375
975.896137,info,IMU,3260.2371000000003,0.01171875,-1.9296875,9.359375,0.216796875,-0.068359375,-0.0390625,0.16015625,0.45703125,-0.77734375
975.916350,info,IMU,3260.2571000000003,-0.43359375,-0.90625,9.7578125,0.154296875,-0.10546875,-0.05078125,0.16015625,0.4521484375,-0.78125
975.935914,info,IMU,3260.2771000000002,-0.22265625,-1.31640625,11.31640625,0.13671875,-0.0703125,-0.046875,0.15625,0.4501953125,-0.78125
975.956176,info,IMU,3260.2971000000002,0.4921875,-1.46875,11.46484375,0.08203125,-0.080078125,-0.04296875,0.15234375,0.44921875,-0.7841796875
975.975777,info,IMU,3260.3171,0.7109375,-1.63671875,10.3359375,0.03515625,-0.064453125,-0.033203125,0.1513671875,0.4453125,-0.7822265625
975.996015,info,IMU,3260.3371,0.50390625,-1.53515625,9.453125,0.1171875,0.03515625,-0.0390625,0.15234375,0.447265625,-0.7841796875
976.016236,info,IMU,3260.3571,0.17578125,-1.05859375,10.06640625,0.056640625,0.064453125,-0.0625,0.150390625,0.443359375,-0.787109375
976.035834,info,IMU,3260.3771,0.53515625,-1.66796875,12.53515625,-0.064453125,0.1796875,-0.048828125,0.150390625,0.4443359375,-0.787109375
976.056107,info,IMU,3260.3971,-0.3359375,-1.91796875,9.41796875,0.068359375,0.095703125,-0.0234375,0.15234375,0.4462890625,-0.7880859375
976.076292,info,IMU,3260.4171,-0.87890625,-1.19140625,11.66015625,0.1015625,0.0234375,-0.041015625,0.15625,0.4423828125,-0.7861328125
976.096137,info,IMU,3260.4371,-1,-1.9375,8.265625,-0.130859375,0.16796875,-0.05859375,0.1572265625,0.4443359375,-0.7861328125
976.116112,info,IMU,3260.4571,0.53515625,-1.3828125,11.06640625,-0.01953125,0.06640625,-0.05078125,0.1572265625,0.4453125,-0.787109375
976.136325,info,IMU,3260.4771,0.2109375,-1.83984375,10.4375,-0.080078125,0.126953125,-0.013671875,0.1611328125,0.443359375,-0.78515625
976.155927,info,IMU,3260.4971,-0.84375,-1.75390625,9.66015625,0.052734375,0.15625,-0.017578125,0.1611328125,0.447265625,-0.78515625
976.176144,info,IMU,3260.5171,-0.0234375,-1.83203125,8.7265625,0.09375,-0.015625,-0.04296875,0.1640625,0.4443359375,-0.78515625
976.196005,info,IMU,3260.5371,0.53125,-1.8203125,10.17578125,-0.125,0.111328125,-0.009765625,0.1630859375,0.4423828125,-0.7861328125
976.216072,info,IMU,3260.5571,0.8125,-2.19140625,8.2890625,0.134765625,0.072265625,-0,0.1669921875,0.4443359375,-0.787109375
976.236322,info,IMU,3260.5771,-0.05859375,-1.16796875,10.4296875,0.021484375,0.0859375,-0.009765625,0.1669921875,0.4404296875,-0.7841796875
976.255814,info,IMU,3260.5971,-0.7109375,-1.7109375,7.515625,0.0546875,0.146484375,-0.0234375,0.169921875,0.4423828125,-0.787109375
976.276057,info,IMU,3260.6171,-0.1640625,-1.3046875,9.96875,0.140625,0.029296875,-0.02734375,0.1708984375,0.4423828125,-0.7861328125
976.296260,info,IMU,3260.6371,-0.04296875,-1.609375,8.45703125,0.017578125,0.130859375,-0.009765625,0.169921875,0.4384765625,-0.7861328125
976.315852,info,IMU,3260.6571,0.05078125,-1.65625,7.73046875,0.111328125,0.048828125,-0.005859375,0.1748046875,0.4384765625,-0.787109375
976.336092,info,IMU,3260.6771,0.14453125,-1.49609375,10.59765625,0.07421875,0.10546875,-0.005859375,0.1728515625,0.43359375,-0.7900390625
976.356327,info,IMU,3260.6971000000003,0.0859375,-1.8828125,7.5625,0.017578125,0.201171875,-0.00390625,0.1767578125,0.435546875,-0.7880859375
976.375917,info,IMU,3260.7171000000003,-0.06640625,-1.28125,10.33984375,0.193359375,0.09375,-0.01171875,0.181640625,0.43359375,-0.7890625
976.396360,info,IMU,3260.7371000000003,-0.63671875,-1.1953125,9.03515625,0.0078125,0.11328125,-0.021484375,0.1796875,0.427734375,-0.791015625
976.416361,info,IMU,3260.7571000000003,-0.76171875,-1.51171875,9.515625,0.005859375,0.09375,-0.0234375,0.1826171875,0.4287109375,-0.7890625
976.435951,info,IMU,3260.7771000000002,-0.40625,-1.921875,12.1796875,0.06640625,0.125,-0.017578125,0.1884765625,0.4326171875,-0.7919921875
976.456196,info,IMU,3260.7971000000002,0.19140625,-1.3515625,12.1328125,0.04296875,0.185546875,-0.005859375,0.1875,0.4267578125,-0.7919921875
976.475798,info,IMU,3260.8171,0.69140625,-1.28125,9.9453125,0.0625,0.251953125,-0.00390625,0.1923828125,0.427734375,-0.79296875
976.496035,info,IMU,3260.8371,0.37109375,-1.26953125,9.91015625,-0.013671875,0.185546875,-0.01953125,0.1962890625,0.4267578125,-0.791015625
976.516312,info,IMU,3260.8571,-0.19921875,-1.75390625,13.46875,-0.01953125,0.279296875,-0.0234375,0.2041015625,0.427734375,-0.7880859375
976.535878,info,IMU,3260.8771,-0.4453125,-1.87109375,10.2109375,-0.0234375,0.302734375,-0.0234375,0.2060546875,0.4267578125,-0.7861328125
976.556113,info,IMU,3260.8971,-0.8515625,-1.15625,9.24609375,0.025390625,0.22265625,-0.025390625,0.2109375,0.4287109375,-0.7880859375
976.576351,info,IMU,3260.9171,-0.42578125,-1.41015625,10.9296875,-0.13671875,0.271484375,-0.0234375,0.2158203125,0.4267578125,-0.7890625
976.595928,info,IMU,3260.9371,0.3828125,-1.00390625,10.6484375,-0.140625,0.349609375,-0.017578125,0.2216796875,0.4306640625,-0.7861328125
976.616143,info,IMU,3260.9571,-0.80078125,-1.69921875,9.6875,-0.037109375,0.27734375,-0.025390625,0.224609375,0.4306640625,-0.78515625
976.636327,info,IMU,3260.9771,-1.66796875,-1.5078125,11.26953125,-0.037109375,0.287109375,-0.033203125,0.232421875,0.431640625,-0.783203125
976.655954,info,IMU,3260.9971,-1.10546875,-1.671875,8.10546875,-0.083984375,0.2421875,-0.037109375,0.23828125,0.43359375,-0.7783203125
976.676186,info,IMU,3261.0171,-0.890625,-1.35546875,11.1875,-0.08984375,0.15625,-0.03125,0.2392578125,0.4345703125,-0.7802734375
976.695998,info,IMU,3261.0371,-0.34375,-1.68359375,10.16015625,-0.12890625,0.23828125,-0.02734375,0.2451171875,0.4375,-0.7763671875
976.716042,info,IMU,3261.0571,-0.40234375,-1.34765625,8.25390625,-0.099609375,0.173828125,-0.033203125,0.2490234375,0.4404296875,-0.775390625
976.736290,info,IMU,3261.0771,-1.08984375,-1.5546875,11.91796875,-0.115234375,0.146484375,-0.037109375,0.2490234375,0.4453125,-0.77734375
976.755869,info,IMU,3261.0971,-1.25390625,-1.84765625,9.3125,-0.115234375,0.126953125,-0.037109375,0.2509765625,0.4443359375,-0.7734375
976.776088,info,IMU,3261.1171,-1.33984375,-1.58984375,10.28125,-0.099609375,0.017578125,-0.03515625,0.251953125,0.447265625,-0.7734375
976.796347,info,IMU,3261.1371,-1.296875,-1.51171875,7.10546875,-0.0703125,-0.07421875,-0.02734375,0.25390625,0.4541015625,-0.7705078125
976.815943,info,IMU,3261.1571,-0.671875,-0.8671875,9.75390625,-0.025390625,-0.11328125,-0.03125,0.251953125,0.4501953125,-0.7705078125
976.836107,info,IMU,3261.1771,-0.125,-2.29296875,7.19921875,-0.18359375,-0.068359375,-0.02734375,0.2490234375,0.453125,-0.771484375
976.856333,info,IMU,3261.1971000000003,-0.7109375,-1.81640625,9.83203125,0.017578125,-0.140625,-0.03125,0.2490234375,0.4541015625,-0.7705078125
976.875967,info,IMU,3261.2171000000003,-0.86328125,-1.92578125,8.234375,-0.03125,-0.08203125,-0.03125,0.2451171875,0.4541015625,-0.7705078125
976.896183,info,IMU,3261.2371000000003,-0.6640625,-1.37109375,7.53125,-0.017578125,-0.150390625,-0.033203125,0.2451171875,0.4541015625,-0.76953125
976.915835,info,IMU,3261.2571000000003,-0.609375,-1.7578125,9.859375,0.021484375,-0.099609375,-0.029296875,0.2392578125,0.455078125,-0.771484375
976.936060,info,IMU,3261.2771000000002,-0.625,-1.57421875,8.375,0.115234375,-0.1796875,-0.02734375,0.2373046875,0.4541015625,-0.7734375
976.956217,info,IMU,3261.2971000000002,-0.8359375,-1.4765625,7.4609375,0.015625,-0.162109375,-0.029296875,0.2333984375,0.4521484375,-0.7724609375
976.975832,info,IMU,3261.3171,-0.4453125,-1.328125,6.828125,0.138671875,-0.19921875,-0.0390625,0.2314453125,0.4521484375,-0.7724609375
976.996152,info,IMU,3261.3371,-0.7578125,-1.6953125,8.47265625,-0.009765625,-0.158203125,-0.037109375,0.2265625,0.451171875,-0.7763671875
977.016326,info,IMU,3261.3571,-0.67578125,-1.65234375,7.359375,0.119140625,-0.19921875,-0.052734375,0.22265625,0.4482421875,-0.7734375
977.035889,info,IMU,3261.3771,-1.2109375,-1.4609375,7.87890625,0.1171875,-0.216796875,-0.048828125,0.2197265625,0.4482421875,-0.77734375
977.056132,info,IMU,3261.3971,-1.171875,-1.76171875,6.6796875,0.060546875,-0.228515625,-0.041015625,0.21484375,0.4462890625,-0.7783203125
977.076340,info,IMU,3261.4171,-0.9296875,-1.5859375,9.2890625,0.099609375,-0.21875,-0.0390625,0.208984375,0.4423828125,-0.779296875
977.095940,info,IMU,3261.4371,-0.40234375,-1.375,7.37109375,0.181640625,-0.248046875,-0.056640625,0.2060546875,0.44140625,-0.7822265625
977.116172,info,IMU,3261.4571,-0.38671875,-1.1953125,9.3984375,0.087890625,-0.283203125,-0.068359375,0.203125,0.4384765625,-0.7841796875
977.135790,info,IMU,3261.4771,-0.375,-1.7421875,8.79296875,0.078125,-0.17578125,-0.072265625,0.197265625,0.4404296875,-0.7841796875
977.156020,info,IMU,3261.4971,-0.11328125,-1.6953125,7.890625,0.126953125,-0.189453125,-0.06640625,0.189453125,0.435546875,-0.78515625
977.176293,info,IMU,3261.5171,-0.7578125,-1.8125,10.76953125,0.103515625,-0.208984375,-0.068359375,0.1865234375,0.43359375,-0.78515625
977.195807,info,IMU,3261.5371,-0.81640625,-1.30078125,8.921875,0.111328125,-0.17578125,-0.0703125,0.1806640625,0.43359375,-0.7890625
977.216290,info,IMU,3261.5571,0.125,-0.77734375,7.2890625,0.064453125,-0.189453125,-0.0703125,0.177734375,0.4326171875,-0.7890625
977.236290,info,IMU,3261.5771,-0.30859375,-1.9609375,7.140625,0.169921875,-0.22265625,-0.076171875,0.1748046875,0.4287109375,-0.7900390625
977.255899,info,IMU,3261.5971,-0.37890625,-1.55078125,9.8828125,0.076171875,-0.17578125,-0.083984375,0.16796875,0.42578125,-0.794921875
977.276098,info,IMU,3261.6171,-0.82421875,-1.90234375,7.35546875,0.06640625,-0.15625,-0.087890625,0.1650390625,0.423828125,-0.7919921875
977.296515,info,IMU,3261.6371,-0.92578125,-1.92578125,10.84765625,0.099609375,-0.21875,-0.080078125,0.162109375,0.4228515625,-0.794921875
977.315953,info,IMU,3261.6571,0.08203125,-1.2890625,10.0234375,0.03125,-0.177734375,-0.06640625,0.1572265625,0.4248046875,-0.79296875
977.336220,info,IMU,3261.6771,0.375,-1.27734375,9.33203125,0.09375,-0.19921875,-0.064453125,0.1552734375,0.419921875,-0.796875
977.355775,info,IMU,3261.6971000000003,-0.015625,-1.25,11.42578125,0.021484375,-0.16015625,-0.078125,0.150390625,0.419921875,-0.7978515625
977.376020,info,IMU,3261.7171000000003,-0.3515625,-1.5859375,10.5703125,-0.021484375,-0.09765625,-0.0859375,0.1474609375,0.419921875,-0.796875
977.396218,info,IMU,3261.7371000000003,-0.97265625,-1.046875,14.34375,-0.07421875,-0.134765625,-0.09375,0.14453125,0.4189453125,-0.7958984375
977.415817,info,IMU,3261.7571000000003,-1.02734375,-0.97265625,12.20703125,-0.123046875,0.044921875,-0.09375,0.1416015625,0.42578125,-0.794921875
977.436050,info,IMU,3261.7771000000002,-0.37890625,-0.8671875,10.66015625,-0.07421875,-0.12109375,-0.091796875,0.1396484375,0.4267578125,-0.794921875
977.456338,info,IMU,3261.7971000000002,-0.25,-1,14.8125,-0.251953125,0.013671875,-0.080078125,0.134765625,0.4287109375,-0.7939453125
977.475975,info,IMU,3261.8171,-0.25390625,-1.96875,10.99609375,-0.283203125,-0.013671875,-0.076171875,0.1376953125,0.431640625,-0.7919921875
977.496111,info,IMU,3261.8371,-0.4609375,-1.5234375,12.0234375,-0.072265625,0.001953125,-0.09375,0.134765625,0.4365234375,-0.7900390625
977.516323,info,IMU,3261.8571,-0.03125,-0.70703125,10.078125,-0.20703125,0.05078125,-0.10546875,0.1337890625,0.4404296875,-0.791015625
977.535906,info,IMU,3261.8771,0.0546875,-2.015625,12.66015625,-0.37109375,0.025390625,-0.095703125,0.134765625,0.4423828125,-0.787109375
977.556150,info,IMU,3261.8971,-0.8125,-2.16796875,14.44140625,-0.171875,0.080078125,-0.080078125,0.1357421875,0.4482421875,-0.78515625
977.575745,info,IMU,3261.9171,-0.5390625,-1.37109375,8.7109375,-0,0.013671875,-0.080078125,0.1357421875,0.453125,-0.7822265625
977.596204,info,IMU,3261.9371,-0.6796875,-0.85546875,11.23046875,-0.263671875,0.03125,-0.083984375,0.1376953125,0.45703125,-0.783203125
977.616247,info,IMU,3261.9571,-0.02734375,-1.96875,12.91796875,-0.359375,0.208984375,-0.078125,0.1357421875,0.4599609375,-0.7802734375
977.635852,info,IMU,3261.9771,0.4453125,-2.22265625,8.8671875,0.013671875,-0.021484375,-0.080078125,0.13671875,0.4677734375,-0.77734375
977.656090,info,IMU,3261.9971,0.38671875,-0.98046875,15.390625,-0.177734375,0.037109375,-0.05859375,0.1357421875,0.46484375,-0.77734375
977.676259,info,IMU,3262.0171,-0.09765625,-1.765625,6.375,-0.212890625,0.17578125,-0.0546875,0.1396484375,0.470703125,-0.7744140625
977.695849,info,IMU,3262.0371,-0.6875,-1.6484375,11.5859375,-0.1015625,0.00390625,-0.087890625,0.1376953125,0.470703125,-0.7705078125
977.716142,info,IMU,3262.0571,-0.23828125,-1.94921875,10.71484375,-0.197265625,0.083984375,-0.078125,0.1396484375,0.474609375,-0.771484375
977.736337,info,IMU,3262.0771,-0.66015625,-1.953125,8.83984375,-0.037109375,0.126953125,-0.044921875,0.1396484375,0.4794921875,-0.7705078125
977.755937,info,IMU,3262.0971,-0.63671875,-1.26953125,7.65625,-0.017578125,-0.05078125,-0.0625,0.1416015625,0.482421875,-0.7685546875
977.776142,info,IMU,3262.1171,-0.328125,-1.19921875,13.3203125,-0.259765625,0.16015625,-0.06640625,0.140625,0.4814453125,-0.767578125
977.795772,info,IMU,3262.1371,0.64453125,-2.51171875,7.609375,0.10546875,0.0546875,-0.060546875,0.1435546875,0.482421875,-0.7646484375
977.815996,info,IMU,3262.1571,-0.43359375,-1.2109375,11.01953125,-0.037109375,0.044921875,-0.0625,0.1435546875,0.48046875,-0.7666015625
977.836175,info,IMU,3262.1771,-0.640625,-2.1171875,7.96484375,-0.015625,0.224609375,-0.068359375,0.142578125,0.4833984375,-0.763671875
977.855781,info,IMU,3262.1971000000003,-0.19921875,-1.5546875,10.40625,0.029296875,0.029296875,-0.064453125,0.1474609375,0.484375,-0.7666015625
977.876043,info,IMU,3262.2171000000003,-0.05078125,-1.66796875,9.359375,-0.025390625,0.123046875,-0.044921875,0.146484375,0.4814453125,-0.7666015625
977.896237,info,IMU,3262.2371000000003,-0,-1.61328125,8.36328125,0.072265625,0.150390625,-0.044921875,0.150390625,0.4833984375,-0.7666015625
977.915866,info,IMU,3262.2571000000003,-0.04296875,-1.421875,7.45703125,0.150390625,0.052734375,-0.060546875,0.1513671875,0.4814453125,-0.765625
977.936081,info,IMU,3262.2771000000002,0.0234375,-1.0234375,7.625,-0.0546875,0.16796875,-0.052734375,0.1533203125,0.4794921875,-0.767578125
977.956308,info,IMU,3262.2971000000002,-0.078125,-2.19921875,8.37109375,0.037109375,0.14453125,-0.05078125,0.154296875,0.4814453125,-0.7685546875
977.975914,info,IMU,3262.3171,-0.84375,-1.98046875,10.97265625,0.1484375,0.06640625,-0.052734375,0.1552734375,0.4775390625,-0.7685546875
977.996141,info,IMU,3262.3371,-0.61328125,-1.12109375,9.0078125,0.06640625,0.2109375,-0.046875,0.15625,0.4755859375,-0.7685546875
978.015763,info,IMU,3262.3571,0.05859375,-0.90234375,8.875,0.06640625,0.140625,-0.046875,0.1640625,0.4755859375,-0.771484375
978.035988,info,IMU,3262.3771,-1.2421875,-1.390625,11.7421875,0.015625,0.1796875,-0.05859375,0.1669921875,0.4716796875,-0.7705078125
978.056181,info,IMU,3262.3971,-0.34375,-1.66015625,10.6328125,0.142578125,0.291015625,-0.080078125,0.16796875,0.474609375,-0.7685546875
978.075772,info,IMU,3262.4171,0.60546875,-0.70703125,9.7265625,0.056640625,0.201171875,-0.0625,0.1689453125,0.4716796875,-0.76953125
978.096100,info,IMU,3262.4371,-0.05859375,-1.4296875,12.78515625,-0.033203125,0.25,-0.037109375,0.1728515625,0.4716796875,-0.76953125
978.116267,info,IMU,3262.4571,-0.171875,-1.7265625,9.95703125,-0.09765625,0.2890625,-0.03125,0.177734375,0.4716796875,-0.767578125
978.135841,info,IMU,3262.4771,-1.01171875,-1.484375,8.1875,0.1171875,0.181640625,-0.056640625,0.1826171875,0.4736328125,-0.76953125
978.156065,info,IMU,3262.4971,-1.02734375,-0.62109375,8.953125,-0.04296875,0.19921875,-0.07421875,0.18359375,0.4716796875,-0.7705078125
978.176314,info,IMU,3262.5171,-0.49609375,-1.359375,7.53515625,-0.1484375,0.26953125,-0.064453125,0.1904296875,0.4736328125,-0.7685546875
978.196147,info,IMU,3262.5371,-0.01953125,-1.78515625,9.12109375,0.015625,0.142578125,-0.048828125,0.19140625,0.4765625,-0.765625
978.216132,info,IMU,3262.5571,-0.98046875,-1.51953125,9.48828125,-0.037109375,0.26171875,-0.03125,0.1982421875,0.4716796875,-0.7666015625
978.235753,info,IMU,3262.5771,-1.578125,-1.765625,5.609375,0.041015625,0.189453125,-0.06640625,0.197265625,0.4755859375,-0.7646484375
978.255951,info,IMU,3262.5971,-1.234375,-1.609375,11.671875,-0.009765625,0.1640625,-0.076171875,0.2021484375,0.4755859375,-0.765625
978.276151,info,IMU,3262.6171,-0.3515625,-1.63671875,6.75,0.001953125,0.216796875,-0.041015625,0.2041015625,0.4755859375,-0.7646484375
978.295784,info,IMU,3262.6371,-0.87890625,-1.34375,6.45703125,0.123046875,0.080078125,-0.05078125,0.208984375,0.474609375,-0.7646484375
978.316147,info,IMU,3262.6571,-0.33203125,-1.1015625,8.7421875,0.025390625,0.119140625,-0.076171875,0.212890625,0.474609375,-0.7646484375
978.336331,info,IMU,3262.6771,-0.34765625,-1.5234375,7.3125,-0.048828125,0.232421875,-0.056640625,0.212890625,0.4736328125,-0.763671875
978.355835,info,IMU,3262.6971000000003,-0.99609375,-1.95703125,7.1953125,0.197265625,0.072265625,-0.056640625,0.21484375,0.4765625,-0.763671875
978.376050,info,IMU,3262.7171000000003,-0.76171875,-1.26171875,9.17578125,0.044921875,0.091796875,-0.04296875,0.21484375,0.47265625,-0.765625
978.396325,info,IMU,3262.7371000000003,-0.55859375,-2.05078125,5.26171875,0.08984375,0.142578125,-0.0390625,0.2177734375,0.46875,-0.7666015625
978.430277,info,IMU,3262.7571000000003,-0.20703125,-1.13671875,7.2890625,0.171875,-0.02734375,-0.05078125,0.216796875,0.4697265625,-0.7666015625
978.436135,info,IMU,3262.7771000000002,-1.05859375,-1.21484375,8.1484375,0.107421875,0.083984375,-0.0546875,0.21875,0.462890625,-0.7685546875
978.456340,info,IMU,3262.7971000000002,-0.69140625,-1.9375,6.58203125,0.095703125,0.0625,-0.05078125,0.2177734375,0.4619140625,-0.76953125
978.475938,info,IMU,3262.8171,-0.9609375,-1.234375,8.66796875,0.17578125,-0.056640625,-0.044921875,0.21875,0.4619140625,-0.7666015625
978.496354,info,IMU,3262.8371,-0.69140625,-1.55859375,8.26171875,0.126953125,0.05078125,-0.025390625,0.220703125,0.4619140625,-0.7705078125
978.515768,info,IMU,3262.8571,-0.36328125,-1.75,7.703125,0.185546875,-0.0078125,-0.03515625,0.220703125,0.4560546875,-0.7724609375
978.536016,info,IMU,3262.8771,-0.578125,-1.28125,8.9296875,0.111328125,0.037109375,-0.046875,0.2177734375,0.4541015625,-0.77734375
978.556292,info,IMU,3262.8971,-0.4609375,-1.67578125,8.68359375,0.11328125,0.056640625,-0.048828125,0.2177734375,0.453125,-0.7734375
978.575828,info,IMU,3262.9171,-0.5625,-1.20703125,10.40234375,0.1953125,-0.09375,-0.04296875,0.21875,0.44921875,-0.775390625
978.596038,info,IMU,3262.9371,-0.9296875,-1.1640625,9.54296875,0.0390625,0.0625,-0.0234375,0.2158203125,0.44921875,-0.779296875
978.616489,info,IMU,3262.9571,-0.71875,-1.390625,8.8046875,0.080078125,-0.12890625,-0.03125,0.2177734375,0.4443359375,-0.77734375
978.635875,info,IMU,3262.9771,-0.86328125,-1.02734375,15.1171875,-0.111328125,-0.00390625,-0.041015625,0.21484375,0.443359375,-0.779296875
978.656093,info,IMU,3262.9971,-0.98046875,-1.06640625,8.87890625,0.0078125,-0,-0.05078125,0.212890625,0.443359375,-0.779296875
978.676290,info,IMU,3263.0171,-1.390625,-0.578125,14.515625,0.025390625,-0.0859375,-0.068359375,0.2119140625,0.4443359375,-0.78125
978.695942,info,IMU,3263.0371,-0.73828125,-0.8671875,10.09375,-0.140625,0.056640625,-0.04296875,0.2109375,0.4453125,-0.7802734375
978.716568,info,IMU,3263.0571,-0.78515625,-1.4609375,10.828125,-0.0859375,-0.06640625,-0.033203125,0.21484375,0.4501953125,-0.779296875
978.735783,info,IMU,3263.0771,-1.50390625,-2.0859375,11.2890625,-0.052734375,-0.037109375,-0.052734375,0.2119140625,0.44921875,-0.7763671875
978.755996,info,IMU,3263.0971,-1.02734375,-1.140625,9.09375,-0.01171875,-0.107421875,-0.07421875,0.2060546875,0.44921875,-0.775390625
978.776219,info,IMU,3263.1171,0.04296875,-1.09765625,11.76953125,-0.224609375,-0.087890625,-0.0625,0.2041015625,0.451171875,-0.7783203125
978.796184,info,IMU,3263.1371,-0.29296875,-1.99609375,11.33203125,-0.138671875,-0.0078125,-0.02734375,0.205078125,0.4580078125,-0.7724609375
978.816048,info,IMU,3263.1571,-1.2421875,-1.3125,9.16796875,0.130859375,-0.142578125,-0.052734375,0.2021484375,0.458984375,-0.7734375
978.836261,info,IMU,3263.1771,-1.2265625,-0.8125,8.7734375,-0.208984375,-0.056640625,-0.072265625,0.19921875,0.4599609375,-0.7734375
978.855932,info,IMU,3263.1971000000003,-0.140625,-1.78125,10.15625,-0.19140625,-0.138671875,-0.0703125,0.1943359375,0.4609375,-0.7724609375
978.876166,info,IMU,3263.2171000000003,-0.60546875,-2.05859375,9.94140625,-0.017578125,-0.123046875,-0.044921875,0.1953125,0.4658203125,-0.7724609375
978.896322,info,IMU,3263.2371000000003,-1.4921875,-1.87890625,9.859375,0.029296875,-0.123046875,-0.0546875,0.193359375,0.4638671875,-0.7734375
978.915967,info,IMU,3263.2571000000003,-0.63671875,-1.28125,8.1171875,-0.076171875,-0.12890625,-0.068359375,0.189453125,0.466796875,-0.771484375
978.936157,info,IMU,3263.2771000000002,0.18359375,-1.1796875,9.56640625,-0.03125,-0.17578125,-0.060546875,0.1845703125,0.4658203125,-0.771484375
978.955736,info,IMU,3263.2971000000002,-0.02734375,-1.85546875,9.171875,-0.03125,-0.11328125,-0.044921875,0.1806640625,0.4658203125,-0.7724609375
978.975976,info,IMU,3263.3171,-0.52734375,-1.24609375,9.33203125,0.11328125,-0.109375,-0.0625,0.181640625,0.4638671875,-0.7724609375
978.996173,info,IMU,3263.3371,-0.49609375,-1.45703125,9.20703125,0.013671875,-0.15625,-0.076171875,0.1796875,0.46484375,-0.7724609375
979.015813,info,IMU,3263.3571,-0.4921875,-1.45703125,8.30859375,-0.041015625,-0.166015625,-0.048828125,0.1728515625,0.4677734375,-0.771484375
979.036033,info,IMU,3263.3771,0.03125,-1.73828125,11.39453125,0.009765625,-0.078125,-0.044921875,0.17578125,0.4658203125,-0.771484375
979.056567,info,IMU,3263.3971,0.29296875,-1.51171875,8.01171875,0.095703125,-0.087890625,-0.048828125,0.1669921875,0.4658203125,-0.775390625
979.075859,info,IMU,3263.4171,-0.828125,-0.7734375,10.57421875,0.001953125,-0.10546875,-0.060546875,0.1650390625,0.4638671875,-0.7744140625
979.096257,info,IMU,3263.4371,-0.55859375,-2,9.8359375,-0.005859375,-0.078125,-0.07421875,0.162109375,0.466796875,-0.7744140625
979.116301,info,IMU,3263.4571,-0.67578125,-1.4140625,12.28515625,-0.009765625,-0.181640625,-0.05859375,0.162109375,0.4638671875,-0.775390625
979.135879,info,IMU,3263.4771,-0.77734375,-1.83984375,9.41015625,0.044921875,-0.11328125,-0.04296875,0.1572265625,0.4638671875,-0.7724609375
979.156143,info,IMU,3263.4971,0.15625,-0.796875,12.01953125,0.025390625,-0.138671875,-0.046875,0.154296875,0.462890625,-0.77734375
979.175745,info,IMU,3263.5171,-0.27734375,-1.71484375,8.98046875,-0.11328125,-0.064453125,-0.044921875,0.154296875,0.4638671875,-0.775390625
979.195969,info,IMU,3263.5371,-0.52734375,-0.97265625,12.4140625,0.080078125,-0.025390625,-0.06640625,0.154296875,0.4638671875,-0.7763671875
979.216186,info,IMU,3263.5571,-0.5546875,-1.03515625,8.50390625,-0.048828125,-0.03515625,-0.09375,0.1513671875,0.4638671875,-0.775390625
979.235775,info,IMU,3263.5771,-0.96875,-1.26171875,11.7265625,-0.0546875,0.029296875,-0.080078125,0.150390625,0.4677734375,-0.7744140625
979.256017,info,IMU,3263.5971,-0.87890625,-1.96875,8.65234375,-0.046875,-0.021484375,-0.060546875,0.1484375,0.46875,-0.775390625
979.276240,info,IMU,3263.6171,-0.33984375,-1.2734375,9.515625,-0.00390625,0.03515625,-0.05859375,0.1484375,0.4677734375,-0.7734375
979.295820,info,IMU,3263.6371,-0.0390625,-1.78515625,7.4609375,-0.072265625,-0.009765625,-0.076171875,0.1474609375,0.46875,-0.7724609375
979.316079,info,IMU,3263.6571,-0.45703125,-1.765625,10.6015625,0.005859375,-0,-0.076171875,0.1474609375,0.4697265625,-0.7734375
979.336290,info,IMU,3263.6771,-0.62109375,-1.86328125,6.65234375,-0.03515625,-0.02734375,-0.06640625,0.1474609375,0.4697265625,-0.7734375
979.355899,info,IMU,3263.6971000000003,-0.78515625,-1.453125,10.375,0.041015625,-0.111328125,-0.06640625,0.14453125,0.470703125,-0.7744140625
979.376113,info,IMU,3263.7171000000003,-0.05859375,-1.85546875,8.39453125,-0.021484375,-0.041015625,-0.0546875,0.14453125,0.4697265625,-0.7724609375
979.395949,info,IMU,3263.7371000000003,0.515625,-1.43359375,6.8203125,0.037109375,-0.1015625,-0.052734375,0.1455078125,0.4697265625,-0.7724609375
979.416000,info,IMU,3263.7571000000003,0.41015625,-1.97265625,10.3125,0.083984375,-0.048828125,-0.044921875,0.1376953125,0.4658203125,-0.7763671875
979.436215,info,IMU,3263.7771000000002,0.8203125,-1.546875,7.49609375,0.033203125,0.017578125,-0.044921875,0.140625,0.466796875,-0.7744140625
979.455768,info,IMU,3263.7971000000002,0.12890625,-1.55859375,9.1171875,0.1171875,-0.0859375,-0.041015625,0.1376953125,0.46484375,-0.7744140625
979.476030,info,IMU,3263.8171,-0.16015625,-1.42578125,9.3671875,0.017578125,-0.087890625,-0.03515625,0.1357421875,0.462890625,-0.77734375
979.496254,info,IMU,3263.8371,-0.125,-1.15625,8.8984375,0.09375,-0.111328125,-0.03515625,0.1328125,0.4619140625,-0.7763671875
979.515831,info,IMU,3263.8571,-0.51171875,-1.75390625,10.078125,0.009765625,-0.1171875,-0.025390625,0.130859375,0.4619140625,-0.77734375
979.536045,info,IMU,3263.8771,0.1171875,-1.6328125,11.23828125,0.07421875,-0.052734375,-0.01953125,0.12890625,0.4580078125,-0.7783203125
979.556283,info,IMU,3263.8971,-0.03515625,-1.3515625,7.64453125,0.107421875,-0.044921875,-0.021484375,0.12890625,0.4580078125,-0.7802734375
979.575868,info,IMU,3263.9171,-0.296875,-1.41796875,10.22265625,0.037109375,-0.015625,-0.04296875,0.12890625,0.4560546875,-0.7802734375
979.596171,info,IMU,3263.9371,-0.109375,-1.78125,12.45703125,0.064453125,0.068359375,-0.037109375,0.125,0.4560546875,-0.779296875
979.615733,info,IMU,3263.9571,-0.046875,-1.21875,8.9140625,0.095703125,0.041015625,-0.01953125,0.1259765625,0.455078125,-0.7822265625
979.635964,info,IMU,3263.9771,-1.0234375,-0.94921875,10.23046875,0.091796875,-0.0234375,-0.029296875,0.130859375,0.4521484375,-0.7822265625
979.656161,info,IMU,3263.9971,-0.4921875,-1.5,10.6015625,-0.05078125,0.046875,-0.03515625,0.1279296875,0.4521484375,-0.783203125
979.675767,info,IMU,3264.0171,0.57421875,-1.55859375,9.46875,-0.01171875,0.0625,-0.01953125,0.12890625,0.4541015625,-0.7841796875
979.696194,info,IMU,3264.0371,-0.07421875,-1.49609375,8.81640625,0.07421875,-0.001953125,-0.017578125,0.1298828125,0.4541015625,-0.7802734375
979.716239,info,IMU,3264.0571,-0.34765625,-0.89453125,11.46484375,-0.02734375,0.12890625,-0.03125,0.12890625,0.451171875,-0.783203125
979.735869,info,IMU,3264.0771,-0.796875,-1.82421875,7.0078125,-0.029296875,0.056640625,-0.0390625,0.1298828125,0.4521484375,-0.7822265625
979.756049,info,IMU,3264.0971,-0.77734375,-1.61328125,11.48828125,0.09765625,-0,-0.037109375,0.134765625,0.451171875,-0.78125
979.776296,info,IMU,3264.1171,-0.28515625,-1.34765625,8.5546875,0.00390625,0.091796875,-0.029296875,0.134765625,0.4521484375,-0.783203125
979.795879,info,IMU,3264.1371,-0.0703125,-1.14453125,8.109375,0.091796875,-0.0234375,-0.03515625,0.1357421875,0.4501953125,-0.7822265625
979.816307,info,IMU,3264.1571,-0.03125,-1.83203125,10.69921875,-0.029296875,0.09765625,-0.04296875,0.13671875,0.44921875,-0.7861328125
979.835719,info,IMU,3264.1771,0.12890625,-2.08203125,8.48046875,0.083984375,0.03125,-0.03515625,0.1376953125,0.4501953125,-0.78125
979.855930,info,IMU,3264.1971000000003,-0.84375,-1.55859375,13,0.01953125,-0.00390625,-0.01953125,0.134765625,0.451171875,-0.7861328125
979.876132,info,IMU,3264.2171000000003,-0.69140625,-1.19921875,10.9296875,0.06640625,0.05859375,-0.01953125,0.1357421875,0.4501953125,-0.787109375
979.895762,info,IMU,3264.2371000000003,-0.171875,-0.49609375,10.4765625,-0.080078125,-0.0546875,-0.0234375,0.1357421875,0.44921875,-0.7841796875
979.916017,info,IMU,3264.2571000000003,-0.1484375,-0.82421875,10.7109375,0.0234375,0.01171875,-0.0390625,0.1357421875,0.447265625,-0.7861328125
979.936237,info,IMU,3264.2771000000002,0.25,-1.4140625,12.3671875,-0.060546875,0.0625,-0.03515625,0.1376953125,0.44921875,-0.783203125
979.955803,info,IMU,3264.2971000000002,-0.00390625,-1.66015625,9.734375,-0.064453125,-0.01171875,-0.033203125,0.134765625,0.44921875,-0.78515625
979.976025,info,IMU,3264.3171,-1,-2.01953125,13.88671875,-0.150390625,0.0859375,-0.015625,0.1376953125,0.4501953125,-0.7861328125
979.996304,info,IMU,3264.3371,-1.12890625,-2.1796875,11.0546875,-0.056640625,0.046875,-0.025390625,0.13671875,0.453125,-0.7841796875
980.016279,info,IMU,3264.3571,-0.62890625,-0.7890625,13.59375,-0.12109375,0.048828125,-0.037109375,0.1376953125,0.45703125,-0.7822265625
980.036231,info,IMU,3264.3771,0.37109375,-1.03125,10.47265625,-0.14453125,0.0859375,-0.0390625,0.1376953125,0.4580078125,-0.7783203125
980.055753,info,IMU,3264.3971,-0.16015625,-1.20703125,12.52734375,-0.140625,0.01171875,-0.041015625,0.138671875,0.4609375,-0.7783203125
980.075938,info,IMU,3264.4171,-1.25,-1.44921875,13.703125,-0.171875,0.099609375,-0.0625,0.1416015625,0.462890625,-0.7763671875
980.096169,info,IMU,3264.4371,-1.81640625,-1.12109375,12.05859375,-0.1640625,0.123046875,-0.08984375,0.140625,0.466796875,-0.775390625
980.115752,info,IMU,3264.4571,-1.5390625,-1.32421875,10.6015625,-0.16015625,0.1015625,-0.08203125,0.140625,0.4697265625,-0.7734375
980.135994,info,IMU,3264.4771,-1.1328125,-1.2421875,11.33984375,-0.1796875,0.076171875,-0.060546875,0.142578125,0.4716796875,-0.7734375
980.156191,info,IMU,3264.4971,-1.2421875,-0.62109375,11.296875,-0.20703125,0.06640625,-0.083984375,0.1435546875,0.4755859375,-0.7705078125
980.175791,info,IMU,3264.5171,-1.34765625,-1.35546875,11.109375,-0.259765625,-0.00390625,-0.115234375,0.1435546875,0.482421875,-0.767578125
980.196020,info,IMU,3264.5371,-0.92578125,-1.2734375,11.1796875,-0.162109375,-0.013671875,-0.119140625,0.142578125,0.486328125,-0.763671875
980.216264,info,IMU,3264.5571,-0.60546875,-1.48828125,9.89453125,-0.201171875,-0.064453125,-0.08984375,0.1435546875,0.48828125,-0.763671875
980.235838,info,IMU,3264.5771,-1.1015625,-1.703125,9.90625,-0.259765625,-0.072265625,-0.076171875,0.140625,0.4912109375,-0.76171875
980.256073,info,IMU,3264.5971,-0.46484375,-1.953125,11.05078125,-0.1015625,-0.03515625,-0.099609375,0.1396484375,0.4951171875,-0.7626953125
980.275687,info,IMU,3264.6171,0.3203125,-1.35546875,9.47265625,-0.111328125,-0.109375,-0.08984375,0.13671875,0.4990234375,-0.7587890625
980.295945,info,IMU,3264.6371,-0.33984375,-1.64453125,9.34375,-0.08984375,-0.130859375,-0.068359375,0.1337890625,0.5009765625,-0.7568359375
980.316143,info,IMU,3264.6571,-0.703125,-1.6171875,9,-0.10546875,-0.150390625,-0.0703125,0.1279296875,0.5,-0.759765625
980.335729,info,IMU,3264.6771,0.0234375,-1.015625,9.36328125,-0.1484375,-0.17578125,-0.068359375,0.125,0.5048828125,-0.75390625
980.355981,info,IMU,3264.6971000000003,0.8046875,-1.92578125,8.80859375,-0.06640625,-0.076171875,-0.0546875,0.1240234375,0.5068359375,-0.7548828125
980.376188,info,IMU,3264.7171000000003,0.6484375,-1.4296875,7.23828125,0.001953125,-0.2109375,-0.0546875,0.1240234375,0.505859375,-0.75390625
980.395799,info,IMU,3264.7371000000003,-0.375,-1.5390625,8.15234375,-0.0859375,-0.068359375,-0.064453125,0.119140625,0.5068359375,-0.755859375
980.416282,info,IMU,3264.7571000000003,-0.06640625,-2.046875,6.95703125,0.0625,-0.06640625,-0.05859375,0.1162109375,0.505859375,-0.755859375
980.436261,info,IMU,3264.7771000000002,-0.66796875,-1.60546875,9.28125,0.0234375,-0.146484375,-0.046875,0.11328125,0.50390625,-0.7578125
980.456757,info,IMU,3264.7971000000002,-0.3671875,-1.4609375,8.1796875,0.064453125,-0.078125,-0.041015625,0.109375,0.5048828125,-0.75390625
980.476072,info,IMU,3264.8171,0.02734375,-1.58984375,7.52734375,0.125,-0.158203125,-0.05078125,0.111328125,0.5029296875,-0.755859375
980.496281,info,IMU,3264.8371,-0.06640625,-1.85546875,6.796875,0.1015625,-0.111328125,-0.0546875,0.10546875,0.501953125,-0.7578125
980.515928,info,IMU,3264.8571,0.08984375,-1.44140625,7.67578125,0.1640625,0.005859375,-0.05859375,0.103515625,0.4990234375,-0.7587890625
980.536123,info,IMU,3264.8771,-0.09765625,-1.56640625,6.01953125,0.21875,-0.080078125,-0.060546875,0.10546875,0.4990234375,-0.7607421875
980.555734,info,IMU,3264.8971,-0.18359375,-0.95703125,9.4453125,0.12890625,0.03515625,-0.05078125,0.1015625,0.4921875,-0.7626953125
980.575977,info,IMU,3264.9171,0.125,-1.28515625,6.390625,0.19140625,0.041015625,-0.048828125,0.099609375,0.4912109375,-0.765625
980.596159,info,IMU,3264.9371,-0.26171875,-1.3359375,6,0.271484375,-0.037109375,-0.056640625,0.1005859375,0.486328125,-0.7626953125
980.615770,info,IMU,3264.9571,-0.5703125,-1.30859375,7.38671875,0.185546875,-0.001953125,-0.078125,0.0986328125,0.482421875,-0.7666015625
980.636030,info,IMU,3264.9771,-0.2890625,-1.38671875,8.34765625,0.208984375,0.013671875,-0.078125,0.09765625,0.4775390625,-0.76953125
980.656279,info,IMU,3264.9971,-0.87109375,-1.62890625,8.265625,0.177734375,-0.048828125,-0.076171875,0.099609375,0.4736328125,-0.771484375
980.675853,info,IMU,3265.0171,-1.14453125,-1.3671875,10.68359375,0.2265625,0.04296875,-0.076171875,0.0986328125,0.4716796875,-0.7734375
980.696060,info,IMU,3265.0371,-0.546875,-0.66015625,8.359375,0.14453125,0.05078125,-0.091796875,0.0947265625,0.4658203125,-0.775390625
980.716294,info,IMU,3265.0571,-1.0234375,-1.48828125,9.765625,0.154296875,-0.009765625,-0.099609375,0.099609375,0.4638671875,-0.7783203125
980.735874,info,IMU,3265.0771,-0.68359375,-1.19140625,11.62109375,0.140625,0.109375,-0.10546875,0.099609375,0.46484375,-0.779296875
980.756122,info,IMU,3265.0971,-0.21484375,-1.48828125,8.04296875,0.146484375,0.068359375,-0.111328125,0.1005859375,0.4599609375,-0.7802734375
980.775715,info,IMU,3265.1171,-0.65625,-1.21484375,10.39453125,0.12890625,0.01953125,-0.10546875,0.0986328125,0.45703125,-0.7802734375
980.795952,info,IMU,3265.1371,-0.34765625,-1.6875,8.8515625,0.009765625,0.07421875,-0.091796875,0.099609375,0.4560546875,-0.783203125
980.816165,info,IMU,3265.1571,0.046875,-1.6015625,10.671875,0.02734375,0.03125,-0.095703125,0.099609375,0.4541015625,-0.783203125
980.835751,info,IMU,3265.1771,-0.6640625,-1.1875,10.1640625,0.04296875,0.015625,-0.099609375,0.0986328125,0.4560546875,-0.7822265625
980.855996,info,IMU,3265.1971000000003,-0.61328125,-0.82421875,10.07421875,0.033203125,-0.0078125,-0.12109375,0.0986328125,0.453125,-0.7822265625
980.876236,info,IMU,3265.2171000000003,-0.81640625,-1.38671875,11.03125,-0.048828125,0.02734375,-0.115234375,0.0986328125,0.455078125,-0.7841796875
980.896097,info,IMU,3265.2371000000003,-0.77734375,-1.7109375,12.42578125,-0.052734375,0.064453125,-0.087890625,0.0986328125,0.455078125,-0.7841796875
980.916065,info,IMU,3265.2571000000003,-1.24609375,-1.52734375,9.65234375,0.087890625,-0.009765625,-0.08203125,0.0966796875,0.45703125,-0.783203125
980.936273,info,IMU,3265.2771000000002,-1.171875,-1.109375,9.71484375,-0.048828125,-0.091796875,-0.109375,0.0947265625,0.453125,-0.783203125
980.955920,info,IMU,3265.2971000000002,-0.484375,-1.6015625,12.4765625,-0.171875,0.00390625,-0.107421875,0.09375,0.4560546875,-0.78125
980.976090,info,IMU,3265.3171,0.3984375,-1.7109375,11.078125,-0.056640625,-0.021484375,-0.080078125,0.08984375,0.4599609375,-0.779296875
980.995761,info,IMU,3265.3371,0.00390625,-0.65234375,12.0390625,-0.041015625,-0.001953125,-0.064453125,0.0888671875,0.4599609375,-0.78125
981.015947,info,IMU,3265.3571,-0.52734375,-1.30859375,7.91796875,-0.08984375,0.041015625,-0.080078125,0.0927734375,0.4619140625,-0.7802734375
981.036152,info,IMU,3265.3771,-0.12109375,-1.21875,11.59375,-0.08984375,-0.021484375,-0.103515625,0.0859375,0.46484375,-0.779296875
981.055780,info,IMU,3265.3971,-0.50390625,-1.70703125,9.83984375,-0.205078125,0.00390625,-0.087890625,0.087890625,0.4658203125,-0.7783203125
981.075994,info,IMU,3265.4171,-1.45703125,-1.4140625,11.26953125,0.03515625,-0.01171875,-0.08984375,0.0869140625,0.466796875,-0.7763671875
981.096246,info,IMU,3265.4371,-1.125,-1.375,7.53125,-0.095703125,-0.0390625,-0.087890625,0.0859375,0.4677734375,-0.7783203125
981.116581,info,IMU,3265.4571,-0.46484375,-1.22265625,9.73046875,-0.107421875,-0.017578125,-0.08203125,0.0869140625,0.4677734375,-0.7763671875
981.136443,info,IMU,3265.4771,-0.01171875,-1.98828125,9.5625,-0.03515625,0.001953125,-0.07421875,0.0830078125,0.4677734375,-0.7734375
981.156297,info,IMU,3265.4971,-0.3359375,-1.2421875,9.10546875,0.037109375,-0.03515625,-0.09375,0.0849609375,0.4716796875,-0.775390625
981.175849,info,IMU,3265.5171,-0.91796875,-1.80078125,8.8046875,-0.009765625,0.041015625,-0.099609375,0.080078125,0.46875,-0.7763671875
981.196311,info,IMU,3265.5371,-0.79296875,-1.5859375,8.86328125,0.11328125,-0.08984375,-0.103515625,0.0810546875,0.470703125,-0.775390625
981.215868,info,IMU,3265.5571,-0.703125,-0.9765625,9.30078125,-0.01953125,-0.08203125,-0.087890625,0.0771484375,0.4697265625,-0.7744140625
981.236740,info,IMU,3265.5771,-0.30859375,-1.515625,8.09765625,0.076171875,-0.021484375,-0.087890625,0.0771484375,0.4697265625,-0.7744140625
981.256148,info,IMU,3265.5971,0.0546875,-1.28515625,8.53125,0.10546875,-0.076171875,-0.09765625,0.0751953125,0.4658203125,-0.7763671875
981.275751,info,IMU,3265.6171,-0.3671875,-1.234375,8.29296875,0.005859375,0.048828125,-0.09765625,0.0712890625,0.4638671875,-0.77734375
981.295993,info,IMU,3265.6371,-0.71875,-1.79296875,7.90625,0.1875,-0.048828125,-0.103515625,0.072265625,0.462890625,-0.7783203125
981.316240,info,IMU,3265.6571,-0.9453125,-1.5625,8.30078125,0.056640625,-0.044921875,-0.103515625,0.0693359375,0.4599609375,-0.779296875
981.337112,info,IMU,3265.6771,-0.44140625,-1.15234375,7.7578125,0.12109375,-0.080078125,-0.0859375,0.0703125,0.45703125,-0.7783203125
981.356043,info,IMU,3265.6971000000003,-0.06640625,-1.91015625,10.6796875,0.126953125,-0.107421875,-0.078125,0.06640625,0.45703125,-0.7802734375
981.376295,info,IMU,3265.7171000000003,0.38671875,-1.7578125,7.8046875,0.1171875,-0.03125,-0.076171875,0.0654296875,0.4521484375,-0.7841796875
981.395965,info,IMU,3265.7371000000003,0.328125,-1.203125,10.10546875,0.07421875,-0.001953125,-0.087890625,0.064453125,0.451171875,-0.783203125
981.416170,info,IMU,3265.7571000000003,-0.12109375,-1.24609375,11.39453125,0.076171875,-0.0234375,-0.10546875,0.0625,0.44921875,-0.7841796875
981.437482,info,IMU,3265.7771000000002,-1.39453125,-0.91796875,12.09375,-0.02734375,0.037109375,-0.10546875,0.0595703125,0.44921875,-0.7841796875
981.457759,info,IMU,3265.7971000000002,-1.1953125,-1.23828125,7.9765625,0.19921875,-0.0234375,-0.103515625,0.0615234375,0.4482421875,-0.7861328125
981.476113,info,IMU,3265.8171,-0.3671875,-0.86328125,10.84765625,0.03125,0.046875,-0.091796875,0.05859375,0.4462890625,-0.787109375
981.495749,info,IMU,3265.8371,0.17578125,-1.68359375,9.73828125,0.013671875,0.044921875,-0.0859375,0.0576171875,0.4453125,-0.7861328125
981.516042,info,IMU,3265.8571,-0.68359375,-1.85546875,11.578125,-0.0078125,0.115234375,-0.091796875,0.05859375,0.4462890625,-0.787109375
981.536227,info,IMU,3265.8771,-1.0078125,-1.3671875,7.32421875,0.05859375,0.0234375,-0.111328125,0.0615234375,0.443359375,-0.7861328125
981.555805,info,IMU,3265.8971,-0.77734375,-1.39453125,11.6953125,0.001953125,0.025390625,-0.109375,0.05859375,0.443359375,-0.791015625
981.576025,info,IMU,3265.9171,0.46875,-1.34765625,10.16015625,-0.044921875,0.109375,-0.083984375,0.0595703125,0.4423828125,-0.787109375
981.596268,info,IMU,3265.9371,-0.01171875,-1.5546875,9.734375,-0.06640625,0.05078125,-0.07421875,0.0625,0.443359375,-0.787109375
981.615862,info,IMU,3265.9571,-0.50390625,-1.21875,13.3046875,0.0390625,0.080078125,-0.087890625,0.0615234375,0.4462890625,-0.78515625
981.636102,info,IMU,3265.9771,-0.08203125,-0.8671875,10.734375,-0.12890625,0.12890625,-0.080078125,0.0625,0.4453125,-0.787109375
981.655691,info,IMU,3265.9971,-0.7734375,-1.3359375,9.88671875,0.015625,0.015625,-0.068359375,0.0595703125,0.4453125,-0.7841796875
981.675913,info,IMU,3266.0171,-0.37890625,-1.40234375,11.4453125,-0.099609375,0.00390625,-0.060546875,0.0625,0.4501953125,-0.787109375
981.696121,info,IMU,3266.0371,-0.00390625,-1.45703125,7.453125,-0.056640625,0.021484375,-0.052734375,0.0615234375,0.447265625,-0.787109375
981.715724,info,IMU,3266.0571,-0.43359375,-1.40625,11.04296875,-0.064453125,-0.072265625,-0.05859375,0.0625,0.4501953125,-0.78515625
981.735997,info,IMU,3266.0771,-0.30078125,-1.96484375,10.87109375,-0.08984375,0.03515625,-0.04296875,0.0615234375,0.4521484375,-0.78515625
981.756183,info,IMU,3266.0971,-0.32421875,-1.6640625,10.87890625,-0.06640625,-0.126953125,-0.03125,0.060546875,0.4501953125,-0.7822265625
981.775772,info,IMU,3266.1171,-0.73046875,-1.359375,13.66015625,-0.1796875,-0.05078125,-0.017578125,0.05859375,0.4521484375,-0.7822265625
981.796284,info,IMU,3266.1371,-0.25390625,-1.41796875,11.91796875,-0.021484375,0.001953125,-0.0234375,0.060546875,0.4580078125,-0.7822265625
981.816880,info,IMU,3266.1571,-0.5546875,-0.5625,11.38671875,-0.060546875,-0.109375,-0.056640625,0.0556640625,0.455078125,-0.779296875
981.835862,info,IMU,3266.1771,-0.6640625,-1.0234375,12.3125,-0.1875,0.06640625,-0.060546875,0.0576171875,0.4580078125,-0.7783203125
981.856080,info,IMU,3266.1971000000003,-0.91015625,-2.0703125,11.89453125,-0.103515625,0.03125,-0.05078125,0.05859375,0.4619140625,-0.7783203125
981.875692,info,IMU,3266.2171000000003,-1.73046875,-1.1171875,13.8671875,-0.1171875,0.03125,-0.05859375,0.0556640625,0.4638671875,-0.7783203125
981.895904,info,IMU,3266.2371000000003,-1.4921875,-0.51953125,10.99609375,-0.212890625,0.142578125,-0.078125,0.0546875,0.46484375,-0.7763671875
981.916126,info,IMU,3266.2571000000003,-0.68359375,-0.73046875,11.4453125,-0.125,0.01953125,-0.09375,0.0556640625,0.46875,-0.775390625
981.935720,info,IMU,3266.2771000000002,-1.5234375,-1.24609375,12.203125,-0.1796875,0.05078125,-0.091796875,0.0556640625,0.4716796875,-0.7734375
981.955980,info,IMU,3266.2971000000002,-1.984375,-0.734375,10.40234375,-0.119140625,0.046875,-0.11328125,0.0556640625,0.474609375,-0.771484375
981.976173,info,IMU,3266.3171,-1.40234375,-0.8828125,10.203125,-0.20703125,-0.01953125,-0.140625,0.0546875,0.4775390625,-0.771484375
981.995757,info,IMU,3266.3371,-0.6015625,-1.5546875,11.71875,-0.263671875,0.052734375,-0.115234375,0.0556640625,0.48046875,-0.7705078125
982.016009,info,IMU,3266.3571,-0.04296875,-1.8046875,11.1953125,-0.03515625,0.1015625,-0.1015625,0.0576171875,0.4833984375,-0.7666015625
982.036245,info,IMU,3266.3771,-0.5859375,-1.26953125,10.48828125,-0.208984375,0.044921875,-0.111328125,0.0556640625,0.484375,-0.763671875
982.055848,info,IMU,3266.3971,-1.41796875,-1.6484375,11.08984375,-0.171875,0.05078125,-0.142578125,0.0576171875,0.4892578125,-0.7646484375
982.076049,info,IMU,3266.4171,-0.87890625,-1.4296875,11.4453125,-0.17578125,0.05078125,-0.14453125,0.0576171875,0.4931640625,-0.76171875
982.095665,info,IMU,3266.4371,-0.3828125,-1.13671875,9.2265625,-0.134765625,-0.001953125,-0.09375,0.052734375,0.494140625,-0.7626953125
982.115921,info,IMU,3266.4571,-0.4765625,-1.3046875,9.7265625,-0.119140625,0.046875,-0.0859375,0.0576171875,0.49609375,-0.759765625
982.136116,info,IMU,3266.4771,-0.41015625,-1.5859375,6.4375,-0.08203125,-0.009765625,-0.11328125,0.0546875,0.4990234375,-0.759765625
982.155699,info,IMU,3266.4971,-0.12890625,-1.80078125,8.98046875,-0.134765625,0.02734375,-0.123046875,0.0556640625,0.501953125,-0.7578125
982.175950,info,IMU,3266.5171,-0.296875,-2.14453125,8.2109375,-0.04296875,0.021484375,-0.09765625,0.05078125,0.5009765625,-0.7578125
982.196173,info,IMU,3266.5371,-1.3984375,-1.69140625,8.33984375,-0.0078125,-0.005859375,-0.0859375,0.048828125,0.5029296875,-0.755859375
982.215760,info,IMU,3266.5571,-0.93359375,-1.4765625,8.28125,0.013671875,-0.03515625,-0.095703125,0.0498046875,0.5029296875,-0.7568359375
982.236027,info,IMU,3266.5771,0.109375,-1.7578125,8.6328125,0.02734375,-0.04296875,-0.083984375,0.048828125,0.501953125,-0.755859375
982.256261,info,IMU,3266.5971,-0,-1.82421875,5.640625,0.03515625,-0.044921875,-0.078125,0.0498046875,0.50390625,-0.755859375
982.275824,info,IMU,3266.6171,-0.48828125,-1.62109375,6.8125,0.1015625,-0.037109375,-0.083984375,0.044921875,0.50390625,-0.7587890625
982.296042,info,IMU,3266.6371,-0.5546875,-1.8515625,6.3046875,0.1015625,0.0546875,-0.080078125,0.0419921875,0.4990234375,-0.7587890625
982.316281,info,IMU,3266.6571,-0.0625,-1.765625,6.3984375,0.154296875,-0.0078125,-0.07421875,0.0419921875,0.4990234375,-0.7587890625
982.335868,info,IMU,3266.6771,-0.0234375,-1.06640625,7.953125,0.146484375,0.052734375,-0.0625,0.04296875,0.49609375,-0.7607421875
982.356118,info,IMU,3266.6971000000003,-0.12109375,-1.83203125,7.03125,0.166015625,0.01171875,-0.064453125,0.0439453125,0.4912109375,-0.7587890625
982.375696,info,IMU,3266.7171000000003,-0.1875,-1.3125,6.93359375,0.1953125,-0.046875,-0.0703125,0.0458984375,0.4892578125,-0.76171875
982.396147,info,IMU,3266.7371000000003,-0.07421875,-1.453125,6.171875,0.19921875,0.087890625,-0.068359375,0.041015625,0.4853515625,-0.765625
982.416169,info,IMU,3266.7571000000003,-0.35546875,-1.73046875,5.32421875,0.220703125,-0.021484375,-0.0625,0.04296875,0.482421875,-0.767578125
982.435759,info,IMU,3266.7771000000002,-0.64453125,-1.40234375,9.7890625,0.20703125,0.09375,-0.0625,0.0400390625,0.4775390625,-0.7685546875
982.456115,info,IMU,3266.7971000000002,-0.046875,-1.56640625,6.33984375,0.1875,0.111328125,-0.064453125,0.0419921875,0.4736328125,-0.7724609375
982.476223,info,IMU,3266.8171,-0.05078125,-1.39453125,8.67578125,0.25,0.01171875,-0.068359375,0.0419921875,0.46875,-0.775390625
982.495795,info,IMU,3266.8371,0.33203125,-1.25,8.65234375,0.177734375,0.185546875,-0.064453125,0.0419921875,0.4658203125,-0.7763671875
982.516053,info,IMU,3266.8571,0.4140625,-1.6015625,7.58984375,0.158203125,0.126953125,-0.060546875,0.0439453125,0.4599609375,-0.7783203125
982.536251,info,IMU,3266.8771,-0.26953125,-1.484375,11.578125,0.29296875,0.158203125,-0.0625,0.046875,0.458984375,-0.779296875
982.555859,info,IMU,3266.8971,-0.6796875,-1.5234375,7.53125,0.16015625,0.232421875,-0.0625,0.048828125,0.4541015625,-0.783203125
982.576103,info,IMU,3266.9171,-0.67578125,-1.46875,6.59375,0.19140625,0.119140625,-0.072265625,0.0498046875,0.4501953125,-0.7822265625
982.595726,info,IMU,3266.9371,-0.2109375,-1.625,10.0390625,0.12890625,0.154296875,-0.060546875,0.0537109375,0.44921875,-0.7861328125
982.615944,info,IMU,3266.9571,0.44140625,-1.45703125,8.48828125,0.130859375,0.216796875,-0.041015625,0.05859375,0.443359375,-0.787109375
982.636141,info,IMU,3266.9771,0.21484375,-1.796875,8.25,0.169921875,0.134765625,-0.041015625,0.0595703125,0.443359375,-0.791015625
982.655741,info,IMU,3266.9971,0.13671875,-1.1484375,11.56640625,0.07421875,0.224609375,-0.037109375,0.06640625,0.4384765625,-0.7900390625
982.675974,info,IMU,3267.0171,0.56640625,-1.6328125,9.2734375,0.078125,0.25390625,-0.021484375,0.06640625,0.4384765625,-0.7900390625
982.696220,info,IMU,3267.0371,-0.09375,-1.140625,11.15234375,0.08203125,0.177734375,-0.015625,0.0712890625,0.435546875,-0.7900390625
982.715812,info,IMU,3267.0571,0.02734375,-1.390625,10.35546875,0.037109375,0.283203125,-0.01171875,0.07421875,0.4345703125,-0.791015625
982.736049,info,IMU,3267.0771,0.22265625,-0.8984375,10.12890625,0.04296875,0.259765625,-0.01171875,0.0791015625,0.435546875,-0.79296875
982.756286,info,IMU,3267.0971,0.06640625,-1.2109375,12.15625,0.00390625,0.314453125,-0.0078125,0.0849609375,0.4345703125,-0.7919921875
982.775856,info,IMU,3267.1171,-0.37109375,-1.36328125,9.87890625,0.01171875,0.349609375,0.001953125,0.08984375,0.435546875,-0.7939453125
982.796127,info,IMU,3267.1371,-0.82421875,-0.8828125,9.765625,0.02734375,0.251953125,-0.0078125,0.09765625,0.431640625,-0.791015625
982.815740,info,IMU,3267.1571,-0.96875,-1.16015625,8.28515625,-0.037109375,0.328125,-0.0078125,0.0986328125,0.4326171875,-0.791015625
982.836001,info,IMU,3267.1771,-0.77734375,-1.359375,8.71875,-0.033203125,0.26953125,-0.009765625,0.1064453125,0.4345703125,-0.791015625
982.856126,info,IMU,3267.1971000000003,-0.80859375,-1.85546875,9.25,0.0390625,0.296875,-0.009765625,0.1123046875,0.435546875,-0.791015625
982.875749,info,IMU,3267.2171000000003,-0.9375,-1.15625,7.78515625,0.0234375,0.306640625,-0.005859375,0.1220703125,0.4345703125,-0.7939453125
982.895959,info,IMU,3267.2371000000003,-1.28515625,-1.75,7.2265625,0.072265625,0.185546875,-0.017578125,0.1240234375,0.431640625,-0.791015625
982.916253,info,IMU,3267.2571000000003,-1.15625,-1.078125,9.90625,0.021484375,0.208984375,-0.0234375,0.126953125,0.4306640625,-0.79296875
982.935819,info,IMU,3267.2771000000002,-1.30078125,-1.42578125,7.5703125,0.033203125,0.1640625,-0.021484375,0.1328125,0.43359375,-0.7919921875
982.956008,info,IMU,3267.2971000000002,-2.109375,-1.4453125,10.69140625,0.078125,0.078125,-0.03515625,0.134765625,0.43359375,-0.794921875
982.976244,info,IMU,3267.3171,-2.53515625,-1.05859375,10.1171875,0.005859375,0.08984375,-0.0546875,0.13671875,0.4287109375,-0.7939453125
982.996043,info,IMU,3267.3371,-2.68359375,-0.9296875,11.05078125,-0,0.046875,-0.072265625,0.13671875,0.4306640625,-0.79296875
983.016156,info,IMU,3267.3571,-2.28125,-0.7890625,11.37890625,-0.017578125,0.03125,-0.091796875,0.1376953125,0.4326171875,-0.7919921875
983.036341,info,IMU,3267.3771,-2.25390625,0.00390625,11.0546875,-0.03125,-0.029296875,-0.107421875,0.134765625,0.4296875,-0.794921875
983.055926,info,IMU,3267.3971,-1.6875,-0.55859375,12.453125,-0.13671875,-0.029296875,-0.115234375,0.1328125,0.4326171875,-0.791015625
983.076131,info,IMU,3267.4171,-1.6484375,-1.33203125,8.8828125,-0.064453125,-0.220703125,-0.12109375,0.130859375,0.435546875,-0.791015625
983.095780,info,IMU,3267.4371,-2.05859375,-0.99609375,11.74609375,-0.1328125,-0.1796875,-0.125,0.126953125,0.4345703125,-0.7919921875
983.115992,info,IMU,3267.4571,-1.5859375,-1.80078125,6.53515625,-0.14453125,-0.271484375,-0.134765625,0.12109375,0.4375,-0.7919921875
983.136262,info,IMU,3267.4771,-1.4453125,-0.9140625,14.13671875,-0.0546875,-0.3828125,-0.158203125,0.11328125,0.4404296875,-0.7890625
983.155861,info,IMU,3267.4971,-0.15234375,-1.48046875,7.91796875,-0.125,-0.271484375,-0.134765625,0.107421875,0.439453125,-0.7900390625
983.176027,info,IMU,3267.5171,-0.6796875,-0.98046875,10.0234375,-0.01171875,-0.41015625,-0.1328125,0.09765625,0.4443359375,-0.7900390625
983.196231,info,IMU,3267.5371,-1.14453125,-1.39453125,8.87109375,-0.115234375,-0.326171875,-0.14453125,0.0888671875,0.4423828125,-0.7890625
983.215871,info,IMU,3267.5571,-0.921875,-1.47265625,10.08203125,-0.072265625,-0.353515625,-0.142578125,0.083984375,0.4453125,-0.7861328125
983.236052,info,IMU,3267.5771,-0.5234375,-1.37109375,10.08984375,0.0625,-0.42578125,-0.1328125,0.072265625,0.4482421875,-0.787109375
983.255686,info,IMU,3267.5971,-0.38671875,-0.2734375,11.20703125,-0.1015625,-0.34375,-0.119140625,0.0625,0.4453125,-0.78515625
983.275894,info,IMU,3267.6171,-0.60546875,-0.96875,9.05859375,-0.078125,-0.408203125,-0.115234375,0.05859375,0.4482421875,-0.787109375
983.296285,info,IMU,3267.6371,0.1328125,-0.2421875,13.9296875,-0.103515625,-0.27734375,-0.115234375,0.0498046875,0.4501953125,-0.78515625
983.315711,info,IMU,3267.6571,0.328125,-0.3984375,8.79296875,0.013671875,-0.228515625,-0.11328125,0.044921875,0.4501953125,-0.783203125
983.336075,info,IMU,3267.6771,-0.30859375,-0.40625,10.17578125,0.033203125,-0.271484375,-0.119140625,0.03515625,0.451171875,-0.783203125
983.356200,info,IMU,3267.6971000000003,-0.76171875,-1.2109375,10.16796875,-0.01953125,-0.12890625,-0.1328125,0.0302734375,0.451171875,-0.78125
983.378392,info,IMU,3267.7171000000003,-0.1015625,-0.66015625,10.55078125,-0.064453125,-0.171875,-0.12109375,0.0263671875,0.4482421875,-0.783203125
983.396305,info,IMU,3267.7371000000003,0.01171875,-0.48828125,11.76171875,0.00390625,-0.169921875,-0.09765625,0.0244140625,0.4521484375,-0.7822265625
983.416394,info,IMU,3267.7571000000003,0.98046875,-0.40625,11.359375,-0.07421875,-0.07421875,-0.078125,0.0166015625,0.451171875,-0.7822265625
983.435845,info,IMU,3267.7771000000002,0.796875,-0.66796875,9.140625,0.044921875,-0.064453125,-0.07421875,0.0166015625,0.4482421875,-0.7783203125
983.456105,info,IMU,3267.7971000000002,0.21484375,-0.7734375,9.76171875,0.07421875,-0.060546875,-0.087890625,0.017578125,0.4501953125,-0.7802734375
983.476105,info,IMU,3267.8171,-0.3046875,-0.93359375,9.5859375,-0.029296875,0.001953125,-0.1015625,0.015625,0.4482421875,-0.779296875
983.495890,info,IMU,3267.8371,-0.1484375,-1.48828125,9.4453125,-0.001953125,0.009765625,-0.091796875,0.013671875,0.4482421875,-0.779296875
983.516113,info,IMU,3267.8571,0.6875,-0.953125,9.296875,0.02734375,-0.021484375,-0.064453125,0.01171875,0.44921875,-0.78125
983.535704,info,IMU,3267.8771,0.3984375,-0.6015625,10.9375,0.041015625,0.111328125,-0.05078125,0.015625,0.4482421875,-0.78125
983.555960,info,IMU,3267.8971,-0.07421875,-1.05859375,9.53515625,-0.029296875,0.1484375,-0.060546875,0.013671875,0.4521484375,-0.78515625
983.576165,info,IMU,3267.9171,-0.1875,-1.1484375,10.125,0.064453125,0.130859375,-0.080078125,0.015625,0.44921875,-0.7841796875
983.595772,info,IMU,3267.9371,-0.12109375,-0.72265625,10.43359375,-0.021484375,0.119140625,-0.083984375,0.01953125,0.4482421875,-0.7822265625
983.617090,info,IMU,3267.9571,-0.3828125,-0.921875,8.9765625,0.064453125,0.20703125,-0.072265625,0.0224609375,0.4443359375,-0.78515625
983.636237,info,IMU,3267.9771,-0.4296875,-0.84375,10.9140625,-0.017578125,0.203125,-0.0625,0.0224609375,0.4443359375,-0.78515625
983.655830,info,IMU,3267.9971,-0.2421875,-1.24609375,9.47265625,0.09765625,0.240234375,-0.0703125,0.0283203125,0.4453125,-0.783203125
983.676038,info,IMU,3268.0171,-0.46484375,-0.23828125,10.84765625,0.064453125,0.244140625,-0.08203125,0.029296875,0.4453125,-0.787109375
983.695653,info,IMU,3268.0371,-0.5703125,-0.5390625,9.96875,-0.07421875,0.208984375,-0.09375,0.0322265625,0.4443359375,-0.7890625
983.715885,info,IMU,3268.0571,-0.95703125,-0.953125,11.55859375,-0.03515625,0.248046875,-0.087890625,0.0361328125,0.4423828125,-0.7861328125
983.736108,info,IMU,3268.0771,-1.04296875,-0.5078125,11.02734375,0.0390625,0.255859375,-0.083984375,0.0439453125,0.4443359375,-0.7880859375
983.755707,info,IMU,3268.0971,-1.01171875,-0.14453125,9.640625,0.046875,0.203125,-0.087890625,0.046875,0.443359375,-0.787109375
983.775930,info,IMU,3268.1171,-0.51171875,-0.35546875,9.328125,-0.013671875,0.17578125,-0.08984375,0.05078125,0.4404296875,-0.78515625
983.796157,info,IMU,3268.1371,-0.5546875,-0.5,11.5546875,-0.025390625,0.294921875,-0.083984375,0.0537109375,0.439453125,-0.7861328125
983.815763,info,IMU,3268.1571,-0.625,-0.390625,10.63671875,-0.02734375,0.28125,-0.0859375,0.0576171875,0.4423828125,-0.7861328125
983.836003,info,IMU,3268.1771,-0.9453125,-0.0078125,10.84765625,0.021484375,0.2109375,-0.09765625,0.0595703125,0.4443359375,-0.7880859375
983.856205,info,IMU,3268.1971000000003,-0.76171875,-0.4140625,11.18359375,-0.111328125,0.21875,-0.09765625,0.064453125,0.4423828125,-0.7861328125
983.875804,info,IMU,3268.2171000000003,-1.4609375,-0.4296875,10.03125,0.00390625,0.173828125,-0.095703125,0.0673828125,0.4462890625,-0.7880859375
983.896017,info,IMU,3268.2371000000003,-1.0078125,0.21484375,12.18359375,-0.05078125,0.142578125,-0.09375,0.072265625,0.4453125,-0.787109375
983.917026,info,IMU,3268.2571000000003,-0.7734375,-0.34765625,8.3515625,-0.017578125,0.134765625,-0.091796875,0.068359375,0.4462890625,-0.7861328125
983.935849,info,IMU,3268.2771000000002,-0.23046875,0.125,11.10546875,-0.03125,0.087890625,-0.08984375,0.0712890625,0.44921875,-0.787109375
983.956087,info,IMU,3268.2971000000002,-0.2421875,-0.7109375,8.51953125,-0.142578125,0.15625,-0.080078125,0.07421875,0.4462890625,-0.7861328125
983.975682,info,IMU,3268.3171,-0.8125,-0.1796875,11.16796875,-0.029296875,0.12890625,-0.087890625,0.0791015625,0.44921875,-0.7861328125
983.995920,info,IMU,3268.3371,-1.12109375,-0.6015625,7.01171875,-0.060546875,0.009765625,-0.095703125,0.0771484375,0.4482421875,-0.7861328125
984.016146,info,IMU,3268.3571,-0.671875,-0.26953125,10.97265625,-0.044921875,0.09765625,-0.091796875,0.076171875,0.451171875,-0.78515625
984.035775,info,IMU,3268.3771,-0.51953125,-0.48828125,7.69140625,-0.080078125,0.099609375,-0.060546875,0.076171875,0.453125,-0.7841796875
984.055981,info,IMU,3268.3971,-0.75390625,-0.10546875,9.97265625,0.076171875,-0.056640625,-0.076171875,0.076171875,0.451171875,-0.78515625
984.076213,info,IMU,3268.4171,-0.71484375,-0.109375,7.92578125,-0.087890625,0.02734375,-0.080078125,0.0771484375,0.4501953125,-0.7841796875
984.095812,info,IMU,3268.4371,-0.7109375,-0.5,8.22265625,0.033203125,0.013671875,-0.08984375,0.0771484375,0.4521484375,-0.7822265625
984.116068,info,IMU,3268.4571,-0.78125,-0.83203125,9.33984375,-0.0234375,-0.02734375,-0.08203125,0.07421875,0.4521484375,-0.783203125
984.135659,info,IMU,3268.4771,-0.53125,-0.453125,9.2890625,0.02734375,0.05859375,-0.0703125,0.0751953125,0.4501953125,-0.783203125
984.155843,info,IMU,3268.4971,-0.7109375,-0.2578125,8.4453125,0.05078125,-0.033203125,-0.07421875,0.076171875,0.451171875,-0.7861328125
984.176132,info,IMU,3268.5171,-0.859375,-0.44140625,9.50390625,0.05078125,-0.0703125,-0.0859375,0.07421875,0.4501953125,-0.783203125
984.195700,info,IMU,3268.5371,-0.91796875,-0.55078125,8.43359375,0.017578125,0.01171875,-0.083984375,0.076171875,0.44921875,-0.7841796875
984.215945,info,IMU,3268.5571,-1.17578125,-0.4609375,8.2109375,0.12109375,-0.091796875,-0.087890625,0.072265625,0.447265625,-0.7861328125
984.236126,info,IMU,3268.5771,-1.17578125,-0.15625,9.8515625,0.041015625,-0.09375,-0.08203125,0.0703125,0.4453125,-0.787109375
984.255736,info,IMU,3268.5971,-1.1171875,-0.7890625,7.89453125,0.0625,0.013671875,-0.078125,0.068359375,0.4443359375,-0.783203125
984.275958,info,IMU,3268.6171,-1.11328125,-0.0078125,8.38671875,0.20703125,-0.16796875,-0.09765625,0.0673828125,0.4443359375,-0.7880859375
984.296245,info,IMU,3268.6371,-1.0625,-0.3984375,8.43359375,-0.060546875,-0.1171875,-0.083984375,0.0615234375,0.443359375,-0.7880859375
984.315829,info,IMU,3268.6571,-0.80859375,-0.8828125,8.65234375,0.111328125,-0.13671875,-0.091796875,0.0615234375,0.4404296875,-0.7880859375
984.336027,info,IMU,3268.6771,-1.1171875,-0.76953125,11.40625,0.02734375,-0.142578125,-0.08984375,0.0595703125,0.439453125,-0.7900390625
984.356247,info,IMU,3268.6971000000003,-0.84375,-0.6171875,7.375,0.173828125,-0.142578125,-0.095703125,0.0556640625,0.4384765625,-0.7900390625
984.375870,info,IMU,3268.7171000000003,-0.609375,-0.21875,11.01953125,0.0625,-0.12890625,-0.087890625,0.052734375,0.4345703125,-0.7880859375
984.396110,info,IMU,3268.7371000000003,-0.74609375,-0.6484375,8.1796875,0.076171875,-0.15625,-0.083984375,0.0498046875,0.435546875,-0.7900390625
984.415737,info,IMU,3268.7571000000003,-1.23828125,-0.69921875,10.28515625,0.099609375,-0.125,-0.09375,0.044921875,0.4306640625,-0.791015625
984.435902,info,IMU,3268.7771000000002,-0.859375,-0.5078125,8.91796875,0.138671875,-0.162109375,-0.103515625,0.0419921875,0.4306640625,-0.7939453125
984.456123,info,IMU,3268.7971000000002,-1.09375,-0.70703125,10.01953125,-0.00390625,-0.09375,-0.08203125,0.0380859375,0.42578125,-0.7919921875
984.475758,info,IMU,3268.8171,-0.83984375,-0.6953125,8.875,0.091796875,-0.234375,-0.0859375,0.03515625,0.427734375,-0.794921875
984.496177,info,IMU,3268.8371,-1,-0.4609375,12.44140625,0.044921875,-0.1015625,-0.09375,0.033203125,0.4267578125,-0.7978515625
984.516297,info,IMU,3268.8571,-0.88671875,-0.4609375,7.6328125,0.017578125,-0.150390625,-0.087890625,0.0263671875,0.4267578125,-0.79296875
984.535791,info,IMU,3268.8771,-1.12109375,0.26171875,13.85546875,-0.046875,-0.1953125,-0.099609375,0.0224609375,0.4208984375,-0.7939453125
984.556004,info,IMU,3268.8971,-1.34375,-0.11328125,10.29296875,-0.064453125,-0.1953125,-0.10546875,0.017578125,0.421875,-0.79296875
984.577046,info,IMU,3268.9171,-1.8359375,0.2109375,11.953125,-0.00390625,-0.291015625,-0.12890625,0.0126953125,0.4228515625,-0.7919921875
984.595877,info,IMU,3268.9371,-1.47265625,0.09765625,10.8046875,-0.130859375,-0.236328125,-0.126953125,0.0078125,0.423828125,-0.79296875
984.616109,info,IMU,3268.9571,-0.7109375,-0.5234375,9.65234375,-0.1171875,-0.37890625,-0.111328125,0.0048828125,0.427734375,-0.791015625
984.635680,info,IMU,3268.9771,-0.89453125,-1.078125,12.73828125,-0.1484375,-0.322265625,-0.1015625,-0.0029296875,0.4267578125,-0.7900390625
984.655899,info,IMU,3268.9971,-1.328125,-0.79296875,9.89453125,-0.087890625,-0.328125,-0.1171875,-0.0087890625,0.4306640625,-0.7890625
984.676122,info,IMU,3269.0171,-1.14453125,-0.1953125,10.37890625,0.009765625,-0.44140625,-0.13671875,-0.017578125,0.4306640625,-0.7890625
984.695719,info,IMU,3269.0371,-0.08984375,-0.1328125,11,-0.203125,-0.39453125,-0.111328125,-0.0263671875,0.43359375,-0.7861328125
984.716857,info,IMU,3269.0571,0.00390625,-0.640625,12.19140625,-0.193359375,-0.41015625,-0.07421875,-0.0322265625,0.4345703125,-0.7822265625
984.736191,info,IMU,3269.0771,-0.65234375,-0.59375,12.07421875,-0.08203125,-0.431640625,-0.08984375,-0.04296875,0.4384765625,-0.7802734375
984.755766,info,IMU,3269.0971,-0.64453125,-0.1328125,10.3984375,-0.087890625,-0.337890625,-0.12109375,-0.0498046875,0.4423828125,-0.78125
984.775998,info,IMU,3269.1171,-0.22265625,-0.78125,10.7109375,-0.162109375,-0.3828125,-0.1171875,-0.05859375,0.439453125,-0.7783203125
984.796423,info,IMU,3269.1371,0.14453125,-1.16015625,11.87890625,-0.18359375,-0.30859375,-0.08203125,-0.06640625,0.4453125,-0.7763671875
984.815844,info,IMU,3269.1571,-0.33984375,-0.953125,10.40234375,-0.068359375,-0.3125,-0.064453125,-0.0732421875,0.4453125,-0.7734375
984.836060,info,IMU,3269.1771,-0.41796875,-0.54296875,11.38671875,-0.119140625,-0.267578125,-0.087890625,-0.080078125,0.447265625,-0.76953125
984.855670,info,IMU,3269.1971000000003,0.18359375,-0.78515625,10.12890625,-0.150390625,-0.232421875,-0.099609375,-0.0859375,0.4482421875,-0.7705078125
984.875862,info,IMU,3269.2171000000003,0.17578125,-1.15625,10.203125,-0.05859375,-0.26953125,-0.0859375,-0.0908203125,0.4482421875,-0.767578125
984.896105,info,IMU,3269.2371000000003,-0.28515625,-0.69140625,10.58203125,-0.07421875,-0.220703125,-0.0703125,-0.0986328125,0.451171875,-0.7646484375
984.915719,info,IMU,3269.2571000000003,-0.0546875,-0.90625,9.04296875,-0.041015625,-0.15234375,-0.07421875,-0.1025390625,0.4482421875,-0.7646484375
984.935947,info,IMU,3269.2771000000002,0.87890625,-0.18359375,10.55078125,0.025390625,-0.24609375,-0.076171875,-0.107421875,0.4501953125,-0.7626953125
984.956162,info,IMU,3269.2971000000002,0.8984375,-0.38671875,10.2890625,-0.1015625,-0.080078125,-0.048828125,-0.115234375,0.447265625,-0.7646484375
984.975741,info,IMU,3269.3171,0.04296875,-1.0078125,8.5390625,0.1171875,-0.205078125,-0.06640625,-0.1142578125,0.44921875,-0.76171875
984.996002,info,IMU,3269.3371,0.15625,-0.4921875,11.375,-0.03125,-0.115234375,-0.078125,-0.1171875,0.447265625,-0.7626953125
985.016899,info,IMU,3269.3571,0.9609375,-0.546875,8.66015625,0.02734375,-0.037109375,-0.0546875,-0.1201171875,0.447265625,-0.7646484375
985.035813,info,IMU,3269.3771,-0.0390625,-0.703125,10.296875,0.126953125,-0.14453125,-0.052734375,-0.125,0.4482421875,-0.7607421875
985.056284,info,IMU,3269.3971,-0.2421875,0.03515625,9.796875,0.056640625,0.00390625,-0.068359375,-0.1259765625,0.4462890625,-0.7626953125
985.075718,info,IMU,3269.4171,0.22265625,-0.24609375,8.4921875,0.0703125,0.03125,-0.080078125,-0.1240234375,0.4453125,-0.7626953125
985.096129,info,IMU,3269.4371,0.19921875,-0.60546875,9.5078125,0.16015625,-0.01953125,-0.076171875,-0.126953125,0.4423828125,-0.7646484375
985.116109,info,IMU,3269.4571,0.171875,-0.45703125,9.62890625,0.0234375,0.111328125,-0.0625,-0.1279296875,0.4404296875,-0.7646484375
985.135881,info,IMU,3269.4771,0.5,-0.8828125,8.4609375,0.158203125,-0.00390625,-0.0703125,-0.1259765625,0.4404296875,-0.765625
985.155914,info,IMU,3269.4971,0.48828125,-0.72265625,10.83203125,0.02734375,0.1875,-0.056640625,-0.125,0.435546875,-0.765625
985.176136,info,IMU,3269.5171,0.9453125,-0.40625,6.8046875,0.1328125,0.146484375,-0.060546875,-0.1220703125,0.4345703125,-0.765625
985.195722,info,IMU,3269.5371,0.546875,-0.765625,10.4140625,0.0703125,0.15625,-0.060546875,-0.1181640625,0.431640625,-0.7685546875
985.215983,info,IMU,3269.5571,0.67578125,-1.03125,7.9921875,0.01171875,0.265625,-0.052734375,-0.115234375,0.431640625,-0.7724609375
985.236229,info,IMU,3269.5771,0.5546875,-0.80078125,10.3515625,0.099609375,0.22265625,-0.048828125,-0.109375,0.4296875,-0.7724609375
985.255786,info,IMU,3269.5971,0.765625,-0.83984375,9.3671875,0.072265625,0.349609375,-0.03515625,-0.107421875,0.4267578125,-0.7744140625
985.276006,info,IMU,3269.6171,0.859375,-0.640625,9.9609375,0.060546875,0.390625,-0.025390625,-0.1015625,0.4228515625,-0.7763671875
985.295663,info,IMU,3269.6371,0.69140625,-0.8671875,10.73046875,0.07421875,0.39453125,-0.03125,-0.09765625,0.4248046875,-0.7783203125
985.315850,info,IMU,3269.6571,0.8203125,-0.60546875,11.1484375,0.06640625,0.466796875,-0.033203125,-0.091796875,0.4208984375,-0.77734375
985.336080,info,IMU,3269.6771,0.8671875,-0.67578125,10.26171875,0.05078125,0.47265625,-0.0234375,-0.0830078125,0.423828125,-0.78125
985.355698,info,IMU,3269.6971000000003,0.51171875,-0.5703125,11.87109375,0.087890625,0.5,-0.015625,-0.07421875,0.4208984375,-0.78125
985.375946,info,IMU,3269.7171000000003,0.296875,-0.78125,9.80859375,-0.00390625,0.548828125,-0.0078125,-0.06640625,0.419921875,-0.7841796875
985.396194,info,IMU,3269.7371000000003,0.27734375,-0.69140625,10.26953125,0.08203125,0.4921875,-0.015625,-0.0546875,0.419921875,-0.7861328125
985.415948,info,IMU,3269.7571000000003,0.1015625,-0.6953125,9.9296875,-0.080078125,0.564453125,-0.009765625,-0.0478515625,0.4189453125,-0.7880859375
985.436030,info,IMU,3269.7771000000002,0.125,-0.78515625,9.26171875,0.01171875,0.5390625,-0.001953125,-0.0361328125,0.419921875,-0.7900390625
985.456220,info,IMU,3269.7971000000002,-0.5703125,-1.03125,9.375,-0.029296875,0.51171875,-0,-0.0234375,0.416015625,-0.794921875
985.475829,info,IMU,3269.8171,-0.47265625,-0.76953125,8.71875,0.03515625,0.583984375,0.001953125,-0.015625,0.41796875,-0.7919921875
985.496011,info,IMU,3269.8371,-0.296875,-0.65234375,9.95703125,-0.048828125,0.517578125,0.009765625,-0.0068359375,0.4189453125,-0.79296875
985.515659,info,IMU,3269.8571,-0.609375,-1.12109375,9.19140625,0.0234375,0.494140625,0.015625,0.0068359375,0.41796875,-0.7939453125
985.535839,info,IMU,3269.8771,-0.68359375,-0.62109375,10.2421875,0.0078125,0.513671875,0.015625,0.017578125,0.41796875,-0.7958984375
985.556076,info,IMU,3269.8971,-0.6640625,-0.78125,10.49609375,-0.01171875,0.48828125,0.017578125,0.021484375,0.4189453125,-0.7978515625
985.575694,info,IMU,3269.9171,-0.48828125,-0.796875,11.15625,0.033203125,0.40625,0.029296875,0.033203125,0.4169921875,-0.796875
985.595918,info,IMU,3269.9371,-0.796875,-0.57421875,10.0078125,0.0234375,0.345703125,0.02734375,0.0439453125,0.41796875,-0.7998046875
985.616126,info,IMU,3269.9571,-1.16796875,-0.49609375,9.69140625,0.05859375,0.37109375,0.021484375,0.05078125,0.4169921875,-0.7978515625
985.635723,info,IMU,3269.9771,-1.1484375,-0.54296875,11.42578125,-0.01953125,0.353515625,0.015625,0.0576171875,0.4150390625,-0.7998046875
985.655994,info,IMU,3269.9971,-1.12890625,-0.74609375,10.94140625,-0.0078125,0.349609375,0.025390625,0.06640625,0.4189453125,-0.7958984375
985.676174,info,IMU,3270.0171,-1.65234375,-0.53515625,10.171875,0.029296875,0.267578125,0.017578125,0.07421875,0.4169921875,-0.80078125
985.695789,info,IMU,3270.0371,-2.12109375,-0.16796875,10.15234375,-0.037109375,0.265625,0.001953125,0.07421875,0.4150390625,-0.80078125
985.716023,info,IMU,3270.0571,-2.37109375,-0.38671875,9.921875,-0.119140625,0.244140625,-0.00390625,0.0791015625,0.41796875,-0.7998046875
985.735662,info,IMU,3270.0771,-2.08203125,-0.03515625,10.77734375,-0.01171875,0.0859375,-0.025390625,0.080078125,0.41796875,-0.7978515625
985.755847,info,IMU,3270.0971,-1.78125,0.37890625,10.69140625,-0.09375,0.0625,-0.01953125,0.083984375,0.41796875,-0.796875
985.776067,info,IMU,3270.1171,-1.703125,-0.58984375,10.0546875,-0.12109375,0.001953125,-0.025390625,0.0849609375,0.4208984375,-0.796875
985.795701,info,IMU,3270.1371,-1.58984375,-0.28125,9.296875,-0.01953125,0.02734375,-0.041015625,0.0849609375,0.4248046875,-0.7978515625
985.815915,info,IMU,3270.1571,-2.01953125,-0.43359375,9.7734375,-0.1796875,0.037109375,-0.046875,0.08203125,0.4267578125,-0.794921875
985.836109,info,IMU,3270.1771,-1.578125,-0.7734375,8.3828125,-0.0703125,-0.115234375,-0.048828125,0.083984375,0.4296875,-0.794921875
985.855717,info,IMU,3270.1971000000003,-1.8828125,-1.02734375,10.1796875,-0.177734375,-0.119140625,-0.04296875,0.080078125,0.4287109375,-0.794921875
985.875945,info,IMU,3270.2171000000003,-1.49609375,-0.5,8.48828125,-0.107421875,-0.16015625,-0.0390625,0.0751953125,0.43359375,-0.794921875
985.896199,info,IMU,3270.2371000000003,-1.14453125,-0.671875,11.296875,-0.16015625,-0.166015625,-0.046875,0.0712890625,0.4306640625,-0.794921875
985.915780,info,IMU,3270.2571000000003,-0.96875,-0.81640625,8.04296875,-0.0390625,-0.22265625,-0.046875,0.068359375,0.4365234375,-0.7919921875
985.936003,info,IMU,3270.2771000000002,-1.25,-0.58984375,10.21484375,-0.203125,-0.203125,-0.037109375,0.0625,0.4375,-0.7880859375
985.955586,info,IMU,3270.2971000000002,-1.08984375,-0.86328125,8.94140625,-0.138671875,-0.27734375,-0.041015625,0.0576171875,0.4404296875,-0.7890625
985.975811,info,IMU,3270.3171,-1.3125,-0.73828125,11.49609375,-0.18359375,-0.2421875,-0.0390625,0.0546875,0.439453125,-0.787109375
985.996188,info,IMU,3270.3371,-0.953125,-0.80078125,8.98046875,-0.068359375,-0.2890625,-0.033203125,0.0478515625,0.4384765625,-0.7861328125
986.015721,info,IMU,3270.3571,-1.08984375,-0.16015625,10.41015625,-0.1328125,-0.380859375,-0.021484375,0.041015625,0.4443359375,-0.7861328125
986.035889,info,IMU,3270.3771,-1.2578125,-0.78515625,9.48828125,-0.0859375,-0.35546875,-0.0234375,0.0361328125,0.4462890625,-0.78515625
986.056109,info,IMU,3270.3971,-0.8046875,-0.70703125,9.984375,-0.072265625,-0.33203125,-0.025390625,0.029296875,0.44921875,-0.783203125
986.075714,info,IMU,3270.4171,-1.0078125,-1.01171875,9.11328125,-0.048828125,-0.298828125,-0.015625,0.021484375,0.44921875,-0.78125
986.095952,info,IMU,3270.4371,-0.6640625,-0.3046875,9.59765625,-0.07421875,-0.3515625,-0.015625,0.015625,0.451171875,-0.7841796875
986.116215,info,IMU,3270.4571,-0.51953125,-0.3359375,10.18359375,-0.060546875,-0.40625,-0.015625,0.0087890625,0.4521484375,-0.7783203125
986.135760,info,IMU,3270.4771,-1.0859375,-0.9765625,8.30078125,0.048828125,-0.427734375,-0.017578125,0.0029296875,0.453125,-0.7783203125
986.155994,info,IMU,3270.4971,-1.171875,-0.52734375,9.5625,-0.09765625,-0.279296875,-0.01953125,-0.00390625,0.455078125,-0.779296875
986.175570,info,IMU,3270.5171,-0.33984375,-0.76171875,9.89453125,-0.0390625,-0.291015625,-0.025390625,-0.01171875,0.453125,-0.7783203125
986.195800,info,IMU,3270.5371,0.234375,-0.3046875,11.74609375,-0.029296875,-0.400390625,-0.015625,-0.0205078125,0.453125,-0.7734375
986.216102,info,IMU,3270.5571,0.0625,-0.6171875,8.6796875,0.05078125,-0.359375,-0.013671875,-0.0244140625,0.455078125,-0.7734375
986.235777,info,IMU,3270.5771,-0.578125,-0.6328125,9.12890625,0.037109375,-0.341796875,-0.021484375,-0.0302734375,0.455078125,-0.7734375
986.255902,info,IMU,3270.5971,-0.56640625,-0.640625,8.59375,-0.00390625,-0.306640625,-0.03125,-0.0361328125,0.453125,-0.7734375
986.276092,info,IMU,3270.6171,-0.328125,-0.72265625,9.671875,0.005859375,-0.2265625,-0.021484375,-0.041015625,0.453125,-0.7734375
986.295718,info,IMU,3270.6371,-0.31640625,-1.0234375,8.953125,0.0859375,-0.287109375,-0.0234375,-0.044921875,0.4521484375,-0.771484375
986.315930,info,IMU,3270.6571,-0.04296875,-0.55859375,8.94140625,0.16015625,-0.26171875,-0.0234375,-0.0498046875,0.4501953125,-0.7705078125
986.336187,info,IMU,3270.6771,-0.203125,-0.765625,8.3515625,0.0703125,-0.216796875,-0.0234375,-0.0556640625,0.44921875,-0.7744140625
986.355772,info,IMU,3270.6971000000003,-0.26953125,-1.29296875,9.125,0.134765625,-0.1484375,-0.0234375,-0.060546875,0.44921875,-0.7744140625
986.375990,info,IMU,3270.7171000000003,-0.08984375,-0.84375,9.36328125,0.22265625,-0.0703125,-0.029296875,-0.060546875,0.4462890625,-0.7734375
986.396204,info,IMU,3270.7371000000003,-0.43359375,-0.75,8.640625,0.197265625,-0.078125,-0.03125,-0.0654296875,0.443359375,-0.7744140625
986.415832,info,IMU,3270.7571000000003,-0.375,-0.8671875,9.48828125,0.166015625,-0.072265625,-0.033203125,-0.064453125,0.4404296875,-0.7763671875
986.436043,info,IMU,3270.7771000000002,-0.2265625,-1.21484375,9.453125,0.15625,0.044921875,-0.02734375,-0.0673828125,0.4375,-0.7783203125
986.455660,info,IMU,3270.7971000000002,-0.2578125,-0.875,9.7578125,0.21875,0.021484375,-0.03125,-0.0693359375,0.435546875,-0.7783203125
986.476952,info,IMU,3270.8171,-0.3203125,-0.515625,9.96484375,0.130859375,0.05078125,-0.03515625,-0.068359375,0.431640625,-0.78125
986.496118,info,IMU,3270.8371,-0.0234375,-0.5234375,8.15625,0.21484375,0.056640625,-0.041015625,-0.0703125,0.4287109375,-0.7802734375
986.515695,info,IMU,3270.8571,-0.12109375,-0.6015625,9.39453125,0.173828125,0.095703125,-0.029296875,-0.0673828125,0.421875,-0.7822265625
986.536216,info,IMU,3270.8771,-0.0859375,-0.0390625,7.8046875,0.17578125,0.11328125,-0.025390625,-0.0673828125,0.4208984375,-0.7841796875
986.556190,info,IMU,3270.8971,0.17578125,-0.34765625,8.96875,0.07421875,0.08984375,-0.017578125,-0.0673828125,0.41796875,-0.7861328125
986.575724,info,IMU,3270.9171,0.86328125,-1.07421875,7.46875,0.146484375,0.189453125,-0.001953125,-0.064453125,0.4140625,-0.7880859375
986.596184,info,IMU,3270.9371,0.84375,-0.56640625,7.8515625,0.130859375,0.203125,0.009765625,-0.0595703125,0.4130859375,-0.791015625
986.616190,info,IMU,3270.9571,0.8828125,-0.84765625,6.83203125,0.14453125,0.197265625,0.017578125,-0.0595703125,0.4072265625,-0.794921875
986.635871,info,IMU,3270.9771,1.015625,-1.375,8.95703125,0.12109375,0.26171875,0.02734375,-0.0546875,0.4052734375,-0.794921875
986.656042,info,IMU,3270.9971,1,-1.19140625,7.375,0.212890625,0.18359375,0.048828125,-0.0498046875,0.40234375,-0.7958984375
986.675627,info,IMU,3271.0171,0.43359375,-0.80859375,9.5390625,0.171875,0.271484375,0.064453125,-0.0439453125,0.3984375,-0.796875
986.695952,info,IMU,3271.0371,0.8828125,-0.92578125,8.28515625,0.130859375,0.302734375,0.06640625,-0.037109375,0.3955078125,-0.80078125
986.716090,info,IMU,3271.0571,1.26953125,-0.44921875,11.05078125,0.197265625,0.30078125,0.07421875,-0.0283203125,0.39453125,-0.802734375
986.735694,info,IMU,3271.0771,0.671875,-1.25,8.6171875,0.19140625,0.373046875,0.095703125,-0.0224609375,0.3896484375,-0.8037109375
986.755905,info,IMU,3271.0971,0.796875,-0.9453125,9.90234375,0.20703125,0.421875,0.09375,-0.013671875,0.388671875,-0.806640625
986.776120,info,IMU,3271.1171,0.625,-1.19921875,9.31640625,0.109375,0.458984375,0.10546875,-0.0029296875,0.3837890625,-0.8076171875
986.795747,info,IMU,3271.1371,0.75,-0.83984375,10.3984375,0.09765625,0.474609375,0.119140625,0.0087890625,0.3798828125,-0.810546875
986.815996,info,IMU,3271.1571,0.66015625,-0.59765625,10.73046875,0.068359375,0.556640625,0.12890625,0.0185546875,0.3798828125,-0.810546875
986.836222,info,IMU,3271.1771,0.234375,-0.640625,10.85546875,0.076171875,0.568359375,0.1171875,0.0283203125,0.3779296875,-0.8134765625
986.855786,info,IMU,3271.1971000000003,0.22265625,-0.23046875,11.10546875,-0.01171875,0.59375,0.123046875,0.0390625,0.3740234375,-0.8154296875
986.876018,info,IMU,3271.2171000000003,-0.10546875,0.20703125,12.44140625,0.03515625,0.509765625,0.11328125,0.0517578125,0.3740234375,-0.8173828125
986.895610,info,IMU,3271.2371000000003,-1.12109375,-0.19140625,12.94921875,-0.015625,0.580078125,0.1015625,0.0634765625,0.3759765625,-0.8173828125
986.915851,info,IMU,3271.2571000000003,-1.0234375,0.3984375,10.515625,0.08984375,0.611328125,0.083984375,0.0771484375,0.3759765625,-0.8154296875
986.936068,info,IMU,3271.2771000000002,-1.375,0.64453125,14.25,-0.123046875,0.62890625,0.068359375,0.0888671875,0.3759765625,-0.81640625
986.956814,info,IMU,3271.2971000000002,-1.078125,-0.015625,10.8671875,-0.072265625,0.6796875,0.0625,0.099609375,0.376953125,-0.8173828125
986.975878,info,IMU,3271.3171,-0.84375,0.6796875,13.12109375,-0.041015625,0.5234375,0.033203125,0.115234375,0.3818359375,-0.81640625
986.996126,info,IMU,3271.3371,-1.8125,-0.47265625,11.796875,-0.2109375,0.5859375,0.009765625,0.1240234375,0.3837890625,-0.814453125
987.015717,info,IMU,3271.3571,-1.55859375,-0.26953125,9.9296875,-0.1328125,0.33203125,-0.013671875,0.1357421875,0.3896484375,-0.8095703125
987.036010,info,IMU,3271.3771,-1.6640625,0.015625,14.0078125,-0.251953125,0.408203125,-0.001953125,0.142578125,0.3935546875,-0.8125
987.056236,info,IMU,3271.3971,-2.2265625,-0.73828125,8.63671875,-0.25,0.3671875,0.001953125,0.15234375,0.3974609375,-0.80859375
987.075772,info,IMU,3271.4171,-1.84375,-0.03515625,12.5859375,-0.265625,0.291015625,-0.015625,0.1572265625,0.4013671875,-0.802734375
987.096004,info,IMU,3271.4371,-1.28515625,-1.16796875,9.2734375,-0.396484375,0.318359375,-0.01171875,0.162109375,0.41015625,-0.80078125
987.115610,info,IMU,3271.4571,-1.15625,-0.484375,11.8203125,-0.171875,0.16796875,-0.0234375,0.1669921875,0.412109375,-0.798828125
987.135878,info,IMU,3271.4771,-2.10546875,-0.46484375,10.55078125,-0.34375,0.279296875,-0.029296875,0.1708984375,0.4140625,-0.7998046875
987.156059,info,IMU,3271.4971,-1.984375,-0.765625,9.734375,-0.224609375,0.173828125,-0.02734375,0.1708984375,0.423828125,-0.7939453125
987.175667,info,IMU,3271.5171,-2.30078125,-0.90234375,9.984375,-0.197265625,0.19921875,-0.005859375,0.1748046875,0.4287109375,-0.791015625
987.196094,info,IMU,3271.5371,-2.3984375,-0.265625,8.1171875,-0.251953125,0.064453125,-0.017578125,0.177734375,0.431640625,-0.7890625
987.216132,info,IMU,3271.5571,-1.8515625,-0.78125,10.41015625,-0.216796875,-0.01171875,-0.025390625,0.1767578125,0.4326171875,-0.787109375
987.235725,info,IMU,3271.5771,-1.94140625,-1.02734375,7.4296875,-0.173828125,-0.267578125,-0.025390625,0.1748046875,0.4375,-0.7861328125
987.255948,info,IMU,3271.5971,-2.03125,-0.75,11.015625,-0.302734375,-0.130859375,-0.01953125,0.171875,0.44140625,-0.78515625
987.276160,info,IMU,3271.6171,-1.58203125,-0.8359375,6.640625,-0.2421875,-0.1328125,-0.015625,0.16796875,0.4482421875,-0.7802734375
987.295758,info,IMU,3271.6371,-1.9921875,-0.390625,10.1171875,-0.087890625,-0.2265625,-0.013671875,0.166015625,0.4501953125,-0.78125
987.316006,info,IMU,3271.6571,-2.42578125,-0.2734375,5.859375,-0.1875,-0.275390625,-0.025390625,0.158203125,0.4521484375,-0.78515625
987.335610,info,IMU,3271.6771,-2.53125,-0.98046875,10.04296875,-0.224609375,-0.369140625,-0.0234375,0.15234375,0.4560546875,-0.779296875
987.355837,info,IMU,3271.6971000000003,-1.62109375,-1.1953125,7.67578125,-0.134765625,-0.521484375,-0.013671875,0.1455078125,0.4599609375,-0.7802734375
987.376095,info,IMU,3271.7171000000003,-1.16796875,-0.66796875,10.5546875,-0.09765625,-0.435546875,0.01171875,0.134765625,0.4580078125,-0.779296875
987.395693,info,IMU,3271.7371000000003,-0.671875,-0.7109375,4.15625,-0.01953125,-0.5546875,0.01171875,0.125,0.458984375,-0.77734375
987.415891,info,IMU,3271.7571000000003,-1.421875,-0.53515625,10.69921875,-0.125,-0.5390625,-0.0078125,0.1181640625,0.4658203125,-0.77734375
987.436160,info,IMU,3271.7771000000002,-1.49609375,-1.55078125,6.66015625,-0.11328125,-0.578125,-0.005859375,0.109375,0.4658203125,-0.7802734375
987.455708,info,IMU,3271.7971000000002,-1.66015625,-1.34375,10.94921875,0.09765625,-0.619140625,0.001953125,0.095703125,0.46484375,-0.779296875
987.475961,info,IMU,3271.8171,-0.859375,-0.703125,6.12109375,0.048828125,-0.6171875,0.029296875,0.0830078125,0.462890625,-0.77734375
987.496305,info,IMU,3271.8371,-0.21484375,-0.66015625,8.796875,0.021484375,-0.619140625,0.037109375,0.0771484375,0.4619140625,-0.775390625
987.515763,info,IMU,3271.8571,0.4140625,-0.8203125,7.19921875,0.044921875,-0.69140625,0.03515625,0.0654296875,0.4638671875,-0.77734375
987.536046,info,IMU,3271.8771,0.1484375,-1.32421875,8.1328125,0.072265625,-0.619140625,0.03515625,0.0478515625,0.4619140625,-0.77734375
987.555609,info,IMU,3271.8971,-0.3359375,-1.2265625,6.34375,0.126953125,-0.62109375,0.025390625,0.0400390625,0.458984375,-0.779296875
987.575806,info,IMU,3271.9171,-0.51953125,-0.7265625,8.37890625,0.123046875,-0.623046875,0.021484375,0.0283203125,0.4541015625,-0.7783203125
987.596047,info,IMU,3271.9371,0.5625,-1.28515625,7.37890625,0.119140625,-0.552734375,0.05078125,0.0185546875,0.455078125,-0.7783203125
987.615672,info,IMU,3271.9571,0.765625,-0.88671875,9.08984375,0.248046875,-0.57421875,0.0703125,0.0078125,0.4501953125,-0.7802734375
987.635861,info,IMU,3271.9771,0.59765625,-0.36328125,9.4296875,0.16796875,-0.494140625,0.0625,-0.00390625,0.447265625,-0.779296875
987.656091,info,IMU,3271.9971,0.57421875,-0.83203125,7.39453125,0.28125,-0.517578125,0.05078125,-0.0126953125,0.4453125,-0.783203125
987.675701,info,IMU,3272.0171,0.6875,-0.484375,9.51953125,0.279296875,-0.453125,0.0546875,-0.021484375,0.4375,-0.78515625
987.695924,info,IMU,3272.0371,0.4453125,-0.8671875,7.90234375,0.21875,-0.408203125,0.07421875,-0.02734375,0.4345703125,-0.783203125
987.716141,info,IMU,3272.0571,0.1171875,-0.89453125,10.0078125,0.328125,-0.388671875,0.078125,-0.0341796875,0.4296875,-0.7861328125
987.735808,info,IMU,3272.0771,0.78125,-0.828125,9.828125,0.26953125,-0.212890625,0.078125,-0.041015625,0.4248046875,-0.7861328125
987.755983,info,IMU,3272.0971,1.4921875,-0.328125,10.75390625,0.322265625,-0.23046875,0.09765625,-0.0458984375,0.4189453125,-0.7900390625
987.775578,info,IMU,3272.1171,1.26953125,-0.63671875,11.21484375,0.271484375,-0.212890625,0.103515625,-0.0478515625,0.4130859375,-0.7900390625
987.796032,info,IMU,3272.1371,1.19140625,-0.171875,13.01171875,0.23828125,-0.197265625,0.09375,-0.05078125,0.41015625,-0.791015625
987.816024,info,IMU,3272.1571,0.9765625,-0.9375,13.48046875,0.1953125,-0.19140625,0.099609375,-0.0546875,0.4052734375,-0.7939453125
987.836855,info,IMU,3272.1771,0.78125,-1.20703125,13.55078125,0.212890625,-0.12109375,0.1171875,-0.0556640625,0.400390625,-0.796875
987.855898,info,IMU,3272.1971000000003,0.66015625,-0.1015625,13.36328125,0.181640625,-0.14453125,0.13671875,-0.0556640625,0.3984375,-0.7978515625
987.876077,info,IMU,3272.2171000000003,0.3671875,-0.38671875,11.62890625,0.13671875,-0.1171875,0.134765625,-0.0556640625,0.396484375,-0.7998046875
987.895715,info,IMU,3272.2371000000003,0.4609375,-0.359375,11.046875,0.037109375,0.07421875,0.130859375,-0.0546875,0.3935546875,-0.7978515625
987.915910,info,IMU,3272.2571000000003,0.65625,-0.75,9.52734375,0.173828125,0.041015625,0.12109375,-0.05078125,0.39453125,-0.7978515625
987.936286,info,IMU,3272.2771000000002,0.48046875,-1.18359375,12.32421875,-0.044921875,0.1640625,0.146484375,-0.046875,0.39453125,-0.7998046875
987.955716,info,IMU,3272.2971000000002,0.05078125,-0.73046875,9.203125,-0.03515625,0.220703125,0.1484375,-0.04296875,0.392578125,-0.7998046875
987.975974,info,IMU,3272.3171,-0.92578125,-0.4921875,10.38671875,0.048828125,0.265625,0.126953125,-0.037109375,0.3916015625,-0.802734375
987.995568,info,IMU,3272.3371,-0.1796875,0.0546875,10.359375,-0.091796875,0.396484375,0.12109375,-0.0322265625,0.390625,-0.8037109375
988.016007,info,IMU,3272.3571,0.62890625,-0.92578125,13.609375,-0.18359375,0.435546875,0.138671875,-0.0224609375,0.3935546875,-0.8037109375
988.036014,info,IMU,3272.3771,0.34375,-0.98828125,12.1953125,0.005859375,0.35546875,0.142578125,-0.013671875,0.3935546875,-0.8046875
988.055643,info,IMU,3272.3971,-0.34375,-0.17578125,11.63671875,0.015625,0.423828125,0.12890625,-0.0029296875,0.396484375,-0.8046875
988.075855,info,IMU,3272.4171,-0.40625,-0.73046875,10.8984375,-0.048828125,0.3828125,0.10546875,0.001953125,0.3935546875,-0.8037109375
988.096186,info,IMU,3272.4371,-0.51171875,-1.5390625,13.37890625,-0.12109375,0.439453125,0.12109375,0.0126953125,0.3974609375,-0.8037109375
988.115693,info,IMU,3272.4571,-0.078125,-0.41796875,11.6796875,0.041015625,0.40625,0.134765625,0.0205078125,0.3984375,-0.8037109375
988.135902,info,IMU,3272.4771,-0.5390625,-0.55859375,11.37109375,-0.04296875,0.349609375,0.154296875,0.029296875,0.3994140625,-0.8037109375
988.156129,info,IMU,3272.4971,-0.69921875,-0.453125,8.93359375,-0.009765625,0.302734375,0.134765625,0.0400390625,0.3984375,-0.8056640625
988.175728,info,IMU,3272.5171,-1.1484375,-0.83984375,10.44140625,-0.103515625,0.298828125,0.12109375,0.044921875,0.4052734375,-0.802734375
988.195951,info,IMU,3272.5371,-0.74609375,-0.8984375,10.5859375,-0.08984375,0.322265625,0.134765625,0.0537109375,0.4033203125,-0.8017578125
988.215568,info,IMU,3272.5571,-0.48046875,-0.5,9.73046875,-0.06640625,0.23046875,0.15234375,0.0615234375,0.4072265625,-0.8037109375
988.236342,info,IMU,3272.5771,-0.578125,-0.30078125,11.05078125,-0.11328125,0.2578125,0.154296875,0.068359375,0.4111328125,-0.8037109375
988.255990,info,IMU,3272.5971,-0.796875,-0.98046875,8.56640625,-0.12109375,0.27734375,0.150390625,0.0732421875,0.408203125,-0.8037109375
988.275582,info,IMU,3272.6171,-1.32421875,-0.91015625,11.05859375,-0.0390625,0.2421875,0.146484375,0.080078125,0.4140625,-0.7998046875
988.297581,info,IMU,3272.6371,-1.26953125,-1.53515625,9.51171875,-0.181640625,0.267578125,0.15625,0.0830078125,0.416015625,-0.80078125
988.316078,info,IMU,3272.6571,-1.05859375,-0.4921875,9.69140625,0.01171875,0.03125,0.16796875,0.087890625,0.4169921875,-0.80078125
988.336558,info,IMU,3272.6771,-1.07421875,-0.41015625,10.203125,-0.083984375,0.072265625,0.16015625,0.08984375,0.4208984375,-0.798828125
988.355882,info,IMU,3272.6971000000003,-0.53515625,-0.80859375,6.796875,0.0078125,0.03515625,0.1640625,0.095703125,0.4208984375,-0.7978515625
988.376130,info,IMU,3272.7171000000003,-0.90234375,-0.203125,8.52734375,-0.01953125,-0.05859375,0.17578125,0.0986328125,0.419921875,-0.7958984375
988.395942,info,IMU,3272.7371000000003,-1.46875,-0.94921875,5.421875,-0.037109375,0.056640625,0.173828125,0.099609375,0.421875,-0.7998046875
988.415968,info,IMU,3272.7571000000003,-1.28515625,-0.421875,7.1171875,-0.0390625,-0.005859375,0.169921875,0.1025390625,0.4228515625,-0.7978515625
988.436289,info,IMU,3272.7771000000002,-1.3984375,-0.69921875,6.59765625,0.02734375,0.01171875,0.177734375,0.1025390625,0.421875,-0.7978515625
988.455750,info,IMU,3272.7971000000002,-1.0546875,-0.15234375,8.71484375,-0.03125,0.009765625,0.19140625,0.1064453125,0.4208984375,-0.7958984375
988.476205,info,IMU,3272.8171,-0.8828125,-0.0078125,6.7109375,-0,-0.09765625,0.181640625,0.1044921875,0.4248046875,-0.7978515625
988.495632,info,IMU,3272.8371,-0.64453125,-0.3046875,8.92578125,0.01171875,-0.005859375,0.173828125,0.1025390625,0.421875,-0.7998046875
988.515838,info,IMU,3272.8571,-0.98828125,0.078125,5.98828125,-0.001953125,-0.01953125,0.1875,0.107421875,0.41796875,-0.80078125
988.536170,info,IMU,3272.8771,-1.25,-0.0546875,8.64453125,0.072265625,-0.16796875,0.18359375,0.1025390625,0.41796875,-0.80078125
988.555668,info,IMU,3272.8971,-1.43359375,-0.390625,5.9765625,0.0859375,-0.1015625,0.1953125,0.1044921875,0.416015625,-0.798828125
988.575883,info,IMU,3272.9171,-0.625,-0.05859375,7.765625,0.12109375,-0.193359375,0.2109375,0.1025390625,0.4140625,-0.8017578125
988.596105,info,IMU,3272.9371,-0.8984375,-0.5,7.59765625,0.1640625,-0.19921875,0.21875,0.1005859375,0.41015625,-0.8037109375
988.615713,info,IMU,3272.9571,-0.22265625,-0.7421875,6.5390625,0.17578125,-0.220703125,0.22265625,0.099609375,0.40625,-0.8046875
988.635941,info,IMU,3272.9771,-1.3515625,-0.4765625,8.28125,0.22265625,-0.234375,0.22265625,0.099609375,0.404296875,-0.8056640625
988.656147,info,IMU,3272.9971,-0.94140625,-0.2109375,9.53515625,0.23828125,-0.15234375,0.236328125,0.0966796875,0.400390625,-0.8076171875
988.675755,info,IMU,3273.0171,-0.11328125,0.140625,6.0703125,0.21875,-0.23828125,0.2578125,0.0947265625,0.3974609375,-0.8076171875
988.696217,info,IMU,3273.0371,-0.546875,-0,10.58984375,0.22265625,-0.240234375,0.275390625,0.091796875,0.392578125,-0.8115234375
988.715608,info,IMU,3273.0571,-0.03515625,-0.51953125,9.56640625,0.1875,-0.111328125,0.28515625,0.0927734375,0.3896484375,-0.810546875
988.735915,info,IMU,3273.0771,0.13671875,0.0546875,9.02734375,0.2578125,-0.201171875,0.28515625,0.091796875,0.3828125,-0.81640625
988.756081,info,IMU,3273.0971,-0.35546875,-0.50390625,10.65234375,0.21484375,-0.099609375,0.29296875,0.0908203125,0.376953125,-0.81640625
988.775653,info,IMU,3273.1171,-0.24609375,-0.00390625,8.64453125,0.189453125,-0.10546875,0.296875,0.0888671875,0.373046875,-0.81640625
988.795924,info,IMU,3273.1371,0.0625,0.40234375,9.640625,0.1484375,-0.130859375,0.30859375,0.08984375,0.3671875,-0.8193359375
988.816219,info,IMU,3273.1571,-0.26953125,-0.08203125,9.05078125,0.169921875,-0.0390625,0.328125,0.08984375,0.3671875,-0.818359375
988.835718,info,IMU,3273.1771,-0.35546875,-0.18359375,9.2265625,0.193359375,-0.048828125,0.333984375,0.0927734375,0.36328125,-0.8212890625
988.855933,info,IMU,3273.1971000000003,-0.26953125,-0.03125,8.66015625,0.15625,-0.0234375,0.333984375,0.0947265625,0.3623046875,-0.822265625
988.876138,info,IMU,3273.2171000000003,-0.2578125,0.046875,9.6171875,0.16015625,-0.005859375,0.341796875,0.0966796875,0.3564453125,-0.822265625
988.895729,info,IMU,3273.2371000000003,-0.59765625,-0.19140625,8.3515625,0.11328125,-0.041015625,0.345703125,0.099609375,0.3544921875,-0.8251953125
988.915969,info,IMU,3273.2571000000003,-0.859375,0.390625,11.1953125,0.095703125,0.017578125,0.337890625,0.0986328125,0.3505859375,-0.8251953125
988.935605,info,IMU,3273.2771000000002,-0.5703125,-0.0859375,9.3125,0.044921875,0.05859375,0.3359375,0.1044921875,0.34765625,-0.8291015625
988.955861,info,IMU,3273.2971000000002,-0.453125,0.27734375,12.65234375,0.072265625,0.068359375,0.33203125,0.10546875,0.349609375,-0.828125
988.976016,info,IMU,3273.3171,-0.625,-0.03125,9.62890625,-0.03515625,0.140625,0.33203125,0.1123046875,0.345703125,-0.830078125
988.995670,info,IMU,3273.3371,-0.52734375,-0.04296875,11.75,0.05078125,0.10546875,0.32421875,0.1162109375,0.3466796875,-0.830078125
989.015909,info,IMU,3273.3571,-0.24609375,-0.06640625,11.20703125,-0.0859375,0.166015625,0.322265625,0.12109375,0.34765625,-0.8310546875
989.036104,info,IMU,3273.3771,-0.296875,-0.4921875,11.58203125,-0.029296875,0.18359375,0.322265625,0.1240234375,0.349609375,-0.8291015625
989.055723,info,IMU,3273.3971,-0.09765625,-0.25390625,11.78125,-0.087890625,0.181640625,0.3125,0.12890625,0.3486328125,-0.828125
989.075910,info,IMU,3273.4171,-0.17578125,0.3203125,10.5859375,-0.14453125,0.181640625,0.318359375,0.134765625,0.3515625,-0.826171875
989.096134,info,IMU,3273.4371,-0.3046875,-0.1171875,10.79296875,-0.12109375,0.048828125,0.310546875,0.1396484375,0.3544921875,-0.826171875
989.115755,info,IMU,3273.4571,0.13671875,-0.4296875,11.78125,-0.24609375,0.185546875,0.30859375,0.14453125,0.35546875,-0.82421875
989.136065,info,IMU,3273.4771,0.484375,-0.28125,11.26171875,-0.203125,0.12890625,0.306640625,0.150390625,0.357421875,-0.8232421875
989.155641,info,IMU,3273.4971,0.23828125,-0.0546875,11.6953125,-0.197265625,0.09375,0.314453125,0.1552734375,0.3623046875,-0.8232421875
989.175789,info,IMU,3273.5171,-0.3671875,-0.34375,10.2890625,-0.27734375,0.099609375,0.3203125,0.1611328125,0.3642578125,-0.8203125
989.196017,info,IMU,3273.5371,-0.33203125,-0.8203125,11.0625,-0.17578125,0.00390625,0.3125,0.1640625,0.365234375,-0.8173828125
989.215638,info,IMU,3273.5571,-0.046875,-0.26171875,12.85546875,-0.22265625,0.080078125,0.3203125,0.1650390625,0.3701171875,-0.8134765625
989.235894,info,IMU,3273.5771,-0.328125,-0.31640625,9.5625,-0.267578125,0.0390625,0.328125,0.1767578125,0.376953125,-0.8125
989.256089,info,IMU,3273.5971,-0.46484375,-0.1796875,12.80859375,-0.232421875,0.109375,0.31640625,0.1787109375,0.380859375,-0.810546875
989.275698,info,IMU,3273.6171,-0.8125,-0.453125,10.85546875,-0.337890625,0.171875,0.3203125,0.1806640625,0.384765625,-0.8076171875
989.296111,info,IMU,3273.6371,-0.67578125,-0.484375,12.26171875,-0.234375,0.037109375,0.318359375,0.185546875,0.3896484375,-0.806640625
989.316130,info,IMU,3273.6571,-0.4375,-0.55078125,10.0546875,-0.34375,0.0390625,0.333984375,0.189453125,0.3935546875,-0.8037109375
989.335725,info,IMU,3273.6771,-0.8359375,-0.5546875,10.41015625,-0.30859375,0.037109375,0.3359375,0.193359375,0.4013671875,-0.80078125
989.355972,info,IMU,3273.6971000000003,-0.93359375,-1.25,9.56640625,-0.34765625,0.025390625,0.333984375,0.1953125,0.4033203125,-0.8017578125
989.375577,info,IMU,3273.7171000000003,-0.859375,-1.0234375,11.78515625,-0.283203125,0.064453125,0.328125,0.1982421875,0.4111328125,-0.796875
989.395817,info,IMU,3273.7371000000003,-0.48828125,-1.4140625,8.859375,-0.298828125,0.0390625,0.3359375,0.2021484375,0.4150390625,-0.79296875
989.416012,info,IMU,3273.7571000000003,-0.58203125,-0.73828125,12.08984375,-0.26953125,0.064453125,0.330078125,0.2080078125,0.4189453125,-0.79296875
989.435625,info,IMU,3273.7771000000002,-0.27734375,-0.84765625,10.421875,-0.328125,0.16015625,0.3359375,0.2109375,0.423828125,-0.7890625
989.455931,info,IMU,3273.7971000000002,-0.26953125,-0.9140625,11.421875,-0.19921875,0.033203125,0.328125,0.2119140625,0.4296875,-0.7861328125
989.476048,info,IMU,3273.8171,-0.3359375,-0.64453125,10.6640625,-0.29296875,0.095703125,0.333984375,0.21875,0.43359375,-0.7841796875
989.495709,info,IMU,3273.8371,-0.7734375,-0.890625,8.9140625,-0.30078125,0.06640625,0.3203125,0.224609375,0.435546875,-0.7822265625
989.515919,info,IMU,3273.8571,-0.7421875,-1.265625,9.4609375,-0.234375,0.0859375,0.3125,0.228515625,0.4404296875,-0.77734375
989.536118,info,IMU,3273.8771,-0.39453125,-0.9765625,9.234375,-0.197265625,0.1015625,0.333984375,0.236328125,0.447265625,-0.77734375
989.555738,info,IMU,3273.8971,-0.46875,-0.9921875,8.19921875,-0.26953125,0.046875,0.34375,0.240234375,0.4482421875,-0.7734375
989.575949,info,IMU,3273.9171,-0.24609375,-1.09765625,8.4453125,-0.13671875,0.060546875,0.333984375,0.2412109375,0.451171875,-0.7705078125
989.595544,info,IMU,3273.9371,0.03125,-0.8671875,9.7578125,-0.28125,0.0546875,0.3359375,0.248046875,0.453125,-0.7724609375
989.615769,info,IMU,3273.9571,-0.22265625,-1.6640625,8.06640625,-0.17578125,0.056640625,0.33984375,0.25,0.4541015625,-0.76953125
989.636012,info,IMU,3273.9771,-0.375,-1.28515625,10.69921875,-0.1484375,-0.005859375,0.3359375,0.25390625,0.4599609375,-0.7666015625
989.655631,info,IMU,3273.9971,-0.12109375,-1.1484375,8.8359375,-0.13671875,0.01171875,0.3515625,0.2578125,0.458984375,-0.765625
989.675827,info,IMU,3274.0171,-0.11328125,-1.37890625,10.12890625,-0.109375,-0.00390625,0.359375,0.2626953125,0.4599609375,-0.7646484375
989.696074,info,IMU,3274.0371,0.12890625,-1.39453125,8.8125,-0.10546875,0.044921875,0.35546875,0.2626953125,0.4619140625,-0.7646484375
989.715681,info,IMU,3274.0571,0.25,-0.79296875,10.36328125,-0.05078125,-0.015625,0.349609375,0.26953125,0.462890625,-0.7646484375
989.735894,info,IMU,3274.0771,0.2421875,-1.62109375,8.65234375,-0.0625,-0.068359375,0.357421875,0.271484375,0.4638671875,-0.76171875
989.756122,info,IMU,3274.0971,-0.09765625,-1.5625,9.69921875,0.021484375,0.0078125,0.36328125,0.275390625,0.4599609375,-0.763671875
989.775710,info,IMU,3274.1171,-0.03125,-1.28125,8.2265625,0.005859375,-0.05078125,0.376953125,0.2763671875,0.4609375,-0.76171875
989.795972,info,IMU,3274.1371,-0.078125,-1.38671875,9.0859375,0.111328125,-0.048828125,0.380859375,0.28125,0.4580078125,-0.763671875
989.815560,info,IMU,3274.1571,-0.40625,-1.125,8.06640625,0.005859375,-0.017578125,0.376953125,0.2802734375,0.4560546875,-0.763671875
989.835819,info,IMU,3274.1771,-0.0859375,-1.359375,6.93359375,0.140625,-0.056640625,0.375,0.28515625,0.45703125,-0.7646484375
989.855986,info,IMU,3274.1971000000003,-0.58984375,-1.10546875,6.65234375,0.099609375,-0.09765625,0.3828125,0.2900390625,0.4501953125,-0.765625
989.875590,info,IMU,3274.2171000000003,-0.6015625,-1.44921875,5.87109375,0.037109375,-0.06640625,0.38671875,0.291015625,0.4482421875,-0.7646484375
989.896089,info,IMU,3274.2371000000003,-0.4453125,-1.5234375,6.15625,0.08203125,-0.173828125,0.3984375,0.2919921875,0.4423828125,-0.767578125
989.916093,info,IMU,3274.2571000000003,-0.37109375,-2.03125,6.52734375,0.095703125,-0.140625,0.400390625,0.2939453125,0.4404296875,-0.765625
989.935661,info,IMU,3274.2771000000002,-0.4453125,-1.66015625,8.171875,0.1796875,-0.08984375,0.408203125,0.294921875,0.4365234375,-0.76953125
989.955874,info,IMU,3274.2971000000002,-0.23046875,-1.31640625,6.41015625,0.115234375,-0.15234375,0.408203125,0.298828125,0.431640625,-0.7705078125
989.976103,info,IMU,3274.3171,0.03125,-1.359375,8.19921875,0.1875,-0.13671875,0.41015625,0.3037109375,0.4267578125,-0.771484375
989.995716,info,IMU,3274.3371,-0.3359375,-1.65625,6.95703125,0.23828125,-0.126953125,0.41015625,0.302734375,0.4248046875,-0.7744140625
990.015969,info,IMU,3274.3571,-0.2578125,-1.03515625,9.13671875,0.212890625,-0.11328125,0.412109375,0.3017578125,0.4140625,-0.775390625
990.035552,info,IMU,3274.3771,-0.31640625,-1.03125,7.69140625,0.177734375,-0.16015625,0.419921875,0.302734375,0.4091796875,-0.7802734375
990.055773,info,IMU,3274.3971,0.1328125,-0.9375,9.8671875,0.25,-0.16015625,0.419921875,0.306640625,0.404296875,-0.78125
990.075987,info,IMU,3274.4171,0.00390625,-0.671875,8.63671875,0.162109375,-0.0859375,0.41796875,0.3056640625,0.3974609375,-0.7841796875
990.095585,info,IMU,3274.4371,0.4296875,-0.65625,8.00390625,0.2578125,-0.173828125,0.412109375,0.306640625,0.390625,-0.7861328125
990.115864,info,IMU,3274.4571,-0.2734375,-0.6953125,10.71484375,0.177734375,-0.091796875,0.412109375,0.3076171875,0.384765625,-0.787109375
990.136819,info,IMU,3274.4771,-0.265625,-1.37109375,9.109375,0.1875,-0.130859375,0.41015625,0.30859375,0.380859375,-0.7900390625
990.155860,info,IMU,3274.4971,-0.15625,-0.44140625,11.578125,0.197265625,-0.162109375,0.412109375,0.3095703125,0.373046875,-0.7919921875
990.175851,info,IMU,3274.5171,-0.55078125,-0.09765625,10.484375,0.109375,-0.126953125,0.416015625,0.3115234375,0.369140625,-0.7958984375
990.196277,info,IMU,3274.5371,-0.07421875,-0.18359375,10.87109375,0.123046875,-0.0703125,0.404296875,0.3154296875,0.365234375,-0.796875
990.215703,info,IMU,3274.5571,0.09375,0.15625,10.4765625,0.0703125,-0.06640625,0.408203125,0.3125,0.3623046875,-0.796875
990.235965,info,IMU,3274.5771,-0.29296875,-0.00390625,10.90625,0.04296875,-0.083984375,0.40625,0.314453125,0.35546875,-0.7978515625
990.255533,info,IMU,3274.5971,-0.75,-0.921875,10.79296875,-0.033203125,-0.09765625,0.390625,0.3125,0.3544921875,-0.80078125
990.275758,info,IMU,3274.6171,-0.453125,-0.68359375,10.21875,0.037109375,-0.166015625,0.384765625,0.31640625,0.3525390625,-0.7998046875
990.295968,info,IMU,3274.6371,-0.05859375,-0.7578125,10.63671875,0.001953125,-0.140625,0.40625,0.31640625,0.3525390625,-0.798828125
990.315636,info,IMU,3274.6571,-0.0625,-0.296875,10.234375,-0.033203125,-0.1640625,0.404296875,0.3173828125,0.3515625,-0.8017578125
990.335806,info,IMU,3274.6771,-0.3671875,-0.54296875,10.8515625,-0.078125,-0.212890625,0.384765625,0.3173828125,0.349609375,-0.80078125
990.356068,info,IMU,3274.6971000000003,-0.109375,-0.734375,10.1640625,-0.048828125,-0.205078125,0.375,0.318359375,0.349609375,-0.802734375
990.375638,info,IMU,3274.7171000000003,-0.21484375,-0.84765625,10.87109375,-0.12890625,-0.169921875,0.388671875,0.3173828125,0.3515625,-0.8017578125
990.395873,info,IMU,3274.7371000000003,-0.15234375,-0.87890625,9.97265625,-0.068359375,-0.169921875,0.38671875,0.3193359375,0.34765625,-0.7998046875
990.416078,info,IMU,3274.7571000000003,-0.1171875,-0.4765625,11.66015625,-0.130859375,-0.130859375,0.38671875,0.318359375,0.349609375,-0.802734375
990.435701,info,IMU,3274.7771000000002,-0.1328125,-0.6796875,9.359375,-0.052734375,-0.06640625,0.375,0.322265625,0.3515625,-0.798828125
990.455931,info,IMU,3274.7971000000002,0.09765625,-0.1875,12.53125,-0.16015625,-0.013671875,0.36328125,0.3212890625,0.3515625,-0.7998046875
990.476153,info,IMU,3274.8171,0.265625,-0.94921875,11.84375,-0.205078125,-0,0.36328125,0.32421875,0.35546875,-0.7978515625
990.495767,info,IMU,3274.8371,-0.14453125,-0.61328125,12.83984375,-0.150390625,0.068359375,0.361328125,0.3271484375,0.3544921875,-0.7978515625
990.515995,info,IMU,3274.8571,-0.23046875,-0.77734375,11.38671875,-0.169921875,0.0546875,0.345703125,0.333984375,0.3564453125,-0.794921875
990.535589,info,IMU,3274.8771,-0.12109375,-1.015625,12.6015625,-0.236328125,0.0703125,0.33984375,0.3359375,0.3603515625,-0.7958984375
990.555811,info,IMU,3274.8971,0.00390625,-1,11.6328125,-0.25390625,0.1640625,0.345703125,0.341796875,0.361328125,-0.7890625
990.576007,info,IMU,3274.9171,-0.58984375,-0.76171875,11.93359375,-0.154296875,0.125,0.341796875,0.34375,0.3623046875,-0.791015625
990.595665,info,IMU,3274.9371,-0.33984375,-0.19140625,11.046875,-0.158203125,0.107421875,0.32421875,0.3486328125,0.3662109375,-0.7900390625
990.615846,info,IMU,3274.9571,-0.37109375,-0.45703125,11.8203125,-0.23046875,0.19140625,0.31640625,0.353515625,0.3662109375,-0.783203125
990.636080,info,IMU,3274.9771,-0.7265625,-1.125,9.828125,-0.16015625,0.2265625,0.3125,0.361328125,0.37109375,-0.7822265625
990.655699,info,IMU,3274.9971,-0.46484375,-0.48046875,11.21875,-0.19140625,0.208984375,0.310546875,0.3681640625,0.373046875,-0.7802734375
990.675895,info,IMU,3275.0171,-0.26171875,-0.92578125,10.35546875,-0.318359375,0.220703125,0.30859375,0.37109375,0.3740234375,-0.77734375
990.696122,info,IMU,3275.0371,-0.16796875,-0.921875,10.03515625,-0.189453125,0.087890625,0.30078125,0.3779296875,0.375,-0.775390625
990.715720,info,IMU,3275.0571,-0.1484375,-0.4375,10.79296875,-0.21875,0.033203125,0.2890625,0.3837890625,0.376953125,-0.7734375
990.736015,info,IMU,3275.0771,-0.68359375,-0.87109375,8.27734375,-0.16796875,0.10546875,0.291015625,0.3876953125,0.37890625,-0.7724609375
990.755572,info,IMU,3275.0971,-0.82421875,-0.98828125,9.5703125,-0.115234375,0.11328125,0.2734375,0.3916015625,0.380859375,-0.767578125
990.775805,info,IMU,3275.1171,-0.796875,-0.79296875,9.2421875,-0.080078125,0.126953125,0.263671875,0.396484375,0.3837890625,-0.767578125
990.796171,info,IMU,3275.1371,-1.01953125,-0.86328125,8.5234375,-0.138671875,0.115234375,0.26953125,0.404296875,0.3857421875,-0.763671875
990.819148,info,IMU,3275.1571,-0.921875,-0.79296875,9.07421875,-0.169921875,0.11328125,0.259765625,0.40625,0.38671875,-0.763671875
990.835835,info,IMU,3275.1771,-0.8828125,-0.97265625,9.57421875,-0.185546875,0.14453125,0.251953125,0.4111328125,0.3876953125,-0.759765625
990.856073,info,IMU,3275.1971000000003,-0.7890625,-1.0546875,9.07421875,-0.103515625,0.111328125,0.248046875,0.4140625,0.390625,-0.7578125
990.875679,info,IMU,3275.2171000000003,-0.76953125,-1.09375,9.73828125,-0.13671875,0.05859375,0.244140625,0.4189453125,0.3876953125,-0.7568359375
990.895938,info,IMU,3275.2371000000003,-0.6015625,-0.88671875,9.859375,-0.123046875,0.029296875,0.24609375,0.4189453125,0.390625,-0.7529296875
990.916131,info,IMU,3275.2571000000003,-0.375,-1.1015625,9.28515625,-0.146484375,-0.03515625,0.236328125,0.42578125,0.3916015625,-0.7548828125
990.935723,info,IMU,3275.2771000000002,-0.48828125,-0.77734375,9.03515625,-0.09375,-0.07421875,0.240234375,0.4228515625,0.3857421875,-0.751953125
990.955959,info,IMU,3275.2971000000002,-0.890625,-0.69140625,7.94921875,-0.1484375,-0.08203125,0.234375,0.42578125,0.390625,-0.7548828125
990.975541,info,IMU,3275.3171,-1.0703125,-0.86328125,8.51953125,-0.080078125,-0.1484375,0.228515625,0.4267578125,0.388671875,-0.75390625
990.995776,info,IMU,3275.3371,-0.84375,-0.8125,8.69140625,-0.10546875,-0.109375,0.228515625,0.4267578125,0.3876953125,-0.751953125
991.015994,info,IMU,3275.3571,-0.90234375,-1.0234375,8.49609375,-0.0703125,-0.078125,0.2265625,0.4248046875,0.388671875,-0.7529296875
991.035927,info,IMU,3275.3771,-0.79296875,-1.26953125,9.44921875,-0.0390625,-0.15625,0.228515625,0.4267578125,0.388671875,-0.7548828125
991.055867,info,IMU,3275.3971,-0.15625,-0.875,9.90234375,-0.0390625,-0.162109375,0.236328125,0.4248046875,0.3857421875,-0.7529296875
991.076046,info,IMU,3275.4171,-0.51171875,-1.26171875,8.1640625,0.015625,-0.25,0.2421875,0.4228515625,0.3876953125,-0.7529296875
991.095881,info,IMU,3275.4371,-0.69140625,-0.75,9.09375,0.001953125,-0.32421875,0.23046875,0.419921875,0.3837890625,-0.755859375
991.115856,info,IMU,3275.4571,-0.38671875,-0.515625,8.48828125,-0.10546875,-0.30859375,0.228515625,0.421875,0.384765625,-0.759765625
991.136149,info,IMU,3275.4771,-0.73046875,-1.58984375,8.6171875,-0.029296875,-0.275390625,0.232421875,0.419921875,0.3818359375,-0.7607421875
991.155760,info,IMU,3275.4971,-0.48828125,-1.140625,8.953125,-0.03125,-0.2421875,0.228515625,0.412109375,0.3798828125,-0.76171875
991.175940,info,IMU,3275.5171,-0.19921875,-1.0546875,9.66015625,-0.05859375,-0.21875,0.234375,0.41015625,0.3779296875,-0.763671875
991.195554,info,IMU,3275.5371,0.05859375,-1.17578125,8.7890625,0.009765625,-0.421875,0.234375,0.40625,0.3779296875,-0.765625
991.216019,info,IMU,3275.5571,-0.32421875,-1.1796875,8.98828125,-0.02734375,-0.435546875,0.2421875,0.400390625,0.3779296875,-0.7666015625
991.236011,info,IMU,3275.5771,-0.6015625,-1.37890625,7.39453125,-0.017578125,-0.388671875,0.240234375,0.3994140625,0.3740234375,-0.7685546875
991.255660,info,IMU,3275.5971,-0.5859375,-1.375,8.203125,0.025390625,-0.3203125,0.240234375,0.392578125,0.373046875,-0.7705078125
991.275828,info,IMU,3275.6171,0.06640625,-1.265625,10.81640625,-0.044921875,-0.25,0.244140625,0.38671875,0.3701171875,-0.7734375
991.296044,info,IMU,3275.6371,0.81640625,-1.2890625,8.55859375,0.14453125,-0.404296875,0.25,0.380859375,0.3681640625,-0.7744140625
991.316465,info,IMU,3275.6571,0.1796875,-1.48828125,8.11328125,0.146484375,-0.505859375,0.25,0.37890625,0.3671875,-0.7783203125
991.335893,info,IMU,3275.6771,-0.24609375,-1.0234375,6.38671875,-0.10546875,-0.439453125,0.2578125,0.3720703125,0.36328125,-0.7802734375
991.356106,info,IMU,3275.6971000000003,-0.1875,-1.546875,8.9453125,0.029296875,-0.35546875,0.259765625,0.3662109375,0.3642578125,-0.78515625
991.375737,info,IMU,3275.7171000000003,0.3359375,-1.3125,9.58203125,0.078125,-0.26953125,0.2578125,0.3603515625,0.359375,-0.7861328125
991.396128,info,IMU,3275.7371000000003,0.54296875,-0.87890625,10.5625,0.07421875,-0.3125,0.265625,0.357421875,0.3564453125,-0.787109375
991.416814,info,IMU,3275.7571000000003,0.46875,-1.796875,9.234375,0.216796875,-0.373046875,0.26171875,0.359375,0.353515625,-0.7919921875
991.436988,info,IMU,3275.7771000000002,0.49609375,-0.75390625,9.3671875,0.0234375,-0.3671875,0.263671875,0.3525390625,0.3486328125,-0.794921875
991.457171,info,IMU,3275.7971000000002,0.28515625,-1.46484375,9.8046875,0.04296875,-0.283203125,0.259765625,0.34765625,0.3466796875,-0.7958984375
991.475592,info,IMU,3275.8171,0.30078125,-1.2109375,9.921875,0.05078125,-0.25,0.255859375,0.345703125,0.341796875,-0.798828125
991.495805,info,IMU,3275.8371,0.46875,-1.3203125,12.81640625,0.154296875,-0.158203125,0.25390625,0.341796875,0.3388671875,-0.798828125
991.516066,info,IMU,3275.8571,0.94921875,-0.859375,12.0625,0.103515625,-0.109375,0.263671875,0.33984375,0.33203125,-0.80078125
991.535652,info,IMU,3275.8771,0.77734375,-0.69140625,9.38671875,0.271484375,-0.193359375,0.259765625,0.33984375,0.3310546875,-0.802734375
991.557548,info,IMU,3275.8971,0.16015625,-1.05859375,11.890625,0.13671875,-0.06640625,0.26171875,0.33984375,0.326171875,-0.806640625
991.576073,info,IMU,3275.9171,0.60546875,-0.90234375,11.09765625,0.134765625,-0.166015625,0.251953125,0.33984375,0.3232421875,-0.8076171875
991.595704,info,IMU,3275.9371,0.63671875,-0.51171875,13.90234375,0.052734375,-0.05859375,0.255859375,0.341796875,0.318359375,-0.810546875
991.615934,info,IMU,3275.9571,0.27734375,-0.91015625,8.70703125,0.201171875,-0.025390625,0.259765625,0.3408203125,0.3154296875,-0.8076171875
991.635521,info,IMU,3275.9771,0.34765625,-0.44140625,11.45703125,0.1484375,-0.08984375,0.255859375,0.33984375,0.3095703125,-0.80859375
991.655750,info,IMU,3275.9971,0.12109375,-0.890625,9.578125,0.12109375,0.041015625,0.25390625,0.341796875,0.306640625,-0.80859375
991.675976,info,IMU,3276.0171,0.34375,-0.9140625,12.5234375,0.08203125,-0.056640625,0.2421875,0.3427734375,0.302734375,-0.8056640625
991.695567,info,IMU,3276.0371,0.7734375,-0.5625,12.6640625,0.1015625,0.046875,0.248046875,0.34765625,0.2998046875,-0.8076171875
991.715872,info,IMU,3276.0571,0.140625,-0.546875,10.97265625,0.083984375,0.07421875,0.251953125,0.349609375,0.296875,-0.8134765625
991.736071,info,IMU,3276.0771,0.32421875,-1.22265625,10.984375,0.076171875,0.068359375,0.244140625,0.3525390625,0.29296875,-0.8115234375
991.755641,info,IMU,3276.0971,0.6875,-0.51953125,11.015625,0.103515625,0.14453125,0.24609375,0.3544921875,0.2900390625,-0.8134765625
991.775849,info,IMU,3276.1171,-0.07421875,-1.3671875,11.0703125,0.09375,0.076171875,0.244140625,0.3583984375,0.2900390625,-0.8134765625
991.796093,info,IMU,3276.1371,-0.02734375,-1.609375,11.64453125,0.029296875,0.15234375,0.2421875,0.3623046875,0.2861328125,-0.810546875
991.815706,info,IMU,3276.1571,0.43359375,-1.15625,12.9609375,0.052734375,0.171875,0.236328125,0.3681640625,0.28515625,-0.8095703125
991.836891,info,IMU,3276.1771,0.6328125,-1.703125,11.02734375,-0.017578125,0.146484375,0.240234375,0.37109375,0.28125,-0.8095703125
991.855510,info,IMU,3276.1971000000003,0.09765625,-1.66796875,10.9375,-0,0.21875,0.236328125,0.3779296875,0.2802734375,-0.8095703125
991.875720,info,IMU,3276.2171000000003,0.21875,-1.68359375,10.1953125,0.0234375,0.1875,0.23046875,0.3818359375,0.279296875,-0.810546875
991.895965,info,IMU,3276.2371000000003,0.14453125,-1.66015625,11.7109375,0.009765625,0.181640625,0.228515625,0.388671875,0.279296875,-0.80859375
991.915569,info,IMU,3276.2571000000003,0.01171875,-1.49609375,11.56640625,-0.017578125,0.2734375,0.212890625,0.3916015625,0.2744140625,-0.806640625
991.935795,info,IMU,3276.2771000000002,0.17578125,-1.23046875,11.91796875,-0.07421875,0.208984375,0.212890625,0.4013671875,0.2763671875,-0.8037109375
991.956015,info,IMU,3276.2971000000002,-0.140625,-1.56640625,11.24609375,-0.046875,0.3046875,0.2109375,0.408203125,0.27734375,-0.8037109375
991.975625,info,IMU,3276.3171,-0.21875,-1.41015625,10.52734375,-0.001953125,0.248046875,0.201171875,0.412109375,0.2783203125,-0.802734375
991.996065,info,IMU,3276.3371,-0.63671875,-2.01171875,9.49609375,-0.0546875,0.23828125,0.189453125,0.4169921875,0.2763671875,-0.7998046875
992.016077,info,IMU,3276.3571,-0.203125,-2.12109375,9.5078125,-0.0703125,0.255859375,0.19140625,0.4248046875,0.2783203125,-0.7958984375
992.035821,info,IMU,3276.3771,-0.4140625,-1.64453125,12.48046875,-0.16015625,0.2421875,0.197265625,0.431640625,0.27734375,-0.794921875
992.055901,info,IMU,3276.3971,-0.87109375,-1.890625,9.05078125,-0.080078125,0.21484375,0.1875,0.435546875,0.2783203125,-0.79296875
992.075510,info,IMU,3276.4171,-0.51171875,-1.12109375,10.79296875,-0.171875,0.240234375,0.1796875,0.439453125,0.2783203125,-0.7900390625
992.095730,info,IMU,3276.4371,0.05859375,-1.6640625,8.8203125,-0.115234375,0.2265625,0.16796875,0.4482421875,0.28125,-0.7880859375
992.116019,info,IMU,3276.4571,-0.89453125,-1.26953125,10.55078125,-0.115234375,0.13671875,0.1640625,0.44921875,0.279296875,-0.7861328125
992.135600,info,IMU,3276.4771,-1.4296875,-1.76953125,6.73828125,-0.1328125,0.091796875,0.166015625,0.455078125,0.2802734375,-0.7861328125
992.155815,info,IMU,3276.4971,-0.98046875,-1.671875,10.24609375,-0.091796875,0.08984375,0.154296875,0.45703125,0.28125,-0.783203125
992.176003,info,IMU,3276.5171,-0.72265625,-1.9296875,7.828125,-0.08984375,-0.015625,0.154296875,0.462890625,0.28125,-0.7841796875
992.195607,info,IMU,3276.5371,-1.44140625,-1.7734375,10.2578125,-0.033203125,-0.005859375,0.150390625,0.4619140625,0.283203125,-0.779296875
992.215826,info,IMU,3276.5571,-1.1953125,-2.359375,5.2578125,-0.1015625,-0.16015625,0.142578125,0.4619140625,0.2841796875,-0.779296875
992.236132,info,IMU,3276.5771,-0.7421875,-1.57421875,11.16796875,-0.150390625,-0.056640625,0.138671875,0.4619140625,0.283203125,-0.7802734375
992.255687,info,IMU,3276.5971,-1.06640625,-3.12109375,5.6796875,-0.1328125,-0.1015625,0.1484375,0.4609375,0.2861328125,-0.7802734375
992.275878,info,IMU,3276.6171,-1.2890625,-1.83984375,10.6328125,0.033203125,-0.2109375,0.126953125,0.4599609375,0.2841796875,-0.7802734375
992.295493,info,IMU,3276.6371,-0.88671875,-2.01953125,6.4296875,-0.15625,-0.171875,0.130859375,0.4560546875,0.28515625,-0.7822265625
992.315757,info,IMU,3276.6571,-0.328125,-1.5703125,9.65625,-0.078125,-0.234375,0.12890625,0.453125,0.287109375,-0.78125
992.336011,info,IMU,3276.6771,-0.59375,-2.42578125,7.14453125,-0.07421875,-0.2734375,0.130859375,0.447265625,0.2861328125,-0.783203125
992.355556,info,IMU,3276.6971000000003,-0.7578125,-1.6328125,9.4296875,0.009765625,-0.28125,0.12109375,0.4423828125,0.2861328125,-0.7861328125
992.375783,info,IMU,3276.7171000000003,-0.5,-2.37890625,7.80078125,-0.060546875,-0.3203125,0.12109375,0.44140625,0.2880859375,-0.7861328125
992.396002,info,IMU,3276.7371000000003,0.13671875,-1.84375,9.5859375,0.05078125,-0.380859375,0.12109375,0.431640625,0.2841796875,-0.7890625
992.415636,info,IMU,3276.7571000000003,0.0234375,-2.23046875,8.8046875,-0.060546875,-0.328125,0.12890625,0.4287109375,0.28515625,-0.79296875
992.435826,info,IMU,3276.7771000000002,0.28125,-1.7890625,8.9453125,0.078125,-0.384765625,0.115234375,0.4208984375,0.28515625,-0.794921875
992.456064,info,IMU,3276.7971000000002,0.13671875,-1.70703125,10.24609375,0.03515625,-0.359375,0.10546875,0.416015625,0.2802734375,-0.7958984375
992.477640,info,IMU,3276.8171,0.671875,-2.03515625,9.0234375,0.037109375,-0.333984375,0.111328125,0.4111328125,0.2822265625,-0.80078125
992.495915,info,IMU,3276.8371,-0,-1.73828125,10.1015625,0.1640625,-0.26171875,0.11328125,0.4033203125,0.2783203125,-0.8017578125
992.515570,info,IMU,3276.8571,0.234375,-2.0703125,7.515625,0.13671875,-0.2578125,0.109375,0.3994140625,0.2734375,-0.8046875
992.535731,info,IMU,3276.8771,0.13671875,-1.62109375,9.234375,0.154296875,-0.228515625,0.103515625,0.392578125,0.2724609375,-0.806640625
992.555924,info,IMU,3276.8971,0.109375,-1.92578125,8.48046875,0.181640625,-0.21875,0.0859375,0.388671875,0.26953125,-0.80859375
992.575566,info,IMU,3276.9171,0.19140625,-1.91015625,8.0859375,0.197265625,-0.220703125,0.083984375,0.3876953125,0.263671875,-0.810546875
992.595765,info,IMU,3276.9371,0.2265625,-1.5859375,9.5234375,0.134765625,-0.126953125,0.083984375,0.3837890625,0.259765625,-0.8154296875
992.615983,info,IMU,3276.9571,0.8984375,-2.36328125,8.953125,0.181640625,-0.0859375,0.091796875,0.3818359375,0.2568359375,-0.8173828125
992.635585,info,IMU,3276.9771,0.40625,-1.62890625,7.765625,0.234375,-0.146484375,0.083984375,0.37890625,0.251953125,-0.81640625
992.655853,info,IMU,3276.9971,0.1953125,-1.91015625,9.49609375,0.30859375,-0.03125,0.076171875,0.3779296875,0.244140625,-0.8193359375
992.676046,info,IMU,3277.0171,0.2578125,-1.890625,5.59375,0.13671875,-0.142578125,0.07421875,0.3759765625,0.2392578125,-0.82421875
992.695686,info,IMU,3277.0371,0.34375,-2.0625,10.99609375,0.298828125,-0.07421875,0.076171875,0.376953125,0.2333984375,-0.8251953125
992.715870,info,IMU,3277.0571,0.2578125,-1.9296875,8.0078125,0.17578125,-0.08984375,0.095703125,0.3740234375,0.228515625,-0.82421875
992.736130,info,IMU,3277.0771,-0.4140625,-1.21875,10.0703125,0.26953125,-0.130859375,0.08203125,0.3720703125,0.224609375,-0.8271484375
992.755697,info,IMU,3277.0971,0.02734375,-1.046875,9.28515625,0.099609375,-0.083984375,0.064453125,0.3681640625,0.22265625,-0.8271484375
992.775938,info,IMU,3277.1171,0.1015625,-1.5859375,9.5,0.13671875,-0.142578125,0.06640625,0.369140625,0.21875,-0.826171875
992.795546,info,IMU,3277.1371,0.765625,-1.84765625,11.95703125,0.068359375,-0.02734375,0.072265625,0.3671875,0.2138671875,-0.8310546875
992.815768,info,IMU,3277.1571,0.5546875,-1.37890625,6.55078125,0.138671875,-0.05078125,0.0703125,0.3662109375,0.2138671875,-0.8310546875
992.835968,info,IMU,3277.1771,0.1953125,-1.5546875,10.171875,0.17578125,-0.08984375,0.052734375,0.3671875,0.2109375,-0.83203125
992.855561,info,IMU,3277.1971000000003,1.05859375,-1.83984375,11.19921875,-0.181640625,0.09765625,0.07421875,0.3662109375,0.2080078125,-0.83203125
992.875815,info,IMU,3277.2171000000003,0.92578125,-2.15625,11.12109375,0.12890625,-0.005859375,0.078125,0.3701171875,0.2099609375,-0.830078125
992.896182,info,IMU,3277.2371000000003,0.234375,-0.609375,13.2734375,0.068359375,0.0078125,0.048828125,0.37109375,0.2080078125,-0.8330078125
992.915677,info,IMU,3277.2571000000003,-0.22265625,-1.4921875,7.41015625,-0.099609375,0.140625,0.033203125,0.3681640625,0.20703125,-0.833984375
992.935861,info,IMU,3277.2771000000002,-0.37109375,-1.984375,12.30859375,0.0234375,0.041015625,0.03125,0.3740234375,0.2099609375,-0.830078125
992.956074,info,IMU,3277.2971000000002,0.0859375,-1.66796875,11.5859375,-0.146484375,0.212890625,0.052734375,0.3740234375,0.2109375,-0.8291015625
992.975715,info,IMU,3277.3171,-0.44921875,-1.828125,8.234375,-0.025390625,0.072265625,0.041015625,0.376953125,0.2119140625,-0.830078125
992.995936,info,IMU,3277.3371,-0.2421875,-1.2109375,13.59375,-0.150390625,0.103515625,0.01171875,0.3779296875,0.212890625,-0.826171875
993.015521,info,IMU,3277.3571,-0.0390625,-1.3359375,9.03515625,-0.25,0.189453125,0.013671875,0.3828125,0.2158203125,-0.8251953125
993.035750,info,IMU,3277.3771,-0.09765625,-1.74609375,10.9921875,-0.0390625,0.099609375,0.005859375,0.38671875,0.216796875,-0.8251953125
993.055984,info,IMU,3277.3971,0.11328125,-1.078125,10.98046875,-0.244140625,0.185546875,0.015625,0.3837890625,0.2177734375,-0.82421875
993.075563,info,IMU,3277.4171,-0.2890625,-2.36328125,9.1015625,-0.19921875,0.185546875,0.009765625,0.388671875,0.2236328125,-0.82421875
993.095783,info,IMU,3277.4371,-0.8203125,-1.8125,11.1015625,-0.072265625,0.046875,-0.01953125,0.39453125,0.2255859375,-0.8193359375
993.116036,info,IMU,3277.4571,-0.66796875,-1.5625,9.62109375,-0.287109375,0.21484375,-0.005859375,0.3935546875,0.23046875,-0.8173828125
993.135861,info,IMU,3277.4771,-0.5546875,-1.48046875,8.953125,-0.142578125,0.048828125,-0.005859375,0.396484375,0.236328125,-0.8173828125
993.155885,info,IMU,3277.4971,-0.3046875,-1.44140625,12.45703125,-0.263671875,0.07421875,-0.01171875,0.3984375,0.236328125,-0.8154296875
993.176090,info,IMU,3277.5171,-0.24609375,-1.28125,7.8515625,-0.263671875,0.150390625,-0.013671875,0.40234375,0.244140625,-0.8125
993.195690,info,IMU,3277.5371,0.03125,-1.97265625,10.890625,-0.2421875,0.0859375,-0.02734375,0.4033203125,0.2470703125,-0.8115234375
993.215899,info,IMU,3277.5571,-0.40234375,-1.7734375,9.62109375,-0.24609375,0.1171875,-0.025390625,0.4052734375,0.251953125,-0.8076171875
993.235495,info,IMU,3277.5771,-0.53515625,-2.16796875,10.1640625,-0.265625,0.1796875,-0.02734375,0.4091796875,0.255859375,-0.8095703125
993.255726,info,IMU,3277.5971,-0.34375,-2,10.12890625,-0.109375,0.09375,-0.03125,0.4111328125,0.26171875,-0.8046875
993.275977,info,IMU,3277.6171,-0.1484375,-1.17578125,12.19140625,-0.19921875,0.18359375,-0.0234375,0.4130859375,0.26171875,-0.8046875
993.295567,info,IMU,3277.6371,-0.01171875,-1.421875,7.46484375,-0.19140625,0.08203125,-0.03515625,0.4150390625,0.265625,-0.7998046875
993.315816,info,IMU,3277.6571,-0.5234375,-1.65625,13.1015625,-0.10546875,0.126953125,-0.048828125,0.419921875,0.2685546875,-0.7998046875
993.336009,info,IMU,3277.6771,0.015625,-2.265625,8.25390625,-0.205078125,0.1953125,-0.044921875,0.419921875,0.2763671875,-0.7978515625
993.355637,info,IMU,3277.6971000000003,-0.59375,-1.984375,12.01171875,-0.0234375,0.197265625,-0.048828125,0.4267578125,0.2763671875,-0.7958984375
993.375879,info,IMU,3277.7171000000003,-0.88671875,-1.88671875,8.7109375,-0.126953125,0.15234375,-0.05078125,0.4296875,0.2822265625,-0.794921875
993.396084,info,IMU,3277.7371000000003,-0.55078125,-1.55859375,10.21484375,-0.0703125,0.24609375,-0.056640625,0.4287109375,0.2822265625,-0.7939453125
993.415689,info,IMU,3277.7571000000003,-0.44921875,-1.671875,8.81640625,-0.04296875,0.1484375,-0.060546875,0.431640625,0.28125,-0.7900390625
993.435906,info,IMU,3277.7771000000002,-0.73828125,-1.296875,9.5234375,-0.0703125,0.158203125,-0.064453125,0.4384765625,0.2841796875,-0.791015625
993.455527,info,IMU,3277.7971000000002,-0.5546875,-1.7265625,7.85546875,-0.0390625,0.1640625,-0.0703125,0.4384765625,0.283203125,-0.7880859375
993.475721,info,IMU,3277.8171,-0.48828125,-1.90234375,9.9375,-0.04296875,0.1640625,-0.07421875,0.4423828125,0.2890625,-0.7841796875
993.495976,info,IMU,3277.8371,-0.65234375,-1.56640625,8.75,-0.109375,0.12890625,-0.064453125,0.4423828125,0.291015625,-0.7841796875
993.515551,info,IMU,3277.8571,-0.859375,-1.296875,10.84375,-0.009765625,0.142578125,-0.0703125,0.4462890625,0.2919921875,-0.783203125
993.535788,info,IMU,3277.8771,0.23046875,-1.69140625,8.2734375,-0.05078125,0.177734375,-0.06640625,0.44921875,0.29296875,-0.78125
993.555993,info,IMU,3277.8971,-0.390625,-1.421875,8.00390625,-0.02734375,0.0546875,-0.0703125,0.4521484375,0.2919921875,-0.7822265625
993.575600,info,IMU,3277.9171,-0.65234375,-2.33203125,12.515625,-0.072265625,0.234375,-0.080078125,0.4541015625,0.296875,-0.7783203125
993.595882,info,IMU,3277.9371,-0.53515625,-1.91796875,6.609375,0.041015625,0.095703125,-0.087890625,0.4560546875,0.2978515625,-0.77734375
993.616058,info,IMU,3277.9571,-0.48828125,-1.2109375,13.3671875,-0.0390625,0.166015625,-0.083984375,0.4541015625,0.296875,-0.7763671875
993.635663,info,IMU,3277.9771,-0.78125,-1.8203125,7.62890625,-0.158203125,0.171875,-0.07421875,0.4609375,0.2978515625,-0.7744140625
993.655914,info,IMU,3277.9971,-0.55078125,-1.15234375,12.07421875,0.0078125,0.083984375,-0.095703125,0.4619140625,0.2998046875,-0.7734375
993.675514,info,IMU,3278.0171,-0.4140625,-1.2578125,9.140625,-0.138671875,0.12890625,-0.095703125,0.4638671875,0.302734375,-0.775390625
993.695734,info,IMU,3278.0371,-0.8359375,-1.6640625,10.1484375,-0.029296875,0.064453125,-0.099609375,0.462890625,0.3056640625,-0.7744140625
993.716023,info,IMU,3278.0571,-1.20703125,-1.28125,8.37890625,-0.099609375,0.033203125,-0.11328125,0.462890625,0.306640625,-0.771484375
993.735592,info,IMU,3278.0771,-0.73046875,-1.1953125,9.84375,-0.07421875,0.052734375,-0.109375,0.4638671875,0.30859375,-0.7705078125
993.755763,info,IMU,3278.0971,-0.62109375,-1.98046875,8.18359375,-0.04296875,0.005859375,-0.10546875,0.46484375,0.30859375,-0.7685546875
993.776004,info,IMU,3278.1171,-0.703125,-1.44140625,9.35546875,-0.0390625,-0.04296875,-0.115234375,0.462890625,0.310546875,-0.76953125
993.795600,info,IMU,3278.1371,-0.8359375,-1.8515625,7.91015625,-0.130859375,0.0390625,-0.125,0.4638671875,0.3134765625,-0.7685546875
993.816202,info,IMU,3278.1571,-0.41015625,-1.9453125,10.01953125,0.048828125,-0.01953125,-0.138671875,0.462890625,0.318359375,-0.7666015625
993.836045,info,IMU,3278.1771,-0.7890625,-1.39453125,9.92578125,-0.0859375,-0.01953125,-0.126953125,0.4619140625,0.3154296875,-0.7685546875
993.855668,info,IMU,3278.1971000000003,-1.203125,-1.91015625,10.16015625,0.0078125,0.0546875,-0.12109375,0.462890625,0.31640625,-0.7685546875
993.875861,info,IMU,3278.2171000000003,-0.94921875,-1.75,9.52734375,-0.013671875,-0.091796875,-0.134765625,0.4619140625,0.3203125,-0.7685546875
993.895514,info,IMU,3278.2371000000003,-0.66015625,-1.9375,11.390625,-0.021484375,0.03125,-0.13671875,0.4599609375,0.32421875,-0.7666015625
993.915708,info,IMU,3278.2571000000003,-1.015625,-2.3828125,8.26953125,-0.005859375,-0.0703125,-0.13671875,0.4580078125,0.32421875,-0.7685546875
993.935947,info,IMU,3278.2771000000002,-1.27734375,-1.2578125,12.42578125,-0.048828125,-0.056640625,-0.150390625,0.458984375,0.328125,-0.7685546875
993.955553,info,IMU,3278.2971000000002,-0.48046875,-1.671875,10.45703125,-0.0546875,0.083984375,-0.138671875,0.4541015625,0.3251953125,-0.7666015625
993.975769,info,IMU,3278.3171,-0.51171875,-1.8515625,9.390625,-0.046875,-0.060546875,-0.13671875,0.4521484375,0.3271484375,-0.767578125
993.995990,info,IMU,3278.3371,-0.8359375,-1.75,9.3828125,-0.013671875,0.048828125,-0.13671875,0.4521484375,0.330078125,-0.767578125
994.015593,info,IMU,3278.3571,-0.984375,-1.66796875,8.99609375,-0.041015625,-0.021484375,-0.15234375,0.4521484375,0.3291015625,-0.76953125
994.035829,info,IMU,3278.3771,-1.09375,-1.75390625,8.609375,0.00390625,-0.078125,-0.15625,0.4501953125,0.33203125,-0.765625
994.056065,info,IMU,3278.3971,-1.09765625,-1.5625,8.40625,-0.033203125,-0.052734375,-0.1484375,0.44921875,0.333984375,-0.767578125
994.075663,info,IMU,3278.4171,-0.83984375,-1.88671875,8.0234375,0.005859375,-0.048828125,-0.142578125,0.4453125,0.3359375,-0.767578125
994.096085,info,IMU,3278.4371,-0.9140625,-1.28515625,8.140625,-0.013671875,-0.072265625,-0.14453125,0.44140625,0.3359375,-0.7666015625
994.115462,info,IMU,3278.4571,-1.1953125,-1.90625,6.3046875,0.033203125,-0.126953125,-0.14453125,0.4384765625,0.3369140625,-0.765625
994.135724,info,IMU,3278.4771,-0.65625,-1.5546875,8.8515625,0.001953125,-0.064453125,-0.154296875,0.435546875,0.3369140625,-0.7705078125
994.155950,info,IMU,3278.4971,-0.52734375,-1.7421875,4.5703125,0.009765625,-0.154296875,-0.154296875,0.4345703125,0.3388671875,-0.7685546875
994.175518,info,IMU,3278.5171,-1.1328125,-1.8203125,8.8828125,0.107421875,-0.154296875,-0.15234375,0.4306640625,0.3369140625,-0.7724609375
994.195736,info,IMU,3278.5371,-0.42578125,-1.67578125,6.421875,-0.02734375,-0.033203125,-0.1484375,0.427734375,0.337890625,-0.775390625
994.216075,info,IMU,3278.5571,-0.6875,-2.12890625,8.92578125,0.130859375,-0.07421875,-0.154296875,0.427734375,0.3388671875,-0.7734375
994.235654,info,IMU,3278.5771,-1.0390625,-1.8671875,8.16015625,0.08984375,-0.123046875,-0.154296875,0.4228515625,0.3349609375,-0.7763671875
994.255789,info,IMU,3278.5971,-1.42578125,-1.6953125,7.51171875,0.109375,-0.18359375,-0.16015625,0.419921875,0.337890625,-0.775390625
994.276012,info,IMU,3278.6171,-0.66796875,-1.4375,9.6953125,0.119140625,-0.1875,-0.154296875,0.41796875,0.3349609375,-0.7802734375
994.295676,info,IMU,3278.6371,0.1953125,-1.6015625,7.171875,0.095703125,-0.134765625,-0.15625,0.4130859375,0.333984375,-0.7802734375
994.315907,info,IMU,3278.6571,0.0390625,-1.85546875,9.6796875,0.09765625,-0.109375,-0.1640625,0.408203125,0.3359375,-0.7822265625
994.335471,info,IMU,3278.6771,0.19140625,-2.0390625,8.9453125,0.125,0.017578125,-0.162109375,0.408203125,0.33203125,-0.779296875
994.355827,info,IMU,3278.6971000000003,-0.1328125,-1.29296875,10.33984375,0.119140625,0.017578125,-0.16015625,0.404296875,0.33203125,-0.7861328125
994.375937,info,IMU,3278.7171000000003,-0.96484375,-1.9140625,9.89453125,0.171875,-0.017578125,-0.154296875,0.40234375,0.3291015625,-0.7841796875
994.395521,info,IMU,3278.7371000000003,-1.0078125,-1.16015625,9.8515625,0.130859375,-0.03125,-0.154296875,0.4013671875,0.3271484375,-0.7890625
994.415938,info,IMU,3278.7571000000003,-1.1015625,-1.36328125,7.7421875,0.1484375,-0.138671875,-0.16015625,0.396484375,0.3271484375,-0.7861328125
994.436023,info,IMU,3278.7771000000002,-1.078125,-1.34375,9.109375,0.07421875,-0.10546875,-0.171875,0.3916015625,0.326171875,-0.7900390625
994.457309,info,IMU,3278.7971000000002,-0.36328125,-1.9375,7.85546875,0.07421875,-0.056640625,-0.162109375,0.3935546875,0.322265625,-0.7890625
994.475812,info,IMU,3278.8171,-0.09375,-1.83203125,9.29296875,0.08984375,-0.00390625,-0.15625,0.3916015625,0.3232421875,-0.79296875
994.496028,info,IMU,3278.8371,-0.69140625,-1.6953125,8.80859375,0.12109375,0.041015625,-0.162109375,0.3896484375,0.3232421875,-0.7919921875
994.515642,info,IMU,3278.8571,-1.2734375,-1.46875,11.51953125,0.056640625,-0.00390625,-0.169921875,0.3876953125,0.3212890625,-0.7939453125
994.535869,info,IMU,3278.8771,-1.44140625,-1.4609375,10.94140625,0.076171875,0.015625,-0.169921875,0.384765625,0.3232421875,-0.7939453125
994.556760,info,IMU,3278.8971,-1.23046875,-1.28515625,9.64453125,0.09375,-0.05859375,-0.173828125,0.38671875,0.3212890625,-0.794921875
994.576798,info,IMU,3278.9171,-1.05859375,-1.12109375,9.5625,-0.009765625,-0.060546875,-0.169921875,0.3837890625,0.3193359375,-0.7939453125
994.595925,info,IMU,3278.9371,-0.77734375,-1.828125,10.7421875,0.0078125,-0.015625,-0.173828125,0.3828125,0.3232421875,-0.794921875
994.615492,info,IMU,3278.9571,-1.17578125,-1.7265625,10.359375,-0.01953125,-0.009765625,-0.18359375,0.3828125,0.322265625,-0.7958984375
994.635801,info,IMU,3278.9771,-0.640625,-1.83984375,12.1484375,0.005859375,0.080078125,-0.18359375,0.3798828125,0.3251953125,-0.7958984375
994.656076,info,IMU,3278.9971,-0.44140625,-1.1171875,10.44921875,-0.091796875,-0.001953125,-0.181640625,0.3779296875,0.326171875,-0.796875
994.677241,info,IMU,3279.0171,-1.09375,-1.72265625,13.8671875,-0.119140625,0.111328125,-0.177734375,0.376953125,0.328125,-0.7919921875
994.695781,info,IMU,3279.0371,-0.90234375,-1.56640625,10.68359375,-0.0234375,0.052734375,-0.181640625,0.3759765625,0.328125,-0.7958984375
994.716038,info,IMU,3279.0571,-1.25,-1.44921875,11.44921875,-0.080078125,-0,-0.177734375,0.3740234375,0.3330078125,-0.794921875
994.735641,info,IMU,3279.0771,-0.7265625,-1.49609375,9.86328125,-0.177734375,0.001953125,-0.177734375,0.373046875,0.3369140625,-0.7939453125
994.755847,info,IMU,3279.0971,-0.58203125,-1.91015625,9.98046875,-0.216796875,0.015625,-0.1640625,0.373046875,0.3408203125,-0.7919921875
994.777578,info,IMU,3279.1171,-0.08984375,-1.6796875,10.88671875,-0.130859375,0.033203125,-0.16015625,0.3720703125,0.34375,-0.7900390625
994.795700,info,IMU,3279.1371,-0.5703125,-1.8671875,10.9453125,-0.23046875,0.111328125,-0.158203125,0.373046875,0.345703125,-0.78515625
994.815901,info,IMU,3279.1571,-1.08203125,-2.16015625,11.390625,-0.11328125,0.076171875,-0.16796875,0.37109375,0.3515625,-0.7880859375
994.835484,info,IMU,3279.1771,-1.09375,-2.22265625,10.1796875,-0.208984375,0.03515625,-0.146484375,0.37109375,0.357421875,-0.7861328125
994.855731,info,IMU,3279.1971000000003,-1.0625,-1.7578125,10.80078125,-0.087890625,-0.00390625,-0.134765625,0.3720703125,0.3583984375,-0.78515625
994.875955,info,IMU,3279.2171000000003,-0.828125,-1.86328125,9.51953125,-0.181640625,-0.05078125,-0.138671875,0.37109375,0.365234375,-0.7822265625
994.895548,info,IMU,3279.2371000000003,0.05078125,-1.69921875,11.29296875,-0.126953125,0.015625,-0.138671875,0.369140625,0.369140625,-0.7841796875
994.915781,info,IMU,3279.2571000000003,0.2890625,-2.16015625,9.44921875,-0.189453125,0.05859375,-0.126953125,0.373046875,0.37109375,-0.7802734375
994.936007,info,IMU,3279.2771000000002,-0.35546875,-1.796875,13.37109375,-0.111328125,0.080078125,-0.12109375,0.373046875,0.3759765625,-0.779296875
994.955612,info,IMU,3279.2971000000002,-0.76953125,-1.94921875,9.46484375,-0.1484375,0.119140625,-0.115234375,0.37109375,0.376953125,-0.77734375
994.975826,info,IMU,3279.3171,-1.3203125,-1.8125,10.02734375,-0.09375,-0.0625,-0.1171875,0.369140625,0.3798828125,-0.77734375
994.996264,info,IMU,3279.3371,-0.765625,-1.91796875,9,-0.103515625,-0.0703125,-0.111328125,0.3681640625,0.3818359375,-0.7744140625
995.015681,info,IMU,3279.3571,0.1015625,-1.5703125,8.96484375,-0.1328125,-0.025390625,-0.095703125,0.369140625,0.384765625,-0.7734375
995.035873,info,IMU,3279.3771,0.19140625,-2.37109375,9.4765625,-0.046875,-0.0078125,-0.09375,0.365234375,0.3876953125,-0.7744140625
995.055481,info,IMU,3279.3971,-0.32421875,-1.81640625,10.171875,-0.060546875,0.091796875,-0.095703125,0.365234375,0.388671875,-0.771484375
995.075729,info,IMU,3279.4171,-0.6640625,-2.1875,6.4921875,0.001953125,-0.02734375,-0.09765625,0.3662109375,0.390625,-0.7705078125
995.095945,info,IMU,3279.4371,-0.98046875,-2.0703125,12.0234375,-0.056640625,-0.0390625,-0.087890625,0.365234375,0.3896484375,-0.7734375
995.115545,info,IMU,3279.4571,-0.296875,-1.69921875,8.7421875,0.001953125,0.01171875,-0.072265625,0.36328125,0.3916015625,-0.7734375
995.135795,info,IMU,3279.4771,0.26171875,-2.1171875,9.015625,-0.017578125,-0,-0.072265625,0.36328125,0.392578125,-0.7705078125
995.156073,info,IMU,3279.4971,0.69140625,-2.05859375,11.15625,0.04296875,0.08984375,-0.07421875,0.3623046875,0.396484375,-0.76953125
995.175584,info,IMU,3279.5171,0.51171875,-1.69921875,9.0703125,0.060546875,0.166015625,-0.07421875,0.3671875,0.392578125,-0.7724609375
995.195828,info,IMU,3279.5371,-0.4140625,-2.03125,8.09765625,0.083984375,0.134765625,-0.078125,0.3662109375,0.3935546875,-0.7734375
995.216072,info,IMU,3279.5571,-1.0546875,-1.6484375,10.20703125,0.02734375,0.16015625,-0.07421875,0.3662109375,0.3896484375,-0.7685546875
995.235653,info,IMU,3279.5771,-0.8125,-1.56640625,7.73046875,0.083984375,0.146484375,-0.0703125,0.37109375,0.392578125,-0.7705078125
995.255896,info,IMU,3279.5971,-0.2734375,-1.4765625,7.59765625,0.107421875,0.091796875,-0.06640625,0.3720703125,0.392578125,-0.76953125
995.275483,info,IMU,3279.6171,0.0390625,-1.33984375,8.34765625,0.056640625,0.205078125,-0.0703125,0.3759765625,0.3876953125,-0.7685546875
995.295744,info,IMU,3279.6371,-0.20703125,-2.26171875,6.62109375,0.078125,0.201171875,-0.080078125,0.376953125,0.3857421875,-0.767578125
995.315941,info,IMU,3279.6571,-0.94140625,-2.203125,9.3203125,0.19921875,0.224609375,-0.078125,0.3798828125,0.3837890625,-0.7705078125
995.335585,info,IMU,3279.6771,-1.0703125,-2.171875,6.74609375,0.181640625,0.203125,-0.068359375,0.3837890625,0.380859375,-0.771484375
995.355746,info,IMU,3279.6971000000003,-1.59375,-1.640625,8.62890625,0.208984375,0.140625,-0.064453125,0.3876953125,0.37890625,-0.771484375
995.375992,info,IMU,3279.7171000000003,-0.93359375,-1.43359375,7.3671875,0.1796875,0.16015625,-0.0703125,0.3876953125,0.37890625,-0.7685546875
995.395694,info,IMU,3279.7371000000003,-0.83203125,-1.7421875,8.06640625,0.212890625,0.140625,-0.07421875,0.388671875,0.3759765625,-0.7705078125
995.415832,info,IMU,3279.7571000000003,-0.6875,-1.87109375,8.8671875,0.16796875,0.18359375,-0.0859375,0.3974609375,0.373046875,-0.7724609375
995.436025,info,IMU,3279.7771000000002,-0.765625,-1.3515625,8.578125,0.193359375,0.220703125,-0.08984375,0.3984375,0.3662109375,-0.7705078125
995.455668,info,IMU,3279.7971000000002,-1.375,-2.2109375,9.46875,0.185546875,0.224609375,-0.08203125,0.40234375,0.365234375,-0.7685546875
995.475890,info,IMU,3279.8171,-1.33984375,-1.6171875,9.640625,0.23828125,0.201171875,-0.08203125,0.40234375,0.361328125,-0.7744140625
995.495496,info,IMU,3279.8371,-1.60546875,-1.3515625,8.58203125,0.119140625,0.1484375,-0.078125,0.40625,0.357421875,-0.7734375
995.515687,info,IMU,3279.8571,-0.95703125,-1.875,8.63671875,0.173828125,0.08984375,-0.078125,0.4111328125,0.357421875,-0.7734375
995.535897,info,IMU,3279.8771,-0.17578125,-1.8515625,9.71875,0.0546875,0.068359375,-0.072265625,0.412109375,0.3544921875,-0.7724609375
995.555524,info,IMU,3279.8971,-0.44140625,-2.23828125,9.1796875,0.15234375,0.109375,-0.068359375,0.4140625,0.353515625,-0.7744140625
995.575762,info,IMU,3279.9171,-1.14453125,-1.94921875,9.7109375,0.0859375,0.109375,-0.0546875,0.4150390625,0.3505859375,-0.771484375
995.596028,info,IMU,3279.9371,-2.05859375,-1.25390625,9.296875,0.091796875,0.001953125,-0.072265625,0.416015625,0.3515625,-0.771484375
995.617008,info,IMU,3279.9571,-2.2265625,-1,12.31640625,0.025390625,0.03515625,-0.07421875,0.412109375,0.3505859375,-0.775390625
995.635833,info,IMU,3279.9771,-1.34765625,-0.77734375,7.70703125,0.04296875,-0.078125,-0.07421875,0.4150390625,0.349609375,-0.7744140625
995.656062,info,IMU,3279.9971,-2.07421875,-1.5625,11.953125,-0.064453125,-0.076171875,-0.080078125,0.4130859375,0.3486328125,-0.7724609375
995.675613,info,IMU,3280.0171,-1.91796875,-1.796875,10.58203125,0.06640625,-0.01953125,-0.099609375,0.412109375,0.3505859375,-0.7724609375
995.697186,info,IMU,3280.0371,-1.7734375,-1.55078125,9.33203125,-0.111328125,0.015625,-0.10546875,0.4091796875,0.3505859375,-0.7734375
995.715721,info,IMU,3280.0571,-1.64453125,-1.85546875,8.52734375,0.109375,-0.158203125,-0.109375,0.40625,0.3515625,-0.7724609375
995.735702,info,IMU,3280.0771,-0.97265625,-1.00390625,11.07421875,-0.173828125,-0.138671875,-0.08984375,0.4033203125,0.3515625,-0.7763671875
995.755889,info,IMU,3280.0971,-1.609375,-1.83203125,6.15625,-0.13671875,-0.263671875,-0.1015625,0.40234375,0.357421875,-0.7783203125
995.775497,info,IMU,3280.1171,-1.66796875,-1.61328125,13.73046875,0.009765625,-0.259765625,-0.14453125,0.39453125,0.357421875,-0.77734375
995.795799,info,IMU,3280.1371,-0.4453125,-1.3828125,6.75,-0.087890625,-0.177734375,-0.12890625,0.388671875,0.3564453125,-0.7783203125
995.815979,info,IMU,3280.1571,-0.69140625,-1.7578125,10.55859375,-0.04296875,-0.27734375,-0.09375,0.384765625,0.3603515625,-0.779296875
995.835689,info,IMU,3280.1771,-1.23828125,-1.97265625,12.71875,-0.12890625,-0.265625,-0.09765625,0.37890625,0.3603515625,-0.7802734375
995.855814,info,IMU,3280.1971000000003,-1.453125,-1.875,11.09765625,-0.041015625,-0.2109375,-0.134765625,0.3740234375,0.3662109375,-0.7802734375
995.876017,info,IMU,3280.2171000000003,-0.44140625,-1.83203125,11.46484375,0.068359375,-0.296875,-0.14453125,0.37109375,0.3671875,-0.7783203125
995.895709,info,IMU,3280.2371000000003,-0.82421875,-0.98828125,13.4765625,-0.126953125,-0.171875,-0.11328125,0.3642578125,0.3701171875,-0.78125
995.915873,info,IMU,3280.2571000000003,-0.91015625,-1.6796875,10.25,-0.11328125,-0.119140625,-0.107421875,0.3603515625,0.3681640625,-0.7822265625
995.935468,info,IMU,3280.2771000000002,-0.2734375,-1.0703125,13.5078125,-0.03515625,-0.177734375,-0.1328125,0.35546875,0.37109375,-0.7822265625
995.955687,info,IMU,3280.2971000000002,-0.25,-1.640625,10.50390625,-0.125,0.013671875,-0.12890625,0.3544921875,0.3740234375,-0.783203125
995.975878,info,IMU,3280.3171,-0.65234375,-1.69140625,8.60546875,0.00390625,-0.15625,-0.138671875,0.3544921875,0.3779296875,-0.7822265625
995.995498,info,IMU,3280.3371,-1.08984375,-1.8203125,12.78125,-0.1875,-0.0859375,-0.142578125,0.349609375,0.376953125,-0.783203125
996.015837,info,IMU,3280.3571,-0.546875,-1.9609375,10.26953125,-0.087890625,-0.021484375,-0.126953125,0.34765625,0.3828125,-0.7822265625
996.036010,info,IMU,3280.3771,-0.89453125,-1.79296875,12.8203125,0.029296875,-0.0859375,-0.109375,0.341796875,0.380859375,-0.783203125
996.055627,info,IMU,3280.3971,-0.96875,-1.48828125,8.4453125,-0.03515625,0.001953125,-0.10546875,0.33984375,0.3828125,-0.7822265625
996.075769,info,IMU,3280.4171,-0.63671875,-1.34375,9.8125,-0.025390625,-0.126953125,-0.1328125,0.3388671875,0.3837890625,-0.7822265625
996.096051,info,IMU,3280.4371,-0.625,-1.87109375,11.19921875,-0.076171875,-0.1015625,-0.134765625,0.337890625,0.3876953125,-0.7822265625
996.115627,info,IMU,3280.4571,-0.65625,-2.09375,9.72265625,-0.064453125,-0.0546875,-0.123046875,0.333984375,0.388671875,-0.7802734375
996.135836,info,IMU,3280.4771,-0.7109375,-2.2890625,10.5546875,-0.02734375,-0.080078125,-0.115234375,0.333984375,0.3896484375,-0.783203125
996.155476,info,IMU,3280.4971,-0.20703125,-1.88671875,13.75,-0.0234375,0.056640625,-0.107421875,0.33203125,0.3916015625,-0.7822265625
996.175683,info,IMU,3280.5171,-0.0390625,-1.25,8.41015625,-0.01953125,-0.021484375,-0.09375,0.328125,0.392578125,-0.7822265625
996.196094,info,IMU,3280.5371,-0.7734375,-0.98828125,13.87109375,-0.009765625,-0.068359375,-0.107421875,0.326171875,0.3935546875,-0.78125
996.215487,info,IMU,3280.5571,-0.96484375,-1.83984375,8.1484375,-0.09765625,-0.013671875,-0.123046875,0.3251953125,0.3935546875,-0.7822265625
996.235798,info,IMU,3280.5771,-0.6171875,-2.078125,7.84765625,0.0546875,-0.083984375,-0.111328125,0.3251953125,0.3955078125,-0.7802734375
996.255948,info,IMU,3280.5971,-0.4375,-1.76171875,11.37109375,-0.119140625,-0.001953125,-0.091796875,0.3251953125,0.3955078125,-0.7802734375
996.275556,info,IMU,3280.6171,-0.015625,-1.4296875,10.8515625,-0.0859375,0.14453125,-0.0859375,0.3251953125,0.3955078125,-0.78125
996.295807,info,IMU,3280.6371,0.25,-1.80859375,9.33984375,-0.017578125,0.048828125,-0.09765625,0.32421875,0.3984375,-0.78125
996.316026,info,IMU,3280.6571,-0.1484375,-1.5703125,12.01171875,-0.048828125,0.1640625,-0.103515625,0.32421875,0.400390625,-0.779296875
996.335615,info,IMU,3280.6771,-0.1875,-1.78125,10.015625,-0.01171875,0.142578125,-0.099609375,0.326171875,0.3994140625,-0.779296875
996.355823,info,IMU,3280.6971000000003,-0.6796875,-2.1640625,9.4140625,0.021484375,0.09375,-0.109375,0.3310546875,0.40234375,-0.779296875
996.375447,info,IMU,3280.7171000000003,-0.16015625,-1.82421875,11.04296875,0.01171875,0.197265625,-0.1015625,0.3310546875,0.4013671875,-0.77734375
996.395711,info,IMU,3280.7371000000003,-0.08203125,-1.91015625,9.30859375,-0.087890625,0.2265625,-0.095703125,0.3349609375,0.4013671875,-0.7724609375
996.415858,info,IMU,3280.7571000000003,-0.00390625,-1.78125,12.30859375,0.07421875,0.3203125,-0.095703125,0.3349609375,0.404296875,-0.7744140625
996.436925,info,IMU,3280.7771000000002,-0.37890625,-1.32421875,9.24609375,-0.037109375,0.349609375,-0.09765625,0.33984375,0.40625,-0.7763671875
996.455789,info,IMU,3280.7971000000002,-1.8359375,-1.71875,8.9140625,0.087890625,0.203125,-0.115234375,0.34375,0.4033203125,-0.7705078125
996.475959,info,IMU,3280.8171,-1.7109375,-1.8359375,9.87109375,-0.01953125,0.185546875,-0.111328125,0.34765625,0.4033203125,-0.7724609375
996.495559,info,IMU,3280.8371,-1.171875,-1.6640625,7.296875,0.0625,0.169921875,-0.09375,0.3544921875,0.40625,-0.7724609375
996.515766,info,IMU,3280.8571,-1.14453125,-1.828125,9.37109375,0.0078125,0.1796875,-0.0859375,0.3544921875,0.4033203125,-0.7705078125
996.535998,info,IMU,3280.8771,-1.2109375,-1.578125,9.36328125,0.033203125,0.18359375,-0.091796875,0.3583984375,0.404296875,-0.76953125
996.555599,info,IMU,3280.8971,-1.6796875,-1.4921875,9.55078125,0.001953125,0.154296875,-0.103515625,0.3583984375,0.40625,-0.7685546875
996.575797,info,IMU,3280.9171,-1.65625,-1.65234375,9.91015625,0.0703125,0.0703125,-0.109375,0.3603515625,0.4033203125,-0.7666015625
996.595436,info,IMU,3280.9371,-1.3359375,-1.51953125,11.14453125,-0.013671875,0.095703125,-0.1171875,0.3623046875,0.404296875,-0.7666015625
996.615645,info,IMU,3280.9571,-1.16796875,-1.25390625,10.671875,-0.052734375,0.138671875,-0.111328125,0.36328125,0.4052734375,-0.765625
996.635873,info,IMU,3280.9771,-0.86328125,-1.34375,12.13671875,-0.0390625,0.072265625,-0.1015625,0.3623046875,0.4072265625,-0.765625
996.655488,info,IMU,3280.9971,-0.94140625,-1.2109375,11.2421875,-0.150390625,0.04296875,-0.09765625,0.3623046875,0.4111328125,-0.7646484375
996.675697,info,IMU,3281.0171,-1.1328125,-1.796875,8.41796875,-0.029296875,0.07421875,-0.09765625,0.3642578125,0.4140625,-0.7646484375
996.695917,info,IMU,3281.0371,-1.171875,-1.38671875,8.70703125,-0.06640625,-0.087890625,-0.107421875,0.3623046875,0.4130859375,-0.7626953125
996.715535,info,IMU,3281.0571,-1.171875,-1.31640625,10.29296875,-0.1953125,-0.0078125,-0.115234375,0.3642578125,0.4140625,-0.765625
996.735781,info,IMU,3281.0771,-1.39453125,-2.05078125,10.43359375,-0.162109375,-0.01953125,-0.107421875,0.3623046875,0.41796875,-0.76171875
996.756011,info,IMU,3281.0971,-1.5,-1.53515625,10.32421875,0.0234375,-0.123046875,-0.107421875,0.359375,0.4208984375,-0.759765625
996.775579,info,IMU,3281.1171,-1.98828125,-1,8.859375,-0.1484375,-0.037109375,-0.109375,0.357421875,0.4208984375,-0.763671875
996.796049,info,IMU,3281.1371,-1.453125,-1.71484375,9.31640625,-0.130859375,-0.236328125,-0.126953125,0.35546875,0.423828125,-0.7607421875
996.816833,info,IMU,3281.1571,-1.3125,-2.09765625,11.234375,-0.13671875,-0.142578125,-0.12890625,0.349609375,0.4267578125,-0.759765625
996.835627,info,IMU,3281.1771,-0.734375,-1.72265625,8.80078125,-0.015625,-0.107421875,-0.125,0.3486328125,0.4296875,-0.7587890625
996.856794,info,IMU,3281.1971000000003,-1.01953125,-1.3203125,9.0390625,-0.021484375,-0.203125,-0.1171875,0.3408203125,0.431640625,-0.759765625
996.875450,info,IMU,3281.2171000000003,-1.71484375,-1.4921875,10.25390625,-0.197265625,-0.1484375,-0.12109375,0.3359375,0.4345703125,-0.7587890625
996.895886,info,IMU,3281.2371000000003,-1.875,-2.2578125,7.1875,-0.056640625,-0.287109375,-0.123046875,0.3310546875,0.4384765625,-0.7587890625
996.915899,info,IMU,3281.2571000000003,-0.97265625,-1.546875,10.76953125,-0.001953125,-0.337890625,-0.12109375,0.328125,0.4375,-0.7607421875
996.935494,info,IMU,3281.2771000000002,-0.5625,-1.6953125,5.12109375,-0.138671875,-0.26171875,-0.1015625,0.3212890625,0.4404296875,-0.7607421875
996.955755,info,IMU,3281.2971000000002,-0.36328125,-2.15625,9.39453125,0.029296875,-0.314453125,-0.109375,0.314453125,0.4423828125,-0.76171875
996.975974,info,IMU,3281.3171,-0.37109375,-2.12890625,8.515625,-0.046875,-0.2265625,-0.095703125,0.3076171875,0.44140625,-0.765625
996.995566,info,IMU,3281.3371,-0.9296875,-2.4140625,6,0.111328125,-0.265625,-0.09375,0.298828125,0.4443359375,-0.7646484375
997.016189,info,IMU,3281.3571,-0.7578125,-2.04296875,9.67578125,0.056640625,-0.3828125,-0.10546875,0.2939453125,0.4423828125,-0.767578125
997.035997,info,IMU,3281.3771,-0.5625,-1.87890625,8.7734375,0.033203125,-0.25390625,-0.09765625,0.2880859375,0.44140625,-0.7646484375
997.056011,info,IMU,3281.3971,-0.19140625,-1.50390625,7.01953125,0.111328125,-0.30859375,-0.09375,0.283203125,0.4404296875,-0.7705078125
997.075846,info,IMU,3281.4171,-0.328125,-1.640625,10.19140625,0.076171875,-0.24609375,-0.08984375,0.27734375,0.4375,-0.7734375
997.095492,info,IMU,3281.4371,-0.03125,-1.8984375,7.61328125,0.10546875,-0.193359375,-0.076171875,0.2734375,0.435546875,-0.771484375
997.115699,info,IMU,3281.4571,0.1796875,-1.765625,8.46875,0.14453125,-0.279296875,-0.07421875,0.2685546875,0.4375,-0.7744140625
997.135891,info,IMU,3281.4771,0.0546875,-1.375,10.23828125,0.0859375,-0.189453125,-0.068359375,0.259765625,0.431640625,-0.775390625
997.155525,info,IMU,3281.4971,-0.234375,-2.015625,7.3515625,0.111328125,-0.123046875,-0.064453125,0.259765625,0.4306640625,-0.7783203125
997.175734,info,IMU,3281.5171,-0.9921875,-1.91015625,9.41015625,0.150390625,-0.212890625,-0.08203125,0.2568359375,0.4296875,-0.779296875
997.195962,info,IMU,3281.5371,-1.18359375,-1.51171875,8.78515625,0.119140625,-0.169921875,-0.076171875,0.2509765625,0.4267578125,-0.7822265625
997.215556,info,IMU,3281.5571,0.0390625,-1.828125,8.7734375,0.1953125,-0.193359375,-0.060546875,0.2470703125,0.4228515625,-0.7822265625
997.235773,info,IMU,3281.5771,0.25390625,-1.80078125,7.890625,0.08203125,-0.109375,-0.03515625,0.2431640625,0.421875,-0.7861328125
997.256018,info,IMU,3281.5971,0.48828125,-1.56640625,7.73046875,0.21875,-0.0625,-0.0546875,0.244140625,0.4189453125,-0.787109375
997.275587,info,IMU,3281.6171,0.13671875,-1.7109375,7.9296875,0.14453125,-0.033203125,-0.0625,0.2431640625,0.416015625,-0.7890625
997.295887,info,IMU,3281.6371,-0.45703125,-1.68359375,9.265625,0.287109375,-0.03515625,-0.0703125,0.2392578125,0.4140625,-0.7890625
997.315458,info,IMU,3281.6571,-1.04296875,-1.41015625,7.71484375,0.140625,-0.0234375,-0.05859375,0.2373046875,0.4111328125,-0.7939453125
997.335681,info,IMU,3281.6771,-1.0859375,-1.48828125,6.98828125,0.158203125,-0.06640625,-0.048828125,0.236328125,0.4072265625,-0.794921875
997.355958,info,IMU,3281.6971000000003,-0.37109375,-1.42578125,9.98828125,0.189453125,-0.017578125,-0.052734375,0.234375,0.4033203125,-0.794921875
997.375534,info,IMU,3281.7171000000003,0.4296875,-1.45703125,5.55078125,0.208984375,-0.009765625,-0.052734375,0.236328125,0.3994140625,-0.796875
997.396009,info,IMU,3281.7371000000003,-0.0859375,-1.89453125,9.17578125,0.150390625,0.01953125,-0.0625,0.234375,0.3955078125,-0.80078125
997.415976,info,IMU,3281.7571000000003,-0.04296875,-1.8203125,8.640625,0.1640625,0.107421875,-0.056640625,0.2373046875,0.390625,-0.796875
997.435589,info,IMU,3281.7771000000002,-0.87890625,-1.78125,9.03515625,0.224609375,0.03515625,-0.052734375,0.2353515625,0.3896484375,-0.80078125
997.455861,info,IMU,3281.7971000000002,-0.671875,-1.38671875,9.4921875,0.169921875,0.009765625,-0.0546875,0.2353515625,0.38671875,-0.80078125
997.476021,info,IMU,3281.8171,-0.046875,-1.1015625,11.05859375,0.1484375,0.052734375,-0.068359375,0.23828125,0.3818359375,-0.802734375
997.495597,info,IMU,3281.8371,-0.2265625,-1.6484375,10.125,0.064453125,0.080078125,-0.064453125,0.2392578125,0.37890625,-0.8046875
997.516240,info,IMU,3281.8571,-0.05859375,-1.39453125,14.046875,0.08984375,0.123046875,-0.05859375,0.2412109375,0.37890625,-0.8046875
997.535441,info,IMU,3281.8771,0.03125,-1.3515625,13.36328125,-0.0078125,0.185546875,-0.041015625,0.2421875,0.3779296875,-0.806640625
997.555680,info,IMU,3281.8971,-0.140625,-1.11328125,14,-0,0.146484375,-0.037109375,0.2451171875,0.37890625,-0.8046875
997.575864,info,IMU,3281.9171,-0.03125,-1.3046875,13.6171875,-0.185546875,0.171875,-0.03515625,0.2470703125,0.37890625,-0.8056640625
997.595477,info,IMU,3281.9371,0.75390625,-1.49609375,14.46875,-0.13671875,0.25,-0.01953125,0.248046875,0.3837890625,-0.8017578125
997.615713,info,IMU,3281.9571,-0.8046875,-1.3671875,10.60546875,-0.08203125,0.197265625,-0.025390625,0.255859375,0.3837890625,-0.8017578125
997.635980,info,IMU,3281.9771,-1.2578125,-1.31640625,10.25390625,-0.109375,0.22265625,-0.04296875,0.259765625,0.384765625,-0.80078125
997.655559,info,IMU,3281.9971,-0.29296875,-1.81640625,12.96484375,-0.349609375,0.259765625,-0.017578125,0.26171875,0.388671875,-0.7978515625
997.675749,info,IMU,3282.0171,-0.328125,-2.2734375,10.01171875,-0.1484375,0.154296875,0.01171875,0.2685546875,0.39453125,-0.794921875
997.696024,info,IMU,3282.0371,-0.921875,-1.33984375,12.89453125,-0.138671875,0.314453125,-0.00390625,0.2724609375,0.3974609375,-0.7919921875
997.719507,info,IMU,3282.0571,-0.4609375,-1.02734375,6.9765625,-0.125,0.169921875,-0.033203125,0.27734375,0.3994140625,-0.7890625
997.735993,info,IMU,3282.0771,0.0625,-0.66015625,15.1796875,-0.314453125,0.318359375,-0.0234375,0.2822265625,0.404296875,-0.787109375
997.755464,info,IMU,3282.0971,0.32421875,-2.578125,7.5859375,-0.3046875,0.361328125,-0,0.2880859375,0.4111328125,-0.78515625
997.775649,info,IMU,3282.1171,-1.27734375,-1.9921875,13.8125,-0.0234375,0.20703125,-0.013671875,0.2919921875,0.4130859375,-0.7802734375
997.795883,info,IMU,3282.1371,-1.19140625,-1.77734375,8.30078125,-0.23828125,0.400390625,-0.01171875,0.298828125,0.416015625,-0.7802734375
997.815496,info,IMU,3282.1571,-0.73828125,-1.234375,7.80078125,-0.189453125,0.142578125,-0.005859375,0.2998046875,0.4189453125,-0.7763671875
997.835704,info,IMU,3282.1771,-0.828125,-1.98046875,11.8984375,-0.2890625,0.1640625,0.00390625,0.306640625,0.4228515625,-0.7724609375
997.855934,info,IMU,3282.1971000000003,-0.21484375,-1.75,9.2265625,-0.115234375,0.228515625,0.013671875,0.3115234375,0.427734375,-0.76953125
997.875508,info,IMU,3282.2171000000003,-0.8046875,-1.7109375,9.5,-0.16015625,0.17578125,0.00390625,0.314453125,0.4296875,-0.7705078125
997.895740,info,IMU,3282.2371000000003,-0.984375,-1.578125,10.7421875,-0.166015625,0.203125,-0,0.3193359375,0.4326171875,-0.7685546875
997.916011,info,IMU,3282.2571000000003,-0.62890625,-2.15234375,10.35546875,-0.16796875,0.142578125,0.0078125,0.3203125,0.4375,-0.76171875
997.935584,info,IMU,3282.2771000000002,-0.38671875,-1.9375,10.11328125,-0.083984375,0.169921875,0.01953125,0.3271484375,0.4375,-0.7626953125
997.955814,info,IMU,3282.2971000000002,-0.7578125,-1.625,9.37109375,-0.103515625,0.1328125,0.025390625,0.3271484375,0.443359375,-0.7587890625
997.975428,info,IMU,3282.3171,-0.53515625,-1.15234375,10.17578125,-0.103515625,0.17578125,0.017578125,0.330078125,0.4404296875,-0.7578125
997.995636,info,IMU,3282.3371,-1.0703125,-1.73828125,6.66015625,-0.1015625,0.13671875,0.017578125,0.3359375,0.443359375,-0.7548828125
998.015885,info,IMU,3282.3571,-0.97265625,-1.37890625,9.671875,0.052734375,0.115234375,0.015625,0.337890625,0.4462890625,-0.7578125
998.039877,info,IMU,3282.3771,-0.53125,-1.17578125,7.39453125,-0.14453125,0.130859375,0.029296875,0.3388671875,0.4462890625,-0.75390625
998.055700,info,IMU,3282.3971,-0.953125,-1.87890625,7.44140625,0.013671875,0.04296875,0.01953125,0.341796875,0.4453125,-0.7529296875
998.075902,info,IMU,3282.4171,-0.78125,-2.0234375,8.8828125,0.0078125,0.181640625,0.0234375,0.341796875,0.4462890625,-0.7529296875
998.095510,info,IMU,3282.4371,-0.60546875,-1.6796875,7.08203125,0.0390625,0.09765625,0.025390625,0.34375,0.4453125,-0.7529296875
998.115758,info,IMU,3282.4571,-1.25,-1.5,8.54296875,0.078125,0.068359375,0.0234375,0.34765625,0.443359375,-0.751953125
998.136377,info,IMU,3282.4771,-0.91015625,-1.70703125,6.3671875,0.119140625,0.0546875,0.015625,0.349609375,0.4443359375,-0.7509765625
998.155601,info,IMU,3282.4971,-0.88671875,-1.76171875,6.828125,0.03515625,0.029296875,0.017578125,0.349609375,0.439453125,-0.7529296875
998.175789,info,IMU,3282.5171,-0.58984375,-1.62890625,8.0625,0.115234375,0.080078125,0.033203125,0.3525390625,0.44140625,-0.7529296875
998.195404,info,IMU,3282.5371,-0.4296875,-1.8125,8.3515625,0.091796875,0.099609375,0.037109375,0.35546875,0.4375,-0.7509765625
998.215622,info,IMU,3282.5571,-0.734375,-1.70703125,8.46875,0.16796875,0.060546875,0.029296875,0.3544921875,0.4375,-0.7548828125
998.235857,info,IMU,3282.5771,-0.94921875,-1.51953125,5.71484375,0.11328125,0.03125,0.017578125,0.3544921875,0.431640625,-0.75390625
998.255478,info,IMU,3282.5971,-1.14453125,-1.57421875,7.62890625,0.14453125,-0.017578125,0.021484375,0.3525390625,0.4306640625,-0.7548828125
998.275696,info,IMU,3282.6171,-0.69140625,-1.703125,9.40625,0.12890625,0.033203125,0.029296875,0.3564453125,0.42578125,-0.7568359375
998.296102,info,IMU,3282.6371,-0.66015625,-1.47265625,6.640625,0.169921875,0.01953125,0.03125,0.357421875,0.421875,-0.759765625
998.315524,info,IMU,3282.6571,-1.5546875,-1.28515625,10.34375,0.1328125,0.0234375,0.013671875,0.3603515625,0.421875,-0.7578125
998.335803,info,IMU,3282.6771,-1.78125,-1.38671875,8.72265625,0.0625,0.0234375,0.01171875,0.3583984375,0.41796875,-0.76171875
998.355970,info,IMU,3282.6971000000003,-1.55078125,-1.06640625,10.5390625,0.0703125,-0.044921875,-0,0.359375,0.4169921875,-0.763671875
998.375584,info,IMU,3282.7171000000003,-1.55078125,-1.33984375,10.19140625,0.0859375,-0.025390625,-0.005859375,0.3564453125,0.4169921875,-0.763671875
998.395791,info,IMU,3282.7371000000003,-1.28125,-0.8046875,11.76953125,0.080078125,0.009765625,-0.021484375,0.3603515625,0.4169921875,-0.763671875
998.415430,info,IMU,3282.7571000000003,-1.63671875,-1.1484375,8.8359375,-0.126953125,0.044921875,-0.0234375,0.359375,0.416015625,-0.7646484375
998.435618,info,IMU,3282.7771000000002,-1.57421875,-1.55078125,10.2578125,0.111328125,-0.099609375,-0.03515625,0.359375,0.4169921875,-0.7626953125
998.455858,info,IMU,3282.7971000000002,-1.015625,-1.234375,10.46875,-0.1484375,-0.046875,-0.0234375,0.357421875,0.4130859375,-0.7626953125
998.475691,info,IMU,3282.8171,-0.9375,-1.72265625,6.13671875,-0.08984375,-0.04296875,-0.01171875,0.3564453125,0.41796875,-0.7626953125
998.495714,info,IMU,3282.8371,-1.3046875,-1.5625,10.62890625,-0.04296875,-0.146484375,-0.05078125,0.357421875,0.4169921875,-0.7646484375
998.515885,info,IMU,3282.8571,-0.0234375,-1.3359375,9.0703125,-0.11328125,-0.03515625,-0.0390625,0.353515625,0.421875,-0.759765625
998.535535,info,IMU,3282.8771,0.1171875,-2.03125,7.87109375,-0.03125,-0.123046875,-0.001953125,0.353515625,0.4228515625,-0.7607421875
998.555737,info,IMU,3282.8971,-1.1953125,-1.66015625,11.21484375,0.025390625,-0.189453125,-0.005859375,0.3505859375,0.423828125,-0.7626953125
998.576080,info,IMU,3282.9171,-0.9609375,-1.66796875,8.9921875,-0.13671875,-0.0859375,-0.04296875,0.34765625,0.423828125,-0.76171875
998.595568,info,IMU,3282.9371,0.58203125,-2.2109375,8.9296875,0.017578125,-0.19921875,-0.029296875,0.3447265625,0.427734375,-0.7626953125
998.615809,info,IMU,3282.9571,0.23828125,-1.61328125,12.01171875,-0.013671875,-0.060546875,0.005859375,0.341796875,0.427734375,-0.7607421875
998.636533,info,IMU,3282.9771,-0.5625,-1.87109375,7.08984375,0.025390625,-0.021484375,0.005859375,0.3408203125,0.427734375,-0.7626953125
998.655640,info,IMU,3282.9971,-0.1796875,-1.546875,10.29296875,0.07421875,-0.158203125,-0.017578125,0.3408203125,0.423828125,-0.7626953125
998.676450,info,IMU,3283.0171,-0.35546875,-1.98828125,8.37109375,-0.083984375,0.03515625,0.0078125,0.337890625,0.427734375,-0.7646484375
998.696593,info,IMU,3283.0371,-0.31640625,-1.81640625,7.5234375,0.234375,-0.1328125,0.005859375,0.3359375,0.4267578125,-0.765625
998.715683,info,IMU,3283.0571,-0.70703125,-1.1171875,8.99609375,0.001953125,-0.0859375,0.005859375,0.333984375,0.421875,-0.765625
998.735929,info,IMU,3283.0771,-0.109375,-1.75390625,5.9453125,0.08984375,-0.03125,0.01953125,0.3359375,0.421875,-0.767578125
998.755485,info,IMU,3283.0971,-0.1015625,-1.9140625,9.8671875,0.123046875,-0.076171875,0.017578125,0.3349609375,0.421875,-0.7685546875
998.775755,info,IMU,3283.1171,-0.23046875,-1.46875,7.234375,0.11328125,-0.033203125,0.013671875,0.3310546875,0.4169921875,-0.76953125
998.797065,info,IMU,3283.1371,-0.5625,-1.76171875,8.33984375,0.193359375,-0,0.009765625,0.33203125,0.4150390625,-0.7724609375
998.815569,info,IMU,3283.1571,-0.49609375,-1.8828125,8.2421875,0.1640625,-0.01171875,0.013671875,0.3310546875,0.4111328125,-0.771484375
998.835898,info,IMU,3283.1771,-0.51171875,-1.47265625,8.99609375,0.1328125,0.01953125,0.03125,0.3330078125,0.40625,-0.775390625
998.855391,info,IMU,3283.1971000000003,-0.1796875,-1.71484375,9.05078125,0.248046875,-0.05859375,0.01953125,0.330078125,0.4052734375,-0.77734375
998.877374,info,IMU,3283.2171000000003,0.16796875,-1.16015625,11.125,0.03515625,-0.001953125,0.03125,0.3349609375,0.40234375,-0.7763671875
998.896068,info,IMU,3283.2371000000003,0.62109375,-1.44921875,8.33984375,0.068359375,0.06640625,0.041015625,0.33203125,0.3994140625,-0.77734375
998.915452,info,IMU,3283.2571000000003,0.171875,-1.6015625,10.8515625,0.125,0.001953125,0.037109375,0.333984375,0.3994140625,-0.779296875
998.935663,info,IMU,3283.2771000000002,-1.0234375,-1.6484375,12.50390625,0.037109375,0.09375,0.037109375,0.3359375,0.3974609375,-0.7763671875
998.955884,info,IMU,3283.2971000000002,-1.13671875,-0.62109375,13.5,0.056640625,0.087890625,0.01171875,0.3369140625,0.39453125,-0.7783203125
998.977771,info,IMU,3283.3171,-1.4609375,-0.859375,13.2109375,-0.1953125,0.19921875,-0.015625,0.33984375,0.39453125,-0.77734375
998.995717,info,IMU,3283.3371,-2.4296875,-0.37109375,10.95703125,0.0546875,0.115234375,-0.056640625,0.3408203125,0.3994140625,-0.7783203125
999.015960,info,IMU,3283.3571,-2.3046875,0.03515625,14.83203125,-0.134765625,0.287109375,-0.08203125,0.341796875,0.3984375,-0.7744140625
999.035574,info,IMU,3283.3771,-0.84765625,-0.88671875,3.77734375,0.068359375,0.185546875,-0.060546875,0.3505859375,0.400390625,-0.7734375
999.055754,info,IMU,3283.3971,0.23828125,-1.53515625,13.62890625,-0.13671875,0.142578125,-0.017578125,0.3486328125,0.400390625,-0.7734375
999.075983,info,IMU,3283.4171,-0.09765625,-2.66015625,7.15625,-0.2890625,0.19140625,-0.015625,0.3564453125,0.40234375,-0.771484375
999.095581,info,IMU,3283.4371,-1.49609375,-1.765625,7.234375,0.06640625,-0.013671875,-0.109375,0.357421875,0.4052734375,-0.7666015625
999.115824,info,IMU,3283.4571,-0.734375,-0.65625,10.06640625,-0.255859375,0.2734375,-0.134765625,0.357421875,0.4072265625,-0.76953125
999.135424,info,IMU,3283.4771,-0.546875,-1.60546875,3.84375,-0.044921875,0.0859375,-0.05859375,0.3603515625,0.4111328125,-0.7666015625
999.155635,info,IMU,3283.4971,-2.3515625,-1.40625,12.453125,-0.06640625,-0.265625,-0.037109375,0.3564453125,0.4091796875,-0.765625
999.175873,info,IMU,3283.5171,-3.2890625,-2.22265625,3.94921875,-0.15625,-0.001953125,-0.048828125,0.3583984375,0.416015625,-0.7666015625
999.195487,info,IMU,3283.5371,0.05078125,-1.73828125,9.265625,0.15234375,-0.275390625,-0.087890625,0.3544921875,0.4140625,-0.763671875
999.215708,info,IMU,3283.5571,0.30078125,-2.15625,11.83984375,-0.083984375,0.05859375,-0.0234375,0.3486328125,0.4150390625,-0.7666015625
999.235920,info,IMU,3283.5771,-0.7578125,-1.83984375,4.51171875,0.1875,-0.134765625,-0.025390625,0.345703125,0.419921875,-0.763671875
999.255526,info,IMU,3283.5971,-1.04296875,-1.16015625,13.09765625,0.048828125,-0.216796875,-0.06640625,0.34375,0.4169921875,-0.7666015625
999.275730,info,IMU,3283.6171,-0.296875,-1.44921875,8.1640625,-0.287109375,-0.00390625,-0.044921875,0.3408203125,0.4189453125,-0.767578125
999.295954,info,IMU,3283.6371,-0.3125,-1.65234375,10.62890625,0.216796875,-0.30859375,-0.02734375,0.3408203125,0.4189453125,-0.7685546875
999.315601,info,IMU,3283.6571,-0.65234375,-1.23828125,9.7734375,-0.076171875,-0.1875,-0.01171875,0.3369140625,0.4150390625,-0.7685546875
999.336959,info,IMU,3283.6771,-0.29296875,-2.2421875,4.4609375,-0.0078125,-0.10546875,-0.005859375,0.3369140625,0.419921875,-0.76953125
999.355438,info,IMU,3283.6971000000003,0.58984375,-1.98828125,12.09765625,0.130859375,-0.09375,-0.01953125,0.33203125,0.4150390625,-0.7724609375
999.375789,info,IMU,3283.7171000000003,0.4296875,-1.3671875,8.53515625,0.03515625,-0.05078125,0.00390625,0.3310546875,0.4130859375,-0.7705078125
999.395881,info,IMU,3283.7371000000003,-0.6953125,-1.7890625,7.265625,0.203125,-0.259765625,0.001953125,0.3310546875,0.4140625,-0.771484375
999.415520,info,IMU,3283.7571000000003,-0.45703125,-1.87890625,10.96875,0.01953125,-0.115234375,-0.001953125,0.3251953125,0.4111328125,-0.7734375
999.435736,info,IMU,3283.7771000000002,0.30859375,-1.46875,9.015625,-0.107421875,0.01171875,0.0234375,0.3251953125,0.408203125,-0.775390625
999.455911,info,IMU,3283.7971000000002,0.6171875,-2.06640625,9.90625,0.24609375,-0.142578125,0.0390625,0.3232421875,0.4072265625,-0.7783203125
999.475512,info,IMU,3283.8171,0.5859375,-1.4140625,13.265625,0.013671875,-0.01171875,0.048828125,0.3251953125,0.4033203125,-0.77734375
999.495731,info,IMU,3283.8371,0.50390625,-2.28515625,9.34375,0.02734375,0.0625,0.0546875,0.3251953125,0.4052734375,-0.77734375
999.516015,info,IMU,3283.8571,0.0859375,-0.875,12.14453125,0.232421875,0.04296875,0.03125,0.322265625,0.4013671875,-0.7802734375
999.535565,info,IMU,3283.8771,-1.12890625,-1.5078125,6.46484375,-0.01953125,0.0625,0.037109375,0.3251953125,0.3974609375,-0.7802734375
999.555796,info,IMU,3283.8971,-0.84375,-1.32421875,12.50390625,0.0703125,0.126953125,0.03125,0.326171875,0.400390625,-0.78125
999.575397,info,IMU,3283.9171,-0.19921875,-1.8125,8.44140625,-0.0390625,0.099609375,0.044921875,0.330078125,0.396484375,-0.779296875
999.595636,info,IMU,3283.9371,-0.625,-1.54296875,11.1953125,0.0703125,0.140625,0.05078125,0.330078125,0.3984375,-0.779296875
999.615850,info,IMU,3283.9571,-0.75,-1.26953125,10.17578125,0.00390625,0.181640625,0.0390625,0.333984375,0.3935546875,-0.7802734375
999.635505,info,IMU,3283.9771,-0.81640625,-1.10546875,10.76953125,0.0390625,0.095703125,0.021484375,0.3359375,0.396484375,-0.7783203125
999.655688,info,IMU,3283.9971,-1.046875,-1.49609375,12.8984375,-0.08984375,0.150390625,0.033203125,0.3388671875,0.3974609375,-0.7763671875
999.675901,info,IMU,3284.0171,-0.703125,-1.4921875,12.58203125,0.04296875,0.193359375,0.025390625,0.34375,0.396484375,-0.7783203125
999.695524,info,IMU,3284.0371,-0.328125,-1.265625,11.23828125,-0.09375,0.173828125,0.033203125,0.3466796875,0.3974609375,-0.7734375
999.715769,info,IMU,3284.0571,-0.05859375,-1.3828125,14.03515625,-0.083984375,0.208984375,0.033203125,0.3505859375,0.3974609375,-0.7724609375
999.735995,info,IMU,3284.0771,-0.9140625,-1.12109375,11.0390625,-0.10546875,0.169921875,0.029296875,0.353515625,0.40234375,-0.7705078125
999.755555,info,IMU,3284.0971,-2.328125,-1.26171875,10.359375,-0.11328125,0.126953125,0.00390625,0.3583984375,0.40234375,-0.76953125
999.775792,info,IMU,3284.1171,-1.41796875,-1.18359375,11.96875,-0.126953125,0.123046875,-0.001953125,0.3603515625,0.40625,-0.7685546875
999.795415,info,IMU,3284.1371,-0.37890625,-1.3125,7.73828125,-0.12109375,0.0546875,0.033203125,0.361328125,0.4072265625,-0.765625
999.815634,info,IMU,3284.1571,-1.40625,-1.71484375,9.40234375,-0.123046875,-0.060546875,0.02734375,0.365234375,0.408203125,-0.7666015625
999.835834,info,IMU,3284.1771,-1.734375,-1.78125,10.65625,-0.150390625,0.0234375,-0.005859375,0.361328125,0.4091796875,-0.7646484375
999.855457,info,IMU,3284.1971000000003,-0.71875,-1.76171875,8.80078125,-0.041015625,-0.091796875,-0.015625,0.361328125,0.4111328125,-0.765625
999.875660,info,IMU,3284.2171000000003,-1.00390625,-1.93359375,9.15234375,-0.150390625,-0.130859375,0.02734375,0.361328125,0.416015625,-0.763671875
999.895884,info,IMU,3284.2371000000003,-1.359375,-1.56640625,9.56640625,-0.05859375,-0.169921875,0.0234375,0.357421875,0.4169921875,-0.7607421875
999.915508,info,IMU,3284.2571000000003,-0.41015625,-1.23046875,10.75390625,-0.107421875,-0.17578125,0.001953125,0.3544921875,0.41796875,-0.765625
999.935732,info,IMU,3284.2771000000002,-0.171875,-1.421875,9.296875,-0.037109375,-0.26171875,0.017578125,0.349609375,0.4189453125,-0.763671875
999.955942,info,IMU,3284.2971000000002,-0.61328125,-1.8046875,9.6796875,-0.078125,-0.173828125,0.033203125,0.3466796875,0.4208984375,-0.76171875
999.975544,info,IMU,3284.3171,0.04296875,-1.6171875,8.83203125,-0.01171875,-0.259765625,0.03125,0.34375,0.421875,-0.7646484375
999.995758,info,IMU,3284.3371,-0.5,-1.80078125,12.2578125,-0.1953125,-0.197265625,0.046875,0.341796875,0.4228515625,-0.7646484375
1000.015440,info,IMU,3284.3571,-0.36328125,-1.7734375,9.1796875,0.076171875,-0.205078125,0.04296875,0.337890625,0.4267578125,-0.7646484375
1000.035633,info,IMU,3284.3771,-0.62890625,-1.18359375,9.6796875,-0.087890625,-0.26953125,0.041015625,0.333984375,0.423828125,-0.7666015625
1000.055823,info,IMU,3284.3971,-1.18359375,-1.5859375,8.2421875,-0.044921875,-0.22265625,0.0390625,0.328125,0.42578125,-0.765625
1000.075450,info,IMU,3284.4171,-0.59765625,-1.98828125,11.359375,0.015625,-0.259765625,0.03125,0.3271484375,0.421875,-0.7666015625
1000.095665,info,IMU,3284.4371,-0.453125,-1.0078125,9.8359375,-0.04296875,-0.220703125,0.04296875,0.3203125,0.4248046875,-0.7685546875
1000.115876,info,IMU,3284.4571,-0.56640625,-1.63671875,11.26953125,-0.015625,-0.099609375,0.03515625,0.3193359375,0.4267578125,-0.7685546875
1000.135506,info,IMU,3284.4771,-0.46484375,-1.33984375,10.98828125,-0.064453125,-0.15625,0.0234375,0.318359375,0.4248046875,-0.7685546875
1000.155728,info,IMU,3284.4971,-0.88671875,-1.34375,11.328125,-0.0234375,-0.1171875,0.01953125,0.3134765625,0.42578125,-0.76953125
1000.175936,info,IMU,3284.5171,-1.08984375,-1.375,10.6875,-0,-0.125,0.01953125,0.3125,0.42578125,-0.76953125
1000.195546,info,IMU,3284.5371,-0.78125,-1.39453125,8.25,-0.048828125,-0.205078125,0.025390625,0.3115234375,0.4248046875,-0.7705078125
1000.215781,info,IMU,3284.5571,-0.2109375,-1.1328125,9.58203125,-0.10546875,-0.205078125,0.0390625,0.3046875,0.42578125,-0.771484375
1000.235354,info,IMU,3284.5771,0.44921875,-1.5390625,8.5,-0.033203125,-0.1953125,0.037109375,0.3037109375,0.427734375,-0.7705078125
1000.255617,info,IMU,3284.5971,-0.36328125,-1.9765625,9.8984375,-0.009765625,-0.154296875,0.0390625,0.2998046875,0.4287109375,-0.7705078125
1000.275827,info,IMU,3284.6171,-0.40234375,-1.828125,8.75390625,-0.041015625,-0.119140625,0.0390625,0.298828125,0.427734375,-0.7724609375
1000.295461,info,IMU,3284.6371,-0.21484375,-1.77734375,9.63671875,-0.08203125,-0.095703125,0.056640625,0.2958984375,0.4296875,-0.7724609375
1000.315631,info,IMU,3284.6571,0.15234375,-2.5390625,9.45703125,-0.001953125,-0.16015625,0.068359375,0.291015625,0.431640625,-0.7724609375
1000.335893,info,IMU,3284.6771,0.5234375,-1.49609375,12.73828125,-0.01171875,-0.0546875,0.06640625,0.294921875,0.4287109375,-0.7724609375
1000.355494,info,IMU,3284.6971000000003,0.36328125,-1.05078125,7.7890625,-0.01171875,-0.0234375,0.06640625,0.2919921875,0.4287109375,-0.7724609375
1000.375721,info,IMU,3284.7171000000003,-0.04296875,-1.109375,10.09375,-0,-0.015625,0.06640625,0.29296875,0.4287109375,-0.7724609375
1000.396139,info,IMU,3284.7371000000003,-0.67578125,-1.546875,8.19921875,-0,0.025390625,0.0703125,0.291015625,0.4326171875,-0.771484375
1000.415588,info,IMU,3284.7571000000003,-0.96484375,-1.7734375,7.83203125,0.09375,-0.005859375,0.068359375,0.2939453125,0.4287109375,-0.7724609375
1000.435769,info,IMU,3284.7771000000002,-0.26171875,-1.58203125,7.28125,0.03515625,0.001953125,0.076171875,0.291015625,0.427734375,-0.775390625
1000.455348,info,IMU,3284.7971000000002,0.53125,-1.23046875,7.4140625,0.0859375,-0.017578125,0.095703125,0.294921875,0.4267578125,-0.771484375
1000.475580,info,IMU,3284.8171,0.2265625,-1.44921875,7.9453125,0.046875,0.017578125,0.099609375,0.29296875,0.42578125,-0.7734375
1000.495834,info,IMU,3284.8371,-0.015625,-1.5390625,7.3828125,0.107421875,0.041015625,0.09765625,0.298828125,0.421875,-0.775390625
1000.515433,info,IMU,3284.8571,-0.37109375,-1.82421875,5.53125,0.197265625,-0.0078125,0.083984375,0.2998046875,0.4189453125,-0.7744140625
1000.535646,info,IMU,3284.8771,-0.1484375,-1.39453125,7.23046875,0.189453125,-0.04296875,0.09375,0.2958984375,0.4150390625,-0.77734375
1000.555853,info,IMU,3284.8971,0.50390625,-1.99609375,6.83984375,0.13671875,0.03125,0.1171875,0.2998046875,0.4150390625,-0.78125
1000.575487,info,IMU,3284.9171,0.68359375,-2.18359375,6.3046875,0.1796875,-0.0078125,0.126953125,0.3017578125,0.408203125,-0.78125
1000.595682,info,IMU,3284.9371,1.15625,-1.59765625,8.41796875,0.166015625,0.078125,0.12890625,0.3037109375,0.40625,-0.78125
1000.615916,info,IMU,3284.9571,0.65234375,-1.765625,7.25390625,0.1796875,0.091796875,0.119140625,0.306640625,0.4013671875,-0.7841796875
1000.635536,info,IMU,3284.9771,-0.03125,-1.44140625,8.90625,0.283203125,0.12109375,0.115234375,0.3076171875,0.396484375,-0.783203125
1000.656022,info,IMU,3284.9971,-0.296875,-1.27734375,4.73046875,0.24609375,0.08203125,0.115234375,0.3115234375,0.3935546875,-0.7861328125
1000.675341,info,IMU,3285.0171,-0.84375,-1.6328125,9.94921875,0.193359375,0.09375,0.123046875,0.314453125,0.3876953125,-0.787109375
1000.695606,info,IMU,3285.0371,-0.28125,-1.3984375,10.1484375,0.11328125,0.158203125,0.126953125,0.3173828125,0.3828125,-0.787109375
1000.718011,info,IMU,3285.0571,-0.05078125,-1.05078125,10.0546875,0.169921875,0.15234375,0.12109375,0.3232421875,0.37890625,-0.7890625
1000.735425,info,IMU,3285.0771,-0.15625,-0.92578125,10.765625,0.087890625,0.126953125,0.123046875,0.326171875,0.3759765625,-0.7900390625
1000.755634,info,IMU,3285.0971,0.1796875,-0.9765625,12.171875,0.056640625,0.1796875,0.1328125,0.3232421875,0.376953125,-0.7890625
1000.775850,info,IMU,3285.1171,0.56640625,-1.8828125,7.4765625,0.09765625,0.06640625,0.150390625,0.3291015625,0.373046875,-0.787109375
1000.795494,info,IMU,3285.1371,-0.18359375,-1.71484375,10.2890625,0.033203125,0.0859375,0.14453125,0.3349609375,0.3701171875,-0.787109375
1000.815701,info,IMU,3285.1571,-0.5625,-1.58203125,7.921875,0.029296875,0.125,0.125,0.3369140625,0.3681640625,-0.7890625
1000.835958,info,IMU,3285.1771,0.29296875,-1.00390625,10.828125,-0.111328125,0.11328125,0.115234375,0.341796875,0.369140625,-0.7880859375
1000.855500,info,IMU,3285.1971000000003,0.453125,-1.70703125,10.3984375,-0.03125,0.16015625,0.158203125,0.345703125,0.3701171875,-0.7861328125
1000.875746,info,IMU,3285.2171000000003,-0.23046875,-1.32421875,10.3359375,0.078125,0.03125,0.158203125,0.349609375,0.3701171875,-0.7861328125
1000.895343,info,IMU,3285.2371000000003,0.09765625,-1.1484375,11.3671875,-0.208984375,0.212890625,0.12890625,0.3505859375,0.3681640625,-0.7841796875
1000.915613,info,IMU,3285.2571000000003,0.76953125,-2.32421875,8.890625,-0.005859375,0.060546875,0.130859375,0.357421875,0.37109375,-0.7841796875
1000.935776,info,IMU,3285.2771000000002,0.421875,-1.22265625,15.140625,-0.08203125,0.1484375,0.1484375,0.359375,0.3681640625,-0.7841796875
1000.955446,info,IMU,3285.2971000000002,-0.2734375,-1.69140625,8.078125,-0.126953125,0.283203125,0.15625,0.3623046875,0.37109375,-0.783203125
1000.975670,info,IMU,3285.3171,-0.23828125,-0.82421875,14.046875,-0.05859375,0.02734375,0.12890625,0.3701171875,0.373046875,-0.779296875
1000.996065,info,IMU,3285.3371,-0.328125,-1.60546875,12.32421875,-0.22265625,0.328125,0.14453125,0.3720703125,0.3720703125,-0.77734375
1001.015490,info,IMU,3285.3571,-0.3515625,-1.6875,8.21875,0.029296875,0.0859375,0.13671875,0.375,0.3759765625,-0.7744140625
1001.035664,info,IMU,3285.3771,-0.26171875,-0.96875,13.41015625,-0.060546875,0.197265625,0.14453125,0.380859375,0.3720703125,-0.775390625
1001.055911,info,IMU,3285.3971,0.5859375,-1.57421875,7.3125,-0.16796875,0.30859375,0.166015625,0.3857421875,0.376953125,-0.7734375
1001.075500,info,IMU,3285.4171,-0.08203125,-1.16796875,11.1953125,0.046875,0.107421875,0.138671875,0.3896484375,0.37890625,-0.771484375
1001.095727,info,IMU,3285.4371,-0.90625,-0.58203125,9.85546875,-0.140625,0.275390625,0.126953125,0.39453125,0.376953125,-0.767578125
1001.115928,info,IMU,3285.4571,-1.15234375,-1.46484375,7.41796875,0.01953125,0.16796875,0.1171875,0.3994140625,0.3798828125,-0.7685546875
1001.135558,info,IMU,3285.4771,-0.84375,-1.1484375,10.296875,-0.09375,0.126953125,0.123046875,0.4052734375,0.376953125,-0.7666015625
1001.155793,info,IMU,3285.4971,-0.46484375,-1.30078125,6.57421875,-0.025390625,0.16015625,0.140625,0.404296875,0.37890625,-0.763671875
1001.175370,info,IMU,3285.5171,-0.48828125,-1.31640625,9.6796875,0.044921875,0.02734375,0.12890625,0.412109375,0.3740234375,-0.763671875
1001.195627,info,IMU,3285.5371,-0.59375,-1.46875,8.6484375,-0.037109375,0.169921875,0.1171875,0.416015625,0.3740234375,-0.7646484375
1001.215836,info,IMU,3285.5571,-0.796875,-2.33984375,7.0859375,0.0625,0.076171875,0.103515625,0.419921875,0.3759765625,-0.76171875
1001.235458,info,IMU,3285.5771,-0.80859375,-1.34765625,10.171875,0.072265625,0.029296875,0.10546875,0.4228515625,0.3701171875,-0.7626953125
1001.255645,info,IMU,3285.5971,-0.4765625,-1.60546875,9.4140625,-0.015625,0.166015625,0.123046875,0.423828125,0.3701171875,-0.759765625
1001.275895,info,IMU,3285.6171,-0.1953125,-1.8515625,8.49609375,0.09375,0.029296875,0.12109375,0.42578125,0.3701171875,-0.76171875
1001.295506,info,IMU,3285.6371,-0.12890625,-1.09375,12.06640625,0.037109375,0.068359375,0.115234375,0.427734375,0.3681640625,-0.759765625
1001.315725,info,IMU,3285.6571,-0.69921875,-1.64453125,7.671875,0.048828125,0.001953125,0.107421875,0.4287109375,0.369140625,-0.7607421875
1001.335969,info,IMU,3285.6771,-1.078125,-1.328125,12.015625,-0.009765625,-0.05859375,0.095703125,0.427734375,0.3662109375,-0.76171875
1001.357646,info,IMU,3285.6971000000003,-1.2890625,-1.51953125,9.125,-0.072265625,-0.037109375,0.091796875,0.4287109375,0.365234375,-0.76171875
1001.375793,info,IMU,3285.7171000000003,-0.77734375,-1.0234375,11.93359375,0.04296875,-0.03125,0.09375,0.4287109375,0.3642578125,-0.7626953125
1001.395362,info,IMU,3285.7371000000003,-0.25390625,-1.58984375,9.3203125,-0.025390625,0.033203125,0.111328125,0.4306640625,0.36328125,-0.7626953125
1001.415621,info,IMU,3285.7571000000003,-0.4296875,-1.62109375,12.14453125,-0.091796875,-0,0.1171875,0.4306640625,0.3642578125,-0.7626953125
1001.435838,info,IMU,3285.7771000000002,-0.58984375,-1.5703125,12.01171875,-0.041015625,-0.046875,0.095703125,0.4296875,0.3662109375,-0.7626953125
1001.455462,info,IMU,3285.7971000000002,-1.21875,-1.828125,10.75390625,-0.130859375,-0.0625,0.08203125,0.4326171875,0.3623046875,-0.759765625
1001.475770,info,IMU,3285.8171,-1.421875,-1.91796875,11.03125,-0,-0.08984375,0.068359375,0.4296875,0.3671875,-0.7626953125
1001.495884,info,IMU,3285.8371,-0.875,-0.80859375,13.1796875,-0.0625,-0,0.078125,0.4287109375,0.3662109375,-0.7607421875
1001.515508,info,IMU,3285.8571,-0.96875,-1.18359375,9.2578125,-0.109375,-0.03515625,0.0859375,0.431640625,0.3701171875,-0.759765625
1001.535723,info,IMU,3285.8771,-0.92578125,-0.890625,11.41015625,-0.076171875,-0.08203125,0.0625,0.4296875,0.3671875,-0.7607421875
1001.555912,info,IMU,3285.8971,-0.58984375,-0.890625,11.96875,-0.138671875,-0.025390625,0.048828125,0.42578125,0.37109375,-0.76171875
1001.575550,info,IMU,3285.9171,-1.1171875,-1.93359375,8.125,-0.083984375,-0.146484375,0.0390625,0.4267578125,0.3701171875,-0.7607421875
1001.595793,info,IMU,3285.9371,-1.3828125,-1.296875,11.796875,-0.048828125,-0.1640625,0.03125,0.42578125,0.3701171875,-0.76171875
1001.616947,info,IMU,3285.9571,-0.88671875,-1.73828125,9.203125,-0.181640625,-0.138671875,0.05078125,0.423828125,0.375,-0.7607421875
1001.635611,info,IMU,3285.9771,-0.48046875,-1.6328125,11.80859375,-0.03515625,-0.234375,0.046875,0.4189453125,0.376953125,-0.7607421875
1001.655813,info,IMU,3285.9971,-0.16796875,-1.15234375,9.48046875,-0.09765625,-0.130859375,0.0390625,0.416015625,0.3740234375,-0.7607421875
1001.675439,info,IMU,3286.0171,-0.55859375,-1.75390625,9.7578125,-0.009765625,-0.216796875,0.017578125,0.4140625,0.3740234375,-0.759765625
1001.696094,info,IMU,3286.0371,-0.32421875,-1.390625,11.5703125,-0.0625,-0.185546875,0.01171875,0.4091796875,0.3798828125,-0.76171875
1001.715954,info,IMU,3286.0571,-0.2890625,-1.34765625,9.16796875,-0.09765625,-0.1328125,0.03125,0.4052734375,0.380859375,-0.7646484375
1001.735523,info,IMU,3286.0771,-0.73046875,-1.58984375,11.1796875,-0.046875,-0.216796875,0.0390625,0.4052734375,0.3818359375,-0.7646484375
1001.755699,info,IMU,3286.0971,-0.1953125,-1.41796875,11.203125,-0.08984375,-0.140625,0.041015625,0.3994140625,0.380859375,-0.763671875
1001.775915,info,IMU,3286.1171,-0.0859375,-1.2109375,10.34375,-0.04296875,-0.1796875,0.02734375,0.3994140625,0.3818359375,-0.7666015625
1001.795670,info,IMU,3286.1371,-0.3984375,-1.44140625,9.8984375,-0.0546875,-0.23828125,0.013671875,0.3935546875,0.3837890625,-0.7666015625
1001.815831,info,IMU,3286.1571,-0.77734375,-1.3125,12.10546875,-0.07421875,-0.138671875,0.0234375,0.3916015625,0.3837890625,-0.767578125
1001.835367,info,IMU,3286.1771,-0.64453125,-1.58984375,9.9765625,-0.099609375,-0.244140625,0.02734375,0.390625,0.3876953125,-0.7666015625
1001.856806,info,IMU,3286.1971000000003,-0.375,-0.921875,13.3515625,-0.09765625,-0.16015625,0.029296875,0.38671875,0.38671875,-0.7685546875
1001.875793,info,IMU,3286.2171000000003,0.2421875,-1.6796875,9.94140625,-0.037109375,-0.158203125,0.029296875,0.3828125,0.3857421875,-0.767578125
1001.895429,info,IMU,3286.2371000000003,-0.25390625,-1.51953125,11.515625,-0.126953125,-0.203125,0.025390625,0.3779296875,0.3876953125,-0.767578125
1001.915828,info,IMU,3286.2571000000003,-0.33203125,-2.09765625,10.1484375,-0.009765625,-0.111328125,0.015625,0.3759765625,0.3896484375,-0.7666015625
1001.935915,info,IMU,3286.2771000000002,0.140625,-1.27734375,11.5078125,-0.0234375,-0.1328125,0.021484375,0.3740234375,0.390625,-0.76953125
1001.955489,info,IMU,3286.2971000000002,-0.15234375,-1.12109375,9.05078125,-0.064453125,-0.09765625,0.041015625,0.37109375,0.3916015625,-0.771484375
1001.975661,info,IMU,3286.3171,-0.08984375,-1.171875,8.75,0.017578125,-0.14453125,0.025390625,0.37109375,0.3935546875,-0.7724609375
1001.995918,info,IMU,3286.3371,0.109375,-1.7109375,8.89453125,-0.0546875,-0.166015625,0.0234375,0.369140625,0.3896484375,-0.76953125
1002.015548,info,IMU,3286.3571,-0.15234375,-1.63671875,9.140625,-0.00390625,-0.11328125,0.017578125,0.3671875,0.39453125,-0.7685546875
1002.037125,info,IMU,3286.3771,-0.16796875,-1.7578125,9.03515625,0.015625,-0.021484375,0.025390625,0.3671875,0.3935546875,-0.7724609375
1002.055440,info,IMU,3286.3971,-0.28515625,-1.9375,6.85546875,0.041015625,-0.123046875,0.0234375,0.36328125,0.3916015625,-0.7705078125
1002.075567,info,IMU,3286.4171,-0.46875,-1.5234375,10.95703125,0.03515625,-0.03125,0.0234375,0.3642578125,0.3896484375,-0.7724609375
1002.095837,info,IMU,3286.4371,-0.05078125,-1.859375,7.62890625,0.111328125,-0.076171875,0.0234375,0.3623046875,0.3876953125,-0.7744140625
1002.117728,info,IMU,3286.4571,-0.17578125,-1.57421875,9.15625,0.076171875,-0.095703125,0.01171875,0.3583984375,0.38671875,-0.775390625
1002.135686,info,IMU,3286.4771,0.12890625,-1.55859375,7.85546875,0.171875,-0.025390625,0.013671875,0.3583984375,0.3876953125,-0.77734375
1002.155846,info,IMU,3286.4971,-0.10546875,-1.37890625,8.80078125,0.1484375,-0.037109375,0.015625,0.35546875,0.3828125,-0.7763671875
1002.175466,info,IMU,3286.5171,0.046875,-1.40625,8.78515625,0.234375,-0.005859375,0.017578125,0.3623046875,0.37890625,-0.779296875
1002.195882,info,IMU,3286.5371,0.01953125,-1.2109375,6.5703125,0.162109375,-0,0.013671875,0.3583984375,0.375,-0.7802734375
1002.215901,info,IMU,3286.5571,-0.53515625,-1.7421875,6.203125,0.22265625,-0.013671875,0.005859375,0.357421875,0.3681640625,-0.78125
1002.235566,info,IMU,3286.5771,-0.49609375,-1.890625,10.22265625,0.134765625,0.009765625,0.0078125,0.357421875,0.3701171875,-0.783203125
1002.255745,info,IMU,3286.5971,0.1171875,-1.47265625,7.984375,0.2109375,0.021484375,0.015625,0.35546875,0.36328125,-0.7841796875
1002.275354,info,IMU,3286.6171,0.09375,-1.3828125,8.85546875,0.189453125,-0.015625,0.021484375,0.357421875,0.359375,-0.78515625
1002.295856,info,IMU,3286.6371,0.15625,-1.51171875,9.9296875,0.14453125,-0.04296875,0.017578125,0.359375,0.3564453125,-0.7880859375
1002.315829,info,IMU,3286.6571,0.69140625,-1.55078125,11.96875,0.1015625,0.0390625,0.015625,0.3564453125,0.357421875,-0.7919921875
1002.335448,info,IMU,3286.6771,0.13671875,-1.19921875,11.96484375,0.048828125,0.05078125,0.013671875,0.3623046875,0.3525390625,-0.7890625
1002.355631,info,IMU,3286.6971000000003,-0.6171875,-0.640625,14.66796875,0.0546875,0.07421875,-0.001953125,0.3583984375,0.3505859375,-0.7890625
1002.376315,info,IMU,3286.7171000000003,-1.28125,-0.109375,13.3828125,-0.064453125,0.1171875,-0.017578125,0.3623046875,0.3505859375,-0.791015625
1002.396504,info,IMU,3286.7371000000003,-2.1953125,-0.21484375,12.94921875,-0.134765625,0.072265625,-0.033203125,0.3642578125,0.3525390625,-0.787109375
1002.416646,info,IMU,3286.7571000000003,-2.32421875,-0.6328125,11.16015625,-0.0703125,0.134765625,-0.072265625,0.3671875,0.357421875,-0.787109375
1002.435893,info,IMU,3286.7771000000002,-1.53515625,0.01171875,12.484375,-0.15234375,0.083984375,-0.111328125,0.3681640625,0.3564453125,-0.787109375
1002.455542,info,IMU,3286.7971000000002,-1.12109375,-1.4921875,9.45703125,-0.3125,0.064453125,-0.080078125,0.3671875,0.361328125,-0.7841796875
1002.475743,info,IMU,3286.8171,-1.76953125,-2.1015625,14.1015625,-0.091796875,-0.078125,-0.060546875,0.3671875,0.3662109375,-0.783203125
1002.495343,info,IMU,3286.8371,-1.78515625,-0.9375,11.30078125,-0.279296875,0.04296875,-0.091796875,0.3662109375,0.3671875,-0.779296875
1002.517013,info,IMU,3286.8571,-0.54296875,-0.7734375,10.45703125,-0.162109375,-0.15234375,-0.140625,0.361328125,0.375,-0.7802734375
1002.535778,info,IMU,3286.8771,0.2265625,-1.1484375,13.7109375,-0.3203125,-0.10546875,-0.111328125,0.36328125,0.3779296875,-0.7783203125
1002.555412,info,IMU,3286.8971,-0.76953125,-0.91796875,8.97265625,-0.169921875,-0.158203125,-0.087890625,0.3583984375,0.3837890625,-0.7744140625
1002.575587,info,IMU,3286.9171,-1.78515625,-0.203125,12.02734375,-0.216796875,-0.291015625,-0.126953125,0.3515625,0.38671875,-0.7763671875
1002.595824,info,IMU,3286.9371,-0.671875,-1.140625,12.765625,-0.38671875,-0.193359375,-0.1328125,0.3466796875,0.3935546875,-0.7763671875
1002.617358,info,IMU,3286.9571,-0.4453125,-1.43359375,9.47265625,-0.076171875,-0.337890625,-0.10546875,0.33984375,0.3994140625,-0.7744140625
1002.637453,info,IMU,3286.9771,-0.64453125,0.16796875,12.8125,-0.15625,-0.3125,-0.083984375,0.3349609375,0.40234375,-0.77734375
1002.655885,info,IMU,3286.9971,-0.6015625,-1.39453125,8.19140625,-0.28125,-0.18359375,-0.087890625,0.3310546875,0.408203125,-0.7734375
1002.677626,info,IMU,3287.0171,-0.23046875,-1.2265625,10.5859375,0.083984375,-0.38671875,-0.119140625,0.32421875,0.4130859375,-0.7744140625
1002.697790,info,IMU,3287.0371,-0.07421875,0.48828125,11.84375,-0.17578125,-0.13671875,-0.083984375,0.3154296875,0.408203125,-0.7744140625
1002.715336,info,IMU,3287.0571,0.05078125,-0.4921875,6.4765625,-0.05078125,-0.166015625,-0.072265625,0.314453125,0.4130859375,-0.775390625
1002.735562,info,IMU,3287.0771,-0.80078125,-0.28515625,11.49609375,0.025390625,-0.2734375,-0.107421875,0.3095703125,0.4150390625,-0.7724609375
1002.755796,info,IMU,3287.0971,-0.8203125,-0.54296875,8.71484375,-0.12109375,-0.103515625,-0.09765625,0.306640625,0.4169921875,-0.77734375
1002.775382,info,IMU,3287.1171,-0.32421875,-1.04296875,7.734375,0.1015625,-0.298828125,-0.091796875,0.30078125,0.416015625,-0.77734375
1002.795631,info,IMU,3287.1371,-0.046875,-0.47265625,11.0078125,0.009765625,-0.17578125,-0.072265625,0.2978515625,0.4169921875,-0.7802734375
1002.815818,info,IMU,3287.1571,0.1796875,-0.796875,8.3203125,0.05859375,-0.0546875,-0.06640625,0.29296875,0.4169921875,-0.7783203125
1002.835416,info,IMU,3287.1771,0.16015625,-0.58203125,10.0625,0.162109375,-0.208984375,-0.08203125,0.2890625,0.4140625,-0.7783203125
1002.855658,info,IMU,3287.1971000000003,0.19921875,-0.04296875,10.40625,0.08203125,-0.05859375,-0.078125,0.2841796875,0.4130859375,-0.7822265625
1002.875867,info,IMU,3287.2171000000003,-0.0625,-0.76171875,8.41796875,0.08984375,-0.08203125,-0.064453125,0.2822265625,0.412109375,-0.7841796875
1002.895487,info,IMU,3287.2371000000003,0.03125,-0.8203125,10.58203125,0.18359375,-0.17578125,-0.060546875,0.2822265625,0.4072265625,-0.7841796875
1002.915694,info,IMU,3287.2571000000003,-0.2265625,-0.1484375,10.27734375,0.025390625,0.013671875,-0.033203125,0.283203125,0.404296875,-0.78515625
1002.935336,info,IMU,3287.2771000000002,-0.55078125,-0.19140625,7.5546875,0.275390625,-0.09375,-0.060546875,0.2763671875,0.40625,-0.787109375
1002.955532,info,IMU,3287.2971000000002,-0.8203125,0.42578125,11.375,0.064453125,0.037109375,-0.087890625,0.2734375,0.4013671875,-0.7890625
1002.975760,info,IMU,3287.3171,-0.3046875,0.45703125,5.6171875,0.142578125,0.083984375,-0.080078125,0.271484375,0.4013671875,-0.791015625
1002.995384,info,IMU,3287.3371,-1.1640625,0.36328125,10.41015625,0.099609375,0.0078125,-0.07421875,0.2744140625,0.3984375,-0.7900390625
1003.017053,info,IMU,3287.3571,-1.3359375,-0.171875,8.15234375,0.029296875,0.041015625,-0.078125,0.2744140625,0.3955078125,-0.7919921875
1003.035807,info,IMU,3287.3771,-0.90625,0.0703125,9.07421875,0.140625,0.0234375,-0.08984375,0.275390625,0.396484375,-0.791015625
1003.055426,info,IMU,3287.3971,-0.22265625,0.703125,8.48828125,0.12890625,-0.03125,-0.083984375,0.275390625,0.3955078125,-0.7919921875
1003.075631,info,IMU,3287.4171,-0.55078125,1.31640625,8.734375,-0.005859375,0.0546875,-0.072265625,0.2744140625,0.3916015625,-0.79296875
1003.096097,info,IMU,3287.4371,-0.69921875,0.52734375,7.34765625,0.080078125,-0.08203125,-0.09375,0.275390625,0.3916015625,-0.7958984375
1003.115497,info,IMU,3287.4571,-0.75390625,0.26953125,10.32421875,0.078125,0.02734375,-0.099609375,0.271484375,0.392578125,-0.794921875
1003.135742,info,IMU,3287.4771,0.46484375,0.45703125,9.3515625,-0.001953125,0.12109375,-0.08203125,0.2724609375,0.3896484375,-0.79296875
1003.155967,info,IMU,3287.4971,0.33203125,0.41796875,8.09375,0.220703125,-0.11328125,-0.078125,0.2763671875,0.390625,-0.794921875
1003.175538,info,IMU,3287.5171,-0.078125,0.71484375,10.328125,0.0234375,0.052734375,-0.072265625,0.275390625,0.38671875,-0.796875
1003.195769,info,IMU,3287.5371,0.4609375,0.32421875,8.5234375,0.037109375,0.142578125,-0.076171875,0.2763671875,0.38671875,-0.794921875
1003.215391,info,IMU,3287.5571,0.08203125,0.46875,10.36328125,0.20703125,0.123046875,-0.078125,0.279296875,0.38671875,-0.794921875
1003.235597,info,IMU,3287.5771,-0.171875,0.89453125,6.94140625,0.083984375,0.1875,-0.076171875,0.279296875,0.3818359375,-0.794921875
1003.255851,info,IMU,3287.5971,-0.484375,0.49609375,7.7265625,0.1328125,0.154296875,-0.07421875,0.2822265625,0.3779296875,-0.798828125
1003.275409,info,IMU,3287.6171,-0.3828125,-0.29296875,7.83203125,0.166015625,0.16015625,-0.06640625,0.28515625,0.3779296875,-0.7978515625
1003.295636,info,IMU,3287.6371,-0.1953125,0.4765625,8.12109375,0.18359375,0.240234375,-0.048828125,0.2841796875,0.376953125,-0.796875
1003.315873,info,IMU,3287.6571,0.08203125,0.87890625,7.48828125,0.25390625,0.15625,-0.0546875,0.2919921875,0.3720703125,-0.7978515625
1003.335502,info,IMU,3287.6771,0.08984375,0.37890625,6.2734375,0.220703125,0.166015625,-0.0546875,0.2919921875,0.3671875,-0.7978515625
1003.355698,info,IMU,3287.6971000000003,-0.26171875,0.44140625,8.12109375,0.208984375,0.251953125,-0.0546875,0.294921875,0.36328125,-0.798828125
1003.376161,info,IMU,3287.7171000000003,-0.75,0.203125,7.4140625,0.287109375,0.115234375,-0.0625,0.2998046875,0.3603515625,-0.8017578125
1003.395752,info,IMU,3287.7371000000003,-1.00390625,0.29296875,8.66015625,0.25390625,0.22265625,-0.0546875,0.3037109375,0.3525390625,-0.8037109375
1003.415759,info,IMU,3287.7571000000003,-0.33984375,0.3671875,7.5,0.240234375,0.197265625,-0.04296875,0.3095703125,0.353515625,-0.8037109375
1003.435375,info,IMU,3287.7771000000002,0.1875,0.30859375,10.24609375,0.22265625,0.216796875,-0.03125,0.30859375,0.345703125,-0.802734375
1003.455730,info,IMU,3287.7971000000002,0.06640625,0.15234375,9.38671875,0.1640625,0.310546875,-0.03125,0.3134765625,0.341796875,-0.8037109375
1003.475806,info,IMU,3287.8171,-0.109375,0.703125,10.73046875,0.251953125,0.236328125,-0.048828125,0.318359375,0.337890625,-0.8037109375
1003.495397,info,IMU,3287.8371,-0.421875,0.171875,10.0078125,0.15625,0.26171875,-0.046875,0.32421875,0.3359375,-0.8056640625
1003.515666,info,IMU,3287.8571,-0.21875,0.0078125,10.52734375,0.17578125,0.275390625,-0.03125,0.328125,0.33203125,-0.8056640625
1003.535878,info,IMU,3287.8771,-0.39453125,-0.015625,11.26953125,0.173828125,0.357421875,-0.013671875,0.333984375,0.3291015625,-0.8056640625
1003.555564,info,IMU,3287.8971,-0.4921875,0.3359375,9.39453125,0.224609375,0.296875,-0.02734375,0.33984375,0.3271484375,-0.8076171875
1003.575717,info,IMU,3287.9171,-0.328125,0.6875,10.4609375,0.091796875,0.341796875,-0.021484375,0.345703125,0.3203125,-0.8046875
1003.595916,info,IMU,3287.9371,-0.296875,-0.19921875,10.33203125,0.169921875,0.33203125,-0.02734375,0.3515625,0.3203125,-0.8037109375
1003.620424,info,IMU,3287.9571,-0.76953125,0.546875,11.12109375,0.107421875,0.23828125,-0.021484375,0.3583984375,0.318359375,-0.8017578125
1003.635758,info,IMU,3287.9771,-1.33984375,1.01953125,10.4296875,0.078125,0.326171875,-0.029296875,0.361328125,0.31640625,-0.8017578125
1003.655388,info,IMU,3287.9971,-1.4140625,1.28515625,9.6015625,0.029296875,0.28125,-0.0546875,0.3671875,0.310546875,-0.798828125
1003.675597,info,IMU,3288.0171,-1.0234375,1.02734375,11.203125,-0.02734375,0.326171875,-0.052734375,0.3779296875,0.3134765625,-0.796875
1003.696102,info,IMU,3288.0371,-1.01953125,0.2890625,6.56640625,0.08203125,0.248046875,-0.044921875,0.3818359375,0.314453125,-0.7998046875
1003.715402,info,IMU,3288.0571,-1.24609375,0.47265625,13.44140625,-0.134765625,0.302734375,-0.041015625,0.3857421875,0.3134765625,-0.7939453125
1003.737051,info,IMU,3288.0771,-1.91796875,-0.08203125,7.140625,-0.12109375,0.298828125,-0.0546875,0.3955078125,0.3173828125,-0.7900390625
1003.755835,info,IMU,3288.0971,-2.05859375,0.9765625,12.49609375,0.111328125,0.134765625,-0.11328125,0.3984375,0.31640625,-0.7919921875
1003.775469,info,IMU,3288.1171,-0.47265625,0.93359375,8.47265625,-0.201171875,0.267578125,-0.08203125,0.400390625,0.322265625,-0.7890625
1003.795796,info,IMU,3288.1371,-0.296875,0.3984375,9.8515625,-0.064453125,0.251953125,-0.041015625,0.4052734375,0.322265625,-0.7861328125
1003.815952,info,IMU,3288.1571,-1.4296875,0.39453125,8.8046875,-0.083984375,0.111328125,-0.0546875,0.4130859375,0.326171875,-0.783203125
1003.835550,info,IMU,3288.1771,-1.9921875,0.32421875,10.4765625,-0.138671875,0.171875,-0.087890625,0.4140625,0.328125,-0.783203125
1003.855722,info,IMU,3288.1971000000003,-1.7421875,-0.10546875,4.77734375,-0.02734375,0.037109375,-0.1015625,0.4189453125,0.3291015625,-0.78125
1003.875338,info,IMU,3288.2171000000003,-1.30859375,1.375,9.8671875,-0.140625,0.08984375,-0.072265625,0.41796875,0.330078125,-0.77734375
1003.895597,info,IMU,3288.2371000000003,-0.64453125,0.38671875,4.5234375,-0.19921875,0.064453125,-0.04296875,0.41796875,0.3349609375,-0.7783203125
1003.915798,info,IMU,3288.2571000000003,-1.25,0.33984375,10.5234375,-0.052734375,0.0703125,-0.0546875,0.4208984375,0.3369140625,-0.775390625
1003.935703,info,IMU,3288.2771000000002,-1.61328125,0.296875,6.4140625,-0.076171875,0.134765625,-0.076171875,0.421875,0.33984375,-0.7744140625
1003.955635,info,IMU,3288.2971000000002,-1.26953125,0.49609375,8.046875,0.056640625,-0.017578125,-0.087890625,0.4208984375,0.3427734375,-0.775390625
1003.975839,info,IMU,3288.3171,-0.63671875,0.34375,8.00390625,-0.12109375,-0.009765625,-0.05078125,0.423828125,0.341796875,-0.7744140625
1003.995456,info,IMU,3288.3371,-1.21875,0.203125,6.4140625,-0.103515625,0.00390625,-0.025390625,0.423828125,0.3447265625,-0.771484375
1004.015690,info,IMU,3288.3571,-1.40234375,0.58984375,9.94921875,-0.037109375,-0.0078125,-0.06640625,0.42578125,0.34765625,-0.76953125
1004.035892,info,IMU,3288.3771,-0.5078125,0.49609375,9.9375,-0.150390625,0.046875,-0.080078125,0.423828125,0.3505859375,-0.767578125
1004.055886,info,IMU,3288.3971,-0.19140625,0.37109375,9.29296875,-0,-0.04296875,-0.056640625,0.4248046875,0.3515625,-0.7705078125
1004.075679,info,IMU,3288.4171,-1.0078125,0.11328125,10.42578125,-0.046875,-0.015625,-0.041015625,0.423828125,0.3544921875,-0.771484375
1004.095401,info,IMU,3288.4371,-1.49609375,0.08203125,11.11328125,-0.046875,0.083984375,-0.060546875,0.419921875,0.35546875,-0.767578125
1004.115556,info,IMU,3288.4571,-0.83203125,0.3203125,9.59765625,0.05078125,-0.080078125,-0.072265625,0.4228515625,0.357421875,-0.767578125
1004.135784,info,IMU,3288.4771,-0.765625,0.3125,10.10546875,0.033203125,-0.060546875,-0.0546875,0.419921875,0.3564453125,-0.7685546875
1004.155376,info,IMU,3288.4971,-1.20703125,0.0078125,7.78515625,-0.11328125,-0.03515625,-0.046875,0.4189453125,0.357421875,-0.767578125
1004.175592,info,IMU,3288.5171,-1.4609375,-0.328125,10.6328125,0.03125,-0.12890625,-0.06640625,0.4189453125,0.3623046875,-0.7646484375
1004.195795,info,IMU,3288.5371,-0.984375,-0.07421875,8.3515625,-0.01953125,-0.119140625,-0.056640625,0.4150390625,0.361328125,-0.765625
1004.215467,info,IMU,3288.5571,-0.8984375,-0.125,8.76171875,-0.0234375,-0.08984375,-0.0390625,0.4150390625,0.361328125,-0.7705078125
1004.235677,info,IMU,3288.5771,-1.3359375,0.28125,8.546875,-0.017578125,-0.224609375,-0.044921875,0.412109375,0.3671875,-0.7685546875
1004.255881,info,IMU,3288.5971,-1.390625,-0.1328125,10.2734375,-0.15234375,-0.142578125,-0.044921875,0.40625,0.3681640625,-0.7646484375
1004.275502,info,IMU,3288.6171,-0.82421875,-0.3828125,7.65234375,-0.0078125,-0.138671875,-0.041015625,0.404296875,0.3701171875,-0.767578125
1004.295906,info,IMU,3288.6371,-1.1640625,-0.02734375,10.37890625,-0.02734375,-0.1953125,-0.041015625,0.400390625,0.37109375,-0.771484375
1004.315306,info,IMU,3288.6571,-1.48046875,-0.234375,7.609375,-0.0859375,-0.197265625,-0.037109375,0.39453125,0.3720703125,-0.771484375
1004.335572,info,IMU,3288.6771,-1.03515625,0.0234375,10.140625,-0.0390625,-0.2578125,-0.0390625,0.392578125,0.3720703125,-0.7724609375
1004.355842,info,IMU,3288.6971000000003,-1.140625,-0.12890625,8.44140625,-0.001953125,-0.2109375,-0.033203125,0.388671875,0.3740234375,-0.7705078125
1004.375376,info,IMU,3288.7171000000003,-1.1875,0.328125,10.20703125,-0.0703125,-0.158203125,-0.029296875,0.3818359375,0.375,-0.7734375
1004.395604,info,IMU,3288.7371000000003,-0.9921875,-0.32421875,9.5390625,-0.009765625,-0.2109375,-0.046875,0.3779296875,0.373046875,-0.7734375
1004.415822,info,IMU,3288.7571000000003,-0.62109375,0.05078125,11.90625,-0.0390625,-0.1953125,-0.0390625,0.3740234375,0.3740234375,-0.7744140625
1004.435405,info,IMU,3288.7771000000002,-0.27734375,0.375,8.90234375,0.056640625,-0.20703125,-0.0390625,0.3720703125,0.37890625,-0.775390625
1004.455648,info,IMU,3288.7971000000002,-0.7890625,0.734375,11.265625,-0.009765625,-0.1953125,-0.044921875,0.3642578125,0.3759765625,-0.7763671875
1004.475949,info,IMU,3288.8171,-1.1015625,0.11328125,9.5234375,-0.052734375,-0.17578125,-0.056640625,0.3623046875,0.37890625,-0.779296875
1004.495499,info,IMU,3288.8371,-0.84375,0.35546875,11.21875,0.0703125,-0.1875,-0.0703125,0.3603515625,0.376953125,-0.7802734375
1004.515688,info,IMU,3288.8571,-1,0.1640625,9.5390625,0.00390625,-0.068359375,-0.068359375,0.3564453125,0.376953125,-0.7802734375
1004.535287,info,IMU,3288.8771,-0.8203125,0.1171875,11.56640625,0.005859375,-0.052734375,-0.068359375,0.3505859375,0.376953125,-0.7822265625
1004.555533,info,IMU,3288.8971,-0.51953125,0.32421875,11.5,-0.0390625,-0.09765625,-0.07421875,0.3466796875,0.376953125,-0.783203125
1004.575756,info,IMU,3288.9171,-0.7421875,-0.1484375,10.26953125,0.033203125,-0.158203125,-0.083984375,0.34765625,0.3779296875,-0.7802734375
1004.596900,info,IMU,3288.9371,-0.8984375,-0.0078125,10.84765625,-0.025390625,-0.06640625,-0.08984375,0.3427734375,0.37890625,-0.7822265625
1004.615641,info,IMU,3288.9571,-0.88671875,0.03515625,9.90625,0.01953125,-0.056640625,-0.09375,0.341796875,0.380859375,-0.78125
1004.635811,info,IMU,3288.9771,-0.89453125,0.03125,12.03515625,-0.03515625,-0.048828125,-0.08203125,0.337890625,0.380859375,-0.783203125
1004.655403,info,IMU,3288.9971,-0.578125,0.3125,9.98828125,0.017578125,-0.08984375,-0.083984375,0.3369140625,0.37890625,-0.78125
1004.675613,info,IMU,3289.0171,-0.91015625,0.2734375,11.60546875,0.02734375,-0.095703125,-0.09765625,0.3359375,0.37890625,-0.7841796875
1004.695874,info,IMU,3289.0371,-0.94140625,0.14453125,9.28515625,0.01953125,-0.10546875,-0.1015625,0.333984375,0.3818359375,-0.7861328125
1004.715475,info,IMU,3289.0571,-0.78125,0.10546875,11.9140625,-0.01953125,-0.044921875,-0.095703125,0.33203125,0.3828125,-0.7841796875
1004.735730,info,IMU,3289.0771,-0.7109375,-0.3125,8.6328125,0.064453125,-0.09765625,-0.0859375,0.3310546875,0.3837890625,-0.783203125
1004.755294,info,IMU,3289.0971,-0.83203125,0.33984375,11.328125,0.01953125,-0.091796875,-0.091796875,0.328125,0.3828125,-0.7861328125
1004.775585,info,IMU,3289.1171,-0.83203125,-0.09375,8.5234375,-0.087890625,-0.037109375,-0.08984375,0.3251953125,0.3828125,-0.7861328125
1004.795728,info,IMU,3289.1371,-0.82421875,-0.0859375,10.66015625,0.037109375,-0.107421875,-0.09765625,0.3251953125,0.3818359375,-0.7861328125
1004.815351,info,IMU,3289.1571,-0.53125,0.09765625,10.00390625,-0.064453125,-0.04296875,-0.0859375,0.3203125,0.3828125,-0.7890625
1004.835563,info,IMU,3289.1771,-0.609375,0.1953125,8.984375,-0,-0.06640625,-0.078125,0.3203125,0.3818359375,-0.787109375
1004.855825,info,IMU,3289.1971000000003,-0.4921875,-0.02734375,10.30859375,-0.060546875,-0.08203125,-0.076171875,0.318359375,0.3828125,-0.787109375
1004.875394,info,IMU,3289.2171000000003,-0.1875,0.0625,9.73828125,0.056640625,-0.060546875,-0.076171875,0.3154296875,0.3828125,-0.787109375
1004.895837,info,IMU,3289.2371000000003,-0.4140625,-0.05859375,9.62890625,0.044921875,-0.0625,-0.072265625,0.3134765625,0.384765625,-0.7861328125
1004.915863,info,IMU,3289.2571000000003,-0.09765625,-0.05859375,8.5078125,0.06640625,-0.162109375,-0.06640625,0.3125,0.384765625,-0.7900390625
1004.935453,info,IMU,3289.2771000000002,0.04296875,0.08203125,10.703125,-0.015625,-0.0703125,-0.056640625,0.3115234375,0.3876953125,-0.7890625
1004.955683,info,IMU,3289.2971000000002,-0.26953125,-0.59375,8.4296875,0.08203125,-0.095703125,-0.052734375,0.310546875,0.3837890625,-0.787109375
1004.975258,info,IMU,3289.3171,-0.13671875,0.2109375,12.63671875,0.00390625,-0.015625,-0.056640625,0.306640625,0.3837890625,-0.7880859375
1004.995528,info,IMU,3289.3371,-0.05078125,-0.42578125,7.25,0.01953125,0.001953125,-0.044921875,0.3056640625,0.3857421875,-0.7880859375
1005.015787,info,IMU,3289.3571,-0.109375,-0.82421875,13.14453125,0.044921875,0.083984375,-0.046875,0.3056640625,0.3837890625,-0.7919921875
1005.035343,info,IMU,3289.3771,0.55078125,-0.47265625,10.5625,-0.0703125,0.11328125,-0.041015625,0.306640625,0.3818359375,-0.7890625
1005.055593,info,IMU,3289.3971,0.50390625,-0.10546875,12.34765625,0.15234375,-0.068359375,-0.037109375,0.3056640625,0.3837890625,-0.7880859375
1005.075794,info,IMU,3289.4171,0.31640625,-0.45703125,9.8984375,-0.017578125,-0.078125,-0.029296875,0.3056640625,0.3818359375,-0.7900390625
1005.095395,info,IMU,3289.4371,0.0078125,-0.40234375,10.59375,0.009765625,0.05078125,-0.017578125,0.30859375,0.384765625,-0.791015625
1005.115645,info,IMU,3289.4571,-0.10546875,-0.4609375,9.9453125,0.04296875,0.0859375,-0.025390625,0.30859375,0.3837890625,-0.7919921875
1005.135839,info,IMU,3289.4771,0.19921875,-0.046875,11.296875,0.046875,0.146484375,-0.015625,0.30859375,0.3798828125,-0.7939453125
1005.155439,info,IMU,3289.4971,0.359375,-0.34765625,9.48828125,0.0546875,0.18359375,-0.009765625,0.310546875,0.3828125,-0.7919921875
1005.175663,info,IMU,3289.5171,0.125,-0.34375,10.55078125,0.111328125,0.119140625,-0.009765625,0.31640625,0.3798828125,-0.7880859375
1005.195290,info,IMU,3289.5371,0.375,0.07421875,9.59375,0.0078125,0.15234375,-0.00390625,0.314453125,0.3779296875,-0.79296875
1005.215530,info,IMU,3289.5571,0.2421875,0.01171875,10.3828125,0.01953125,0.154296875,0.001953125,0.3232421875,0.3779296875,-0.7900390625
1005.235748,info,IMU,3289.5771,-0.16015625,-0.12890625,10.3671875,0.07421875,0.251953125,0.001953125,0.3232421875,0.3759765625,-0.7919921875
1005.255366,info,IMU,3289.5971,-0.015625,0.05078125,11.33984375,0.01171875,0.34375,0.00390625,0.330078125,0.375,-0.787109375
1005.275537,info,IMU,3289.6171,0.24609375,0.14453125,11.26953125,0.076171875,0.267578125,0.01171875,0.33203125,0.375,-0.7890625
1005.295840,info,IMU,3289.6371,0.13671875,0.03125,12.31640625,-0.00390625,0.244140625,0.01171875,0.3369140625,0.375,-0.78515625
1005.315431,info,IMU,3289.6571,-0.03125,0.10546875,11.359375,0.05078125,0.296875,0.005859375,0.3447265625,0.3740234375,-0.787109375
1005.335593,info,IMU,3289.6771,-0.265625,-0.375,11.4765625,0.005859375,0.3125,0.005859375,0.34765625,0.3740234375,-0.783203125
1005.355819,info,IMU,3289.6971000000003,-0.3515625,0.07421875,11.4609375,0.03125,0.32421875,0.0078125,0.3525390625,0.373046875,-0.783203125
1005.375447,info,IMU,3289.7171000000003,-0.41015625,-0.1796875,10.98828125,-0.07421875,0.333984375,0.009765625,0.3603515625,0.3740234375,-0.7822265625
1005.395809,info,IMU,3289.7371000000003,-0.5390625,-0.49609375,10.62109375,0.06640625,0.283203125,0.005859375,0.3642578125,0.3720703125,-0.7802734375
1005.415858,info,IMU,3289.7571000000003,-0.7421875,0.4296875,9.6015625,-0.033203125,0.31640625,0.01171875,0.3720703125,0.3720703125,-0.7783203125
1005.435575,info,IMU,3289.7771000000002,-1.1953125,-0.26171875,8.5390625,0.037109375,0.279296875,0.00390625,0.376953125,0.37109375,-0.7763671875
1005.455881,info,IMU,3289.7971000000002,-1.0625,0.23828125,9.58203125,-0,0.216796875,0.00390625,0.3837890625,0.3720703125,-0.7744140625
1005.475329,info,IMU,3289.8171,-1.12890625,-0.00390625,6.9453125,0.01171875,0.197265625,0.00390625,0.38671875,0.369140625,-0.7744140625
1005.495597,info,IMU,3289.8371,-0.93359375,0.13671875,8.73046875,-0.009765625,0.240234375,0.01171875,0.3955078125,0.3701171875,-0.7744140625
1005.515812,info,IMU,3289.8571,-0.9140625,-0.00390625,8.31640625,-0.037109375,0.283203125,0.009765625,0.3984375,0.3701171875,-0.76953125
1005.535367,info,IMU,3289.8771,-1.2265625,-0.04296875,9.703125,0.001953125,0.275390625,-0,0.4013671875,0.369140625,-0.76953125
1005.555600,info,IMU,3289.8971,-1.1875,-0.16796875,8.5,0.005859375,0.173828125,-0.001953125,0.40625,0.3701171875,-0.767578125
1005.575813,info,IMU,3289.9171,-1.0390625,0.32421875,10.15234375,0.02734375,0.201171875,-0,0.412109375,0.369140625,-0.7685546875
1005.597877,info,IMU,3289.9371,-1.01171875,0.0625,9.07421875,-0.048828125,0.171875,0.009765625,0.412109375,0.369140625,-0.767578125
1005.615684,info,IMU,3289.9571,-1.46875,0.0390625,10.87890625,-0.046875,0.140625,-0.001953125,0.4130859375,0.365234375,-0.765625
1005.635922,info,IMU,3289.9771,-1.375,-0.07421875,9.38671875,-0.0546875,0.154296875,-0.009765625,0.416015625,0.369140625,-0.7646484375
1005.655588,info,IMU,3289.9971,-1.4296875,-0.33984375,10.23828125,-0.0234375,0.154296875,-0.009765625,0.419921875,0.3671875,-0.7646484375
1005.675680,info,IMU,3290.0171,-1.1484375,0.36328125,9.58984375,-0.005859375,0.01953125,-0.015625,0.419921875,0.3671875,-0.7626953125
1005.695491,info,IMU,3290.0371,-1.87890625,0.0546875,9.75390625,-0.091796875,-0.056640625,-0.01171875,0.4248046875,0.3681640625,-0.7607421875
1005.715555,info,IMU,3290.0571,-1.859375,-0.13671875,8.62109375,-0.037109375,-0.052734375,-0.021484375,0.423828125,0.3701171875,-0.7607421875
1005.735755,info,IMU,3290.0771,-2.10546875,-0.11328125,8.89453125,-0.080078125,0.03515625,-0.021484375,0.4248046875,0.3701171875,-0.7607421875
1005.755380,info,IMU,3290.0971,-1.66796875,0.26953125,8.90234375,0.05078125,-0.1484375,-0.033203125,0.419921875,0.3701171875,-0.763671875
1005.775569,info,IMU,3290.1171,-1.76953125,-0.1484375,9.6484375,-0.1015625,-0.22265625,-0.021484375,0.419921875,0.3671875,-0.763671875
1005.795808,info,IMU,3290.1371,-1.7890625,-0.58984375,8.3671875,0.0859375,-0.279296875,-0.037109375,0.4140625,0.373046875,-0.7646484375
1005.816928,info,IMU,3290.1571,-1.80859375,0.12890625,10.609375,-0.0703125,-0.2421875,-0.02734375,0.4111328125,0.3740234375,-0.7646484375
1005.835651,info,IMU,3290.1771,-1.5546875,-0.17578125,8.203125,0.029296875,-0.3125,-0.0390625,0.40625,0.3720703125,-0.765625
1005.855845,info,IMU,3290.1971000000003,-1.4609375,-0.38671875,11.046875,-0.107421875,-0.326171875,-0.04296875,0.3994140625,0.3720703125,-0.767578125
1005.875972,info,IMU,3290.2171000000003,-1.36328125,-0.6953125,8.33203125,0.1015625,-0.33203125,-0.041015625,0.39453125,0.373046875,-0.7705078125
1005.896046,info,IMU,3290.2371000000003,-1.33984375,-0.51171875,10.6953125,-0.017578125,-0.34765625,-0.037109375,0.3857421875,0.373046875,-0.7744140625
1005.915292,info,IMU,3290.2571000000003,-1.19140625,-0.171875,8.91015625,0.06640625,-0.4296875,-0.041015625,0.3779296875,0.369140625,-0.77734375
1005.935536,info,IMU,3290.2771000000002,-1.05078125,-0.38671875,10.88671875,-0.017578125,-0.439453125,-0.041015625,0.3681640625,0.3720703125,-0.779296875
1005.955798,info,IMU,3290.2971000000002,-0.83984375,-0.31640625,8.78125,0.154296875,-0.5234375,-0.041015625,0.3583984375,0.373046875,-0.7822265625
1005.975330,info,IMU,3290.3171,-0.8125,0.06640625,10.8359375,0.03125,-0.48828125,-0.037109375,0.3525390625,0.369140625,-0.7841796875
1005.996434,info,IMU,3290.3371,-0.83203125,-0.84375,7.59765625,0.125,-0.51953125,-0.044921875,0.341796875,0.37109375,-0.7861328125
1006.015812,info,IMU,3290.3571,-0.609375,-0.359375,10.7734375,0.091796875,-0.48828125,-0.046875,0.3291015625,0.365234375,-0.7900390625
1006.035408,info,IMU,3290.3771,-0.46875,-0.58203125,8.265625,0.08984375,-0.470703125,-0.046875,0.3212890625,0.36328125,-0.7958984375
1006.055637,info,IMU,3290.3971,-0.4140625,-0.546875,11.25390625,0.10546875,-0.505859375,-0.048828125,0.3125,0.3642578125,-0.796875
1006.075851,info,IMU,3290.4171,-0.34765625,-0.61328125,9.65625,0.095703125,-0.490234375,-0.052734375,0.30078125,0.3623046875,-0.80078125
1006.096811,info,IMU,3290.4371,-0.44140625,-0.62109375,10.83984375,0.162109375,-0.580078125,-0.048828125,0.2919921875,0.3603515625,-0.802734375
1006.116347,info,IMU,3290.4571,-0.390625,-0.9140625,11.25,0.12890625,-0.517578125,-0.041015625,0.2822265625,0.357421875,-0.8076171875
1006.137293,info,IMU,3290.4771,-0.5625,-0.59375,9.81640625,0.197265625,-0.515625,-0.041015625,0.271484375,0.3544921875,-0.80859375
1006.155589,info,IMU,3290.4971,-0.68359375,-0.9609375,11.8046875,0.130859375,-0.43359375,-0.048828125,0.2626953125,0.3525390625,-0.8115234375
1006.177552,info,IMU,3290.5171,0.04296875,-0.94921875,9.875,0.126953125,-0.4375,-0.046875,0.2490234375,0.349609375,-0.8134765625
1006.195399,info,IMU,3290.5371,-0.1015625,-0.5859375,11.35546875,0.177734375,-0.490234375,-0.037109375,0.244140625,0.3486328125,-0.8154296875
1006.217713,info,IMU,3290.5571,-0.37109375,-0.78515625,9.4765625,0.19921875,-0.40234375,-0.03125,0.2333984375,0.3466796875,-0.8173828125
1006.235801,info,IMU,3290.5771,-0.14453125,-0.2890625,12.28125,0.107421875,-0.34765625,-0.05078125,0.224609375,0.34375,-0.8212890625
1006.257914,info,IMU,3290.5971,0.71875,-0.59765625,12.25,0.111328125,-0.3203125,-0.04296875,0.220703125,0.33984375,-0.8251953125
1006.277928,info,IMU,3290.6171,0.73828125,-0.30078125,12.33203125,0.125,-0.34375,-0.03125,0.2080078125,0.3349609375,-0.8251953125
1006.295839,info,IMU,3290.6371,0.34765625,-0.484375,12.109375,0.103515625,-0.34375,-0.03515625,0.2021484375,0.3330078125,-0.8251953125
1006.315509,info,IMU,3290.6571,0.54296875,-0.48828125,11.53125,0.154296875,-0.33203125,-0.037109375,0.1962890625,0.3330078125,-0.830078125
1006.335716,info,IMU,3290.6771,0.51171875,-0.21875,11.71484375,0.083984375,-0.2890625,-0.033203125,0.1884765625,0.326171875,-0.8310546875
1006.355285,info,IMU,3290.6971000000003,0.453125,-1.02734375,11.265625,0.166015625,-0.25,-0.02734375,0.185546875,0.3251953125,-0.83203125
1006.375543,info,IMU,3290.7171000000003,0.67578125,-0.56640625,11.7421875,0.119140625,-0.185546875,-0.025390625,0.1806640625,0.322265625,-0.8330078125
1006.395706,info,IMU,3290.7371000000003,0.99609375,-0.7890625,11.66796875,0.162109375,-0.16015625,-0.0234375,0.177734375,0.3203125,-0.833984375
1006.415352,info,IMU,3290.7571000000003,0.6015625,-0.75390625,12.9921875,0.123046875,-0.109375,-0.0234375,0.171875,0.318359375,-0.8369140625
1006.435545,info,IMU,3290.7771000000002,0.765625,-0.2890625,11.14453125,0.14453125,-0.154296875,-0.021484375,0.1689453125,0.3154296875,-0.8359375
1006.455818,info,IMU,3290.7971000000002,0.71875,-0.6171875,11.36328125,0.14453125,-0.12109375,-0.01171875,0.169921875,0.3134765625,-0.8369140625
1006.475390,info,IMU,3290.8171,0.6640625,-0.3984375,9.484375,0.154296875,-0.0625,-0.01171875,0.169921875,0.3095703125,-0.8388671875
1006.495663,info,IMU,3290.8371,0.49609375,0.078125,9.90234375,0.111328125,0.001953125,-0.009765625,0.16796875,0.30859375,-0.837890625
1006.515830,info,IMU,3290.8571,0.57421875,-0.671875,8.76953125,0.052734375,0.099609375,-0.005859375,0.169921875,0.30859375,-0.8388671875
1006.535494,info,IMU,3290.8771,0.71484375,-0.00390625,10.328125,0.076171875,0.16796875,-0.01171875,0.1708984375,0.3056640625,-0.83984375
1006.555677,info,IMU,3290.8971,0.8046875,-0.5390625,10.0703125,0.017578125,0.23828125,-0.001953125,0.1748046875,0.3037109375,-0.841796875
1006.575275,info,IMU,3290.9171,0.98828125,-0.2421875,11.66015625,0.095703125,0.232421875,0.001953125,0.1787109375,0.3037109375,-0.83984375
1006.595524,info,IMU,3290.9371,1.35546875,-0.3515625,11.234375,-0.033203125,0.318359375,0.013671875,0.1806640625,0.3017578125,-0.841796875
1006.615714,info,IMU,3290.9571,0.90234375,-0.76953125,10.6796875,0.060546875,0.3046875,0.009765625,0.1884765625,0.30078125,-0.8388671875
1006.635326,info,IMU,3290.9771,1.09765625,-0.265625,12.578125,-0.046875,0.427734375,0.009765625,0.193359375,0.2998046875,-0.837890625
1006.655575,info,IMU,3290.9971,1.18359375,-0.35546875,11.7421875,0.140625,0.3671875,0.015625,0.205078125,0.298828125,-0.83984375
1006.675770,info,IMU,3291.0171,0.54296875,-0.47265625,11.109375,0.05859375,0.421875,0.025390625,0.2109375,0.298828125,-0.8388671875
1006.695865,info,IMU,3291.0371,0.80859375,-0.53125,9.3671875,0.037109375,0.478515625,0.01953125,0.2236328125,0.2978515625,-0.8349609375
1006.715666,info,IMU,3291.0571,0.75390625,-0.1953125,11.28125,-0.033203125,0.541015625,0.01953125,0.232421875,0.2978515625,-0.837890625
1006.735833,info,IMU,3291.0771,0.703125,-0.39453125,9.82421875,0.029296875,0.662109375,0.0234375,0.24609375,0.296875,-0.8359375
1006.755452,info,IMU,3291.0971,0.27734375,-0.16796875,10.64453125,0.0546875,0.6796875,0.029296875,0.2578125,0.2978515625,-0.8291015625
1006.775651,info,IMU,3291.1171,0.609375,-0.57421875,9.69921875,0.005859375,0.703125,0.03125,0.2705078125,0.2978515625,-0.8310546875
1006.795278,info,IMU,3291.1371,0.70703125,-0.515625,9.5625,-0.017578125,0.662109375,0.037109375,0.2822265625,0.296875,-0.8271484375
1006.815523,info,IMU,3291.1571,0.3359375,-0.5,10.0078125,-0.037109375,0.671875,0.048828125,0.2978515625,0.2978515625,-0.82421875
1006.835694,info,IMU,3291.1771,0.16796875,-0.140625,9.04296875,0.005859375,0.712890625,0.05078125,0.3095703125,0.30078125,-0.8232421875
1006.855312,info,IMU,3291.1971000000003,0.09375,-0.3671875,10.04296875,0.029296875,0.72265625,0.05078125,0.3271484375,0.294921875,-0.8193359375
1006.875547,info,IMU,3291.2171000000003,0.07421875,-0.64453125,7.9375,0.005859375,0.6796875,0.05859375,0.3408203125,0.2978515625,-0.8154296875
1006.895796,info,IMU,3291.2371000000003,-0.359375,-0.4765625,9.1875,0.005859375,0.61328125,0.0703125,0.3544921875,0.298828125,-0.8125
1006.915408,info,IMU,3291.2571000000003,-0.4765625,-0.44921875,7.90625,0.021484375,0.587890625,0.07421875,0.3671875,0.2939453125,-0.80859375
1006.935586,info,IMU,3291.2771000000002,-0.7421875,-0.375,7.73046875,0.046875,0.580078125,0.076171875,0.3818359375,0.2939453125,-0.802734375
1006.955810,info,IMU,3291.2971000000002,-0.5859375,0.26171875,8.69921875,0.01953125,0.5234375,0.08203125,0.392578125,0.2919921875,-0.798828125
1006.975424,info,IMU,3291.3171,-0.515625,-0.41015625,8.9609375,-0.0234375,0.53125,0.099609375,0.4013671875,0.294921875,-0.7978515625
1006.995653,info,IMU,3291.3371,-1.12890625,-0.19140625,8.421875,0.080078125,0.455078125,0.09765625,0.4140625,0.29296875,-0.7919921875
1007.015270,info,IMU,3291.3571,-1.30859375,0.01171875,7.69140625,-0.0390625,0.478515625,0.091796875,0.42578125,0.291015625,-0.791015625
1007.035521,info,IMU,3291.3771,-1.0546875,-0.4296875,7.50390625,-0.005859375,0.396484375,0.087890625,0.4345703125,0.2919921875,-0.7861328125
1007.055736,info,IMU,3291.3971,-1.0390625,-0.46875,9.91015625,-0.080078125,0.41796875,0.087890625,0.4423828125,0.29296875,-0.78515625
1007.075280,info,IMU,3291.4171,-0.99609375,-0.36328125,9.140625,0.044921875,0.4140625,0.09765625,0.4541015625,0.2939453125,-0.779296875
1007.095550,info,IMU,3291.4371,-1.30078125,0.30078125,9.421875,0.00390625,0.330078125,0.091796875,0.4619140625,0.29296875,-0.7744140625
1007.115825,info,IMU,3291.4571,-1.6796875,0.09375,9.47265625,-0.14453125,0.376953125,0.080078125,0.470703125,0.29296875,-0.7724609375
1007.135383,info,IMU,3291.4771,-2.00390625,-0.13671875,8.3046875,-0.091796875,0.275390625,0.0625,0.4775390625,0.296875,-0.767578125
1007.155602,info,IMU,3291.4971,-2.2265625,0.3046875,11.234375,-0.08203125,0.3203125,0.052734375,0.482421875,0.2978515625,-0.7666015625
1007.175805,info,IMU,3291.5171,-2.2109375,0.21875,7.54296875,-0.166015625,0.271484375,0.05859375,0.48828125,0.296875,-0.763671875
1007.195400,info,IMU,3291.5371,-2.25,-0.03515625,9.59765625,-0.09375,0.205078125,0.041015625,0.490234375,0.296875,-0.763671875
1007.215646,info,IMU,3291.5571,-2.078125,0.2421875,8.17578125,-0.181640625,0.1640625,0.025390625,0.4951171875,0.30078125,-0.7607421875
1007.235273,info,IMU,3291.5771,-2.46484375,0.171875,7.20703125,-0.15625,-0.009765625,0.01171875,0.498046875,0.3017578125,-0.7568359375
1007.255489,info,IMU,3291.5971,-2.2578125,0.14453125,9.59375,-0.279296875,0.0390625,0.01171875,0.498046875,0.3037109375,-0.7587890625
1007.275681,info,IMU,3291.6171,-2.0546875,-0.32421875,8.05859375,-0.265625,0.005859375,0.015625,0.498046875,0.3115234375,-0.7548828125
1007.295290,info,IMU,3291.6371,-2.51953125,-0.33984375,9.58984375,-0.15234375,-0.140625,-0.009765625,0.4970703125,0.3125,-0.755859375
1007.315810,info,IMU,3291.6571,-2.46875,-0.13671875,8.76171875,-0.267578125,-0.13671875,-0.017578125,0.4912109375,0.3134765625,-0.75390625
1007.335789,info,IMU,3291.6771,-2,-0.21484375,8.20703125,-0.18359375,-0.17578125,-0.005859375,0.490234375,0.318359375,-0.755859375
1007.355395,info,IMU,3291.6971000000003,-1.80078125,-0.203125,8.7890625,-0.17578125,-0.1875,0.001953125,0.484375,0.3232421875,-0.7529296875
1007.375855,info,IMU,3291.7171000000003,-2.26953125,0.390625,8.80078125,-0.248046875,-0.216796875,-0.013671875,0.478515625,0.326171875,-0.755859375
1007.395796,info,IMU,3291.7371000000003,-2.32421875,-0.03515625,9.0078125,-0.244140625,-0.287109375,-0.04296875,0.478515625,0.33203125,-0.7568359375
1007.415405,info,IMU,3291.7571000000003,-1.7734375,0.0625,9.98828125,-0.20703125,-0.3125,-0.046875,0.474609375,0.3359375,-0.7568359375
1007.436309,info,IMU,3291.7771000000002,-1.55078125,-0.08984375,8.34375,-0.1640625,-0.376953125,-0.02734375,0.466796875,0.33984375,-0.7578125
1007.464355,info,IMU,3291.7971000000002,-1.95703125,0.0546875,8.92578125,-0.1640625,-0.451171875,-0.029296875,0.4609375,0.3408203125,-0.759765625
1007.478539,info,IMU,3291.8171,-2.01171875,-0.19921875,8.3125,-0.228515625,-0.439453125,-0.044921875,0.44921875,0.3466796875,-0.7587890625
1007.495676,info,IMU,3291.8371,-1.4453125,-0.0859375,7.92578125,-0.1484375,-0.49609375,-0.0625,0.443359375,0.3525390625,-0.763671875
1007.515295,info,IMU,3291.8571,-1.44140625,-0.14453125,8.38671875,-0.1875,-0.490234375,-0.05859375,0.43359375,0.35546875,-0.765625
1007.535531,info,IMU,3291.8771,-1.87890625,-0.0078125,7.2890625,-0.22265625,-0.556640625,-0.05859375,0.423828125,0.3603515625,-0.765625
1007.555755,info,IMU,3291.8971,-2.2890625,-0.34375,8.8515625,-0.255859375,-0.587890625,-0.076171875,0.412109375,0.36328125,-0.76953125
1007.575326,info,IMU,3291.9171,-1.71484375,-0.6484375,7.97265625,-0.212890625,-0.583984375,-0.076171875,0.400390625,0.369140625,-0.7705078125
1007.595560,info,IMU,3291.9371,-1.12109375,-0.17578125,9.3671875,-0.23828125,-0.59765625,-0.068359375,0.388671875,0.3720703125,-0.7734375
1007.615792,info,IMU,3291.9571,-1.1015625,-0.046875,8.53515625,-0.23828125,-0.642578125,-0.068359375,0.3759765625,0.3759765625,-0.7744140625
1007.635395,info,IMU,3291.9771,-1.19140625,-0.10546875,9.79296875,-0.30078125,-0.669921875,-0.080078125,0.3671875,0.380859375,-0.7744140625
1007.655614,info,IMU,3291.9971,-1.00390625,-0.39453125,9.56640625,-0.20703125,-0.689453125,-0.08984375,0.3525390625,0.3857421875,-0.779296875
1007.675820,info,IMU,3292.0171,-1.0390625,-0.28125,9.515625,-0.1796875,-0.73046875,-0.087890625,0.3388671875,0.388671875,-0.7822265625
1007.695508,info,IMU,3292.0371,-1.0546875,-0.27734375,9.55078125,-0.181640625,-0.72265625,-0.078125,0.3251953125,0.3916015625,-0.783203125
1007.715845,info,IMU,3292.0571,-0.6875,-0.3125,9.28515625,-0.1640625,-0.7109375,-0.076171875,0.30859375,0.3974609375,-0.7841796875
1007.735261,info,IMU,3292.0771,-0.0546875,-0.40625,10.55078125,-0.169921875,-0.689453125,-0.078125,0.2958984375,0.3974609375,-0.787109375
1007.755542,info,IMU,3292.0971,-0.078125,-0.4375,8.74609375,-0.11328125,-0.701171875,-0.078125,0.2783203125,0.4013671875,-0.7890625
1007.775719,info,IMU,3292.1171,-0.37890625,-0.32421875,10.1171875,-0.13671875,-0.701171875,-0.091796875,0.267578125,0.40625,-0.7900390625
1007.795495,info,IMU,3292.1371,-0.26171875,-0.390625,9.09765625,-0.140625,-0.720703125,-0.0859375,0.2529296875,0.4072265625,-0.787109375
1007.815681,info,IMU,3292.1571,-0.02734375,-0.52734375,10.875,-0.173828125,-0.603515625,-0.072265625,0.2392578125,0.4111328125,-0.791015625
1007.835804,info,IMU,3292.1771,0.1484375,-0.9375,7.6796875,-0.0859375,-0.591796875,-0.0625,0.2294921875,0.412109375,-0.79296875
1007.855380,info,IMU,3292.1971000000003,0.4296875,-0.3125,11.74609375,-0.130859375,-0.603515625,-0.060546875,0.21484375,0.4140625,-0.7939453125
1007.875613,info,IMU,3292.2171000000003,0.953125,-0.9453125,8.4296875,-0.126953125,-0.6875,-0.056640625,0.203125,0.41796875,-0.7939453125
1007.896067,info,IMU,3292.2371000000003,0.34765625,-1.10546875,11.16015625,-0.07421875,-0.650390625,-0.05078125,0.189453125,0.4189453125,-0.79296875
1007.915417,info,IMU,3292.2571000000003,0.2890625,-0.765625,9.78125,-0.109375,-0.4921875,-0.052734375,0.1767578125,0.419921875,-0.7939453125
1007.935699,info,IMU,3292.2771000000002,0.4375,-0.578125,11.37890625,-0.041015625,-0.458984375,-0.044921875,0.166015625,0.41796875,-0.79296875
1007.955266,info,IMU,3292.2971000000002,0.83984375,-0.9453125,12.0390625,-0.029296875,-0.44140625,-0.037109375,0.1591796875,0.42578125,-0.794921875
1007.975517,info,IMU,3292.3171,1.01953125,-0.88671875,11.28125,0.001953125,-0.408203125,-0.02734375,0.150390625,0.4248046875,-0.7958984375
1007.995698,info,IMU,3292.3371,1.03125,-0.8359375,11.43359375,-0.0234375,-0.322265625,-0.03125,0.1435546875,0.4248046875,-0.796875
1008.015321,info,IMU,3292.3571,1.09375,-0.41796875,11.71875,-0.072265625,-0.19921875,-0.025390625,0.1376953125,0.42578125,-0.794921875
1008.035833,info,IMU,3292.3771,0.671875,-0.87890625,11.43359375,-0.1015625,-0.130859375,-0.021484375,0.1337890625,0.42578125,-0.7958984375
1008.055816,info,IMU,3292.3971,0.69921875,-0.67578125,12.19140625,-0.03125,-0.109375,-0.02734375,0.1298828125,0.4267578125,-0.7939453125
1008.075386,info,IMU,3292.4171,0.87109375,-0.44921875,10.66015625,-0.00390625,-0.072265625,-0.015625,0.126953125,0.427734375,-0.794921875
1008.095637,info,IMU,3292.4371,0.8828125,-0.68359375,10.34765625,0.01953125,-0.0234375,-0.013671875,0.126953125,0.4267578125,-0.7958984375
1008.116116,info,IMU,3292.4571,1.1328125,-0.40625,10.65625,0.03125,0.0078125,-0.01171875,0.125,0.4248046875,-0.794921875
1008.135427,info,IMU,3292.4771,0.890625,-0.56640625,10.37109375,0.111328125,0.109375,-0.005859375,0.1279296875,0.423828125,-0.7958984375
1008.155657,info,IMU,3292.4971,0.78515625,-0.46875,10.31640625,0.12109375,0.181640625,-0.015625,0.12890625,0.423828125,-0.7958984375
1008.175277,info,IMU,3292.5171,0.94140625,-0.43359375,10.3515625,0.11328125,0.201171875,-0.005859375,0.1328125,0.4228515625,-0.79296875
1008.195470,info,IMU,3292.5371,0.8203125,-1.140625,9.94140625,0.07421875,0.259765625,-0,0.1337890625,0.421875,-0.7978515625
1008.215689,info,IMU,3292.5571,0.77734375,-1.171875,10.08984375,0.087890625,0.265625,0.00390625,0.14453125,0.41796875,-0.796875
1008.235339,info,IMU,3292.5771,0.95703125,-0.6953125,10.40625,0.087890625,0.34375,0.00390625,0.1474609375,0.416015625,-0.796875
1008.255594,info,IMU,3292.5971,0.92578125,-0.90234375,10.06640625,0.037109375,0.423828125,0.005859375,0.154296875,0.416015625,-0.796875
1008.275793,info,IMU,3292.6171,0.734375,-1.15625,9.29296875,0.107421875,0.412109375,0.01171875,0.1640625,0.4140625,-0.796875
1008.295360,info,IMU,3292.6371,0.5859375,-1.359375,10.90625,0.07421875,0.5390625,0.015625,0.1728515625,0.41015625,-0.796875
1008.315597,info,IMU,3292.6571,0.84375,-0.8515625,9.25390625,0.09765625,0.517578125,0.015625,0.1806640625,0.41015625,-0.798828125
1008.335830,info,IMU,3292.6771,0.68359375,-0.4453125,11.10546875,0.130859375,0.580078125,0.017578125,0.1943359375,0.40625,-0.7998046875
1008.355430,info,IMU,3292.6971000000003,0.73046875,-0.40234375,8.80859375,0.134765625,0.638671875,0.025390625,0.205078125,0.404296875,-0.7978515625
1008.375640,info,IMU,3292.7171000000003,0.69140625,-0.3671875,10.46484375,0.1875,0.669921875,0.029296875,0.21484375,0.400390625,-0.796875
1008.395258,info,IMU,3292.7371000000003,0.65625,-0.62890625,8.875,0.189453125,0.779296875,0.03125,0.2333984375,0.3974609375,-0.796875
1008.415461,info,IMU,3292.7571000000003,0.05859375,-1.09765625,9.2890625,0.15234375,0.79296875,0.02734375,0.24609375,0.39453125,-0.796875
1008.435712,info,IMU,3292.7771000000002,0.10546875,-1.25390625,9.98046875,0.158203125,0.802734375,0.03125,0.259765625,0.3896484375,-0.7939453125
1008.455601,info,IMU,3292.7971000000002,0.33203125,-1.43359375,11.20703125,0.18359375,0.8359375,0.048828125,0.275390625,0.3857421875,-0.794921875
1008.475580,info,IMU,3292.8171,0.56640625,-0.98046875,10.3046875,0.220703125,0.751953125,0.056640625,0.2900390625,0.3828125,-0.7939453125
1008.495779,info,IMU,3292.8371,-0.25390625,-0.94921875,10.71875,0.228515625,0.830078125,0.05859375,0.3037109375,0.37890625,-0.7919921875
1008.515381,info,IMU,3292.8571,0.08203125,-0.9453125,8.97265625,0.1953125,0.78515625,0.0546875,0.3232421875,0.375,-0.7890625
1008.535931,info,IMU,3292.8771,-0.203125,-1.015625,10.89453125,0.19921875,0.828125,0.07421875,0.337890625,0.3720703125,-0.787109375
1008.555983,info,IMU,3292.8971,-0.68359375,-1.0859375,7.296875,0.279296875,0.775390625,0.076171875,0.3544921875,0.3662109375,-0.7861328125
1008.575427,info,IMU,3292.9171,-1.05859375,-0.5234375,9.11328125,0.193359375,0.796875,0.08203125,0.3681640625,0.3603515625,-0.7822265625
1008.595632,info,IMU,3292.9371,-0.76171875,-1.12109375,7.59765625,0.1875,0.74609375,0.08203125,0.3837890625,0.3583984375,-0.7841796875
1008.615243,info,IMU,3292.9571,-0.7890625,-0.81640625,8.58984375,0.23046875,0.666015625,0.09765625,0.3974609375,0.3525390625,-0.779296875
1008.636331,info,IMU,3292.9771,-1.34765625,-0.625,5.72265625,0.283203125,0.59375,0.099609375,0.40625,0.3505859375,-0.7763671875
1008.655718,info,IMU,3292.9971,-0.984375,-0.3359375,9.54296875,0.1328125,0.587890625,0.111328125,0.4189453125,0.3427734375,-0.7744140625
1008.676570,info,IMU,3293.0171,-1.2265625,-0.828125,6.51953125,0.2265625,0.47265625,0.115234375,0.431640625,0.3388671875,-0.7724609375
1008.695596,info,IMU,3293.0371,-1.7734375,-0.46875,8.59765625,0.216796875,0.474609375,0.111328125,0.439453125,0.3369140625,-0.767578125
1008.716796,info,IMU,3293.0571,-1.58984375,-0.5078125,4.55859375,0.154296875,0.4296875,0.111328125,0.451171875,0.3271484375,-0.767578125
1008.735359,info,IMU,3293.0771,-1.5703125,-0.1875,10,0.1015625,0.380859375,0.115234375,0.4599609375,0.3271484375,-0.765625
1008.756973,info,IMU,3293.0971,-1.70703125,-0.59765625,6.796875,0.126953125,0.330078125,0.1171875,0.466796875,0.3251953125,-0.7626953125
1008.776937,info,IMU,3293.1171,-1.96484375,-0.2578125,10.625,0.19140625,0.23828125,0.11328125,0.4716796875,0.3203125,-0.763671875
1008.795450,info,IMU,3293.1371,-1.75390625,-0.39453125,6.4921875,0.162109375,0.14453125,0.111328125,0.4775390625,0.31640625,-0.759765625
1008.817181,info,IMU,3293.1571,-2.20703125,-0.125,9.4765625,0.107421875,0.123046875,0.111328125,0.484375,0.3125,-0.76171875
1008.837353,info,IMU,3293.1771,-2.37109375,-0.24609375,7.1328125,0.0625,0.08203125,0.103515625,0.4873046875,0.3125,-0.755859375
1008.855428,info,IMU,3293.1971000000003,-2.4140625,-0.2265625,10.109375,0.06640625,0.046875,0.09375,0.48828125,0.3095703125,-0.7578125
1008.877462,info,IMU,3293.2171000000003,-2.2578125,-0.2890625,7.38671875,0.07421875,-0.00390625,0.091796875,0.490234375,0.3056640625,-0.7568359375
1008.897523,info,IMU,3293.2371000000003,-2.41015625,0.16796875,10.09375,0.046875,-0.01171875,0.0859375,0.4921875,0.3046875,-0.7587890625
1008.915542,info,IMU,3293.2571000000003,-2.45703125,-0.359375,7.578125,0.01171875,-0.09375,0.078125,0.490234375,0.3046875,-0.759765625
1008.937714,info,IMU,3293.2771000000002,-2.46484375,-0.49609375,9.65625,-0.015625,-0.1171875,0.07421875,0.4921875,0.302734375,-0.76171875
1008.955352,info,IMU,3293.2971000000002,-2.17578125,-0.640625,8.4453125,-0.041015625,-0.12890625,0.072265625,0.484375,0.302734375,-0.7607421875
1008.977978,info,IMU,3293.3171,-2.37890625,-0.25,9.0703125,0.0078125,-0.259765625,0.064453125,0.486328125,0.302734375,-0.76171875
1008.995794,info,IMU,3293.3371,-2.23046875,-0.10546875,8.79296875,-0.09765625,-0.259765625,0.05859375,0.4794921875,0.3037109375,-0.765625
1009.015400,info,IMU,3293.3571,-2.01171875,-0.62109375,9.18359375,-0.134765625,-0.263671875,0.060546875,0.4775390625,0.302734375,-0.7666015625
1009.035931,info,IMU,3293.3771,-2.1640625,-0.5625,8.78125,-0.013671875,-0.38671875,0.046875,0.470703125,0.3076171875,-0.7685546875
1009.055249,info,IMU,3293.3971,-2.26171875,-0.25390625,10.0234375,-0.201171875,-0.34765625,0.046875,0.462890625,0.306640625,-0.7685546875
1009.075434,info,IMU,3293.4171,-1.97265625,-0.46484375,8.5078125,-0.125,-0.470703125,0.04296875,0.45703125,0.3095703125,-0.7705078125
1009.095653,info,IMU,3293.4371,-2.046875,-0.66015625,9.8046875,-0.189453125,-0.4140625,0.037109375,0.44921875,0.310546875,-0.7724609375
1009.115358,info,IMU,3293.4571,-1.76953125,-0.11328125,9.10546875,-0.173828125,-0.37109375,0.03515625,0.4423828125,0.3115234375,-0.7763671875
1009.135689,info,IMU,3293.4771,-1.59765625,-0.28125,10.69921875,-0.21875,-0.470703125,0.02734375,0.4306640625,0.3173828125,-0.7763671875
1009.155746,info,IMU,3293.4971,-1.33203125,-0.07421875,10.1328125,-0.216796875,-0.484375,0.02734375,0.423828125,0.3193359375,-0.78125
1009.175328,info,IMU,3293.5171,-1.5,-0.3515625,10.42578125,-0.21484375,-0.4765625,0.0234375,0.4169921875,0.32421875,-0.783203125
1009.195591,info,IMU,3293.5371,-1.4375,-0.48046875,9.578125,-0.16796875,-0.5390625,0.015625,0.404296875,0.3271484375,-0.78515625
1009.215800,info,IMU,3293.5571,-1.28515625,-0.1640625,10.24609375,-0.22265625,-0.4921875,0.015625,0.3955078125,0.330078125,-0.7861328125
1009.235387,info,IMU,3293.5771,-0.9296875,-0.25,9.56640625,-0.1953125,-0.517578125,0.013671875,0.3876953125,0.3359375,-0.7890625
1009.255601,info,IMU,3293.5971,-0.76953125,-0.58984375,9.82421875,-0.2265625,-0.51171875,0.005859375,0.3759765625,0.3408203125,-0.7919921875
1009.275232,info,IMU,3293.6171,-0.57421875,-0.58984375,10.34765625,-0.244140625,-0.462890625,0.001953125,0.3681640625,0.345703125,-0.7919921875
1009.295422,info,IMU,3293.6371,-0.33203125,-0.5546875,11.53125,-0.1875,-0.501953125,-0.001953125,0.3583984375,0.34765625,-0.7919921875
1009.315664,info,IMU,3293.6571,-0.52734375,-0.66796875,12.26171875,-0.193359375,-0.439453125,-0.001953125,0.34765625,0.3515625,-0.7939453125
1009.335326,info,IMU,3293.6771,-0.58984375,-0.75,11.17578125,-0.126953125,-0.400390625,-0.009765625,0.3408203125,0.35546875,-0.7939453125
1009.355513,info,IMU,3293.6971000000003,-0.62890625,-0.98828125,12.42578125,-0.1484375,-0.34375,-0.0078125,0.3310546875,0.3583984375,-0.794921875
1009.375714,info,IMU,3293.7171000000003,-0.4140625,-0.703125,11.125,-0.13671875,-0.3203125,-0.0078125,0.3232421875,0.361328125,-0.794921875
1009.395300,info,IMU,3293.7371000000003,-0.4375,-0.7265625,11.203125,-0.1328125,-0.328125,-0.009765625,0.3203125,0.3642578125,-0.794921875
1009.415551,info,IMU,3293.7571000000003,-0.58984375,-1.046875,8.3125,-0.138671875,-0.3046875,-0.017578125,0.3154296875,0.369140625,-0.794921875
1009.435776,info,IMU,3293.7771000000002,-0.57421875,-0.81640625,10.43359375,-0.1953125,-0.228515625,-0.015625,0.30859375,0.369140625,-0.7958984375
1009.455402,info,IMU,3293.7971000000002,-0.39453125,-1.06640625,8.74609375,-0.205078125,-0.1796875,-0.0078125,0.3017578125,0.373046875,-0.7958984375
1009.475620,info,IMU,3293.8171,-0.43359375,-0.66796875,9.96484375,-0.1796875,-0.20703125,-0.015625,0.302734375,0.3759765625,-0.796875
1009.495206,info,IMU,3293.8371,-0.19140625,-1.0703125,8.05078125,-0.228515625,-0.14453125,-0.009765625,0.294921875,0.3798828125,-0.794921875
1009.515413,info,IMU,3293.8571,0.0703125,-0.59375,9.92578125,-0.130859375,-0.134765625,-0.01171875,0.2939453125,0.3828125,-0.79296875
1009.535649,info,IMU,3293.8771,0.2265625,-0.63671875,8.34765625,-0.119140625,-0.12109375,-0.009765625,0.2900390625,0.3828125,-0.7939453125
1009.555271,info,IMU,3293.8971,0.1015625,-0.76953125,10.125,-0.119140625,-0.09765625,-0.001953125,0.2861328125,0.38671875,-0.79296875
1009.575479,info,IMU,3293.9171,0.03125,-0.77734375,9.37109375,-0.109375,-0.078125,-0.01171875,0.2880859375,0.388671875,-0.7919921875
1009.595698,info,IMU,3293.9371,0.29296875,-0.375,10.6328125,0.0078125,-0.068359375,-0.01171875,0.2841796875,0.390625,-0.7939453125
1009.615333,info,IMU,3293.9571,0.09375,-0.78515625,9.3203125,-0.033203125,-0.0078125,-0.0078125,0.287109375,0.390625,-0.791015625
1009.635552,info,IMU,3293.9771,0.234375,-1.078125,9.28125,0.04296875,-0.0078125,-0.005859375,0.28515625,0.3916015625,-0.7900390625
1009.655807,info,IMU,3293.9971,0.203125,-0.859375,10.5546875,-0.048828125,0.033203125,-0.0078125,0.2841796875,0.392578125,-0.7900390625
1009.675779,info,IMU,3294.0171,0.24609375,-0.88671875,9.6875,0.017578125,0.046875,-0.00390625,0.2890625,0.3916015625,-0.7900390625
1009.695638,info,IMU,3294.0371,-0.0234375,-0.96484375,10.64453125,0.01953125,0.15234375,-0.00390625,0.2880859375,0.390625,-0.7900390625
1009.716750,info,IMU,3294.0571,-0.00390625,-1.125,7.94921875,0.0859375,0.173828125,-0.001953125,0.291015625,0.392578125,-0.791015625
1009.735408,info,IMU,3294.0771,-0.0859375,-0.9921875,10.828125,0.0234375,0.26171875,0.00390625,0.294921875,0.3916015625,-0.7900390625
1009.756174,info,IMU,3294.0971,0.25,-1.4140625,8.34765625,0.033203125,0.2734375,0.01171875,0.30078125,0.3916015625,-0.7880859375
1009.775267,info,IMU,3294.1171,0.28515625,-0.85546875,11.37109375,0.076171875,0.27734375,0.013671875,0.3017578125,0.390625,-0.787109375
1009.795498,info,IMU,3294.1371,0.16015625,-1.17578125,8.40625,0.064453125,0.296875,0.015625,0.30859375,0.3896484375,-0.7880859375
1009.815728,info,IMU,3294.1571,0.3203125,-0.7265625,10.94921875,0.16015625,0.244140625,0.015625,0.3125,0.3857421875,-0.7861328125
1009.835307,info,IMU,3294.1771,-0.05859375,-0.9921875,9.44921875,0.076171875,0.251953125,0.0234375,0.3203125,0.3837890625,-0.7880859375
1009.855534,info,IMU,3294.1971000000003,-0.46484375,-1.01953125,9.234375,0.140625,0.27734375,0.025390625,0.3271484375,0.3837890625,-0.78515625
1009.875756,info,IMU,3294.2171000000003,-0.5390625,-0.73828125,8.87890625,0.109375,0.357421875,0.021484375,0.33203125,0.3798828125,-0.787109375
1009.895375,info,IMU,3294.2371000000003,-0.33203125,-0.5703125,9.35546875,0.119140625,0.427734375,0.02734375,0.33984375,0.3759765625,-0.7861328125
1009.915638,info,IMU,3294.2571000000003,-0.1015625,-1.14453125,8.625,0.14453125,0.359375,0.037109375,0.349609375,0.37109375,-0.783203125
1009.935797,info,IMU,3294.2771000000002,-0.47265625,-1.04296875,10.5625,0.146484375,0.365234375,0.0390625,0.353515625,0.369140625,-0.783203125
1009.955397,info,IMU,3294.2971000000002,-0.625,-1.3046875,8.26171875,0.1015625,0.3671875,0.046875,0.3623046875,0.3671875,-0.7822265625
1009.975636,info,IMU,3294.3171,-0.5390625,-1.0078125,10.76953125,0.146484375,0.423828125,0.048828125,0.37109375,0.36328125,-0.7783203125
1009.995242,info,IMU,3294.3371,-0.34765625,-0.73828125,9.59375,0.109375,0.501953125,0.05859375,0.380859375,0.3623046875,-0.78125
1010.015486,info,IMU,3294.3571,-0.27734375,-0.8046875,10.5703125,0.23828125,0.439453125,0.0625,0.3857421875,0.357421875,-0.779296875
1010.035754,info,IMU,3294.3771,-0.15234375,-0.7890625,10.62109375,0.19140625,0.40234375,0.0625,0.392578125,0.3525390625,-0.7783203125
1010.055330,info,IMU,3294.3971,-0.44140625,-1.03125,10.14453125,0.255859375,0.3515625,0.0625,0.400390625,0.3525390625,-0.775390625
1010.075636,info,IMU,3294.4171,-0.50390625,-1.36328125,10.6171875,0.19140625,0.380859375,0.068359375,0.408203125,0.345703125,-0.7744140625
1010.095770,info,IMU,3294.4371,-0.35546875,-1.16015625,10.47265625,0.130859375,0.380859375,0.08203125,0.4169921875,0.34375,-0.775390625
1010.115380,info,IMU,3294.4571,-0.4375,-0.890625,10.4609375,0.185546875,0.318359375,0.0859375,0.423828125,0.33984375,-0.7744140625
1010.135607,info,IMU,3294.4771,-0.48046875,-0.5546875,9.97265625,0.19140625,0.283203125,0.083984375,0.4306640625,0.33203125,-0.7734375
1010.155782,info,IMU,3294.4971,-0.53515625,-0.578125,9.9453125,0.13671875,0.2890625,0.08984375,0.439453125,0.3330078125,-0.7734375
1010.175380,info,IMU,3294.5171,-0.625,-0.79296875,9.203125,0.162109375,0.26171875,0.091796875,0.4462890625,0.3271484375,-0.7705078125
1010.195635,info,IMU,3294.5371,-0.44140625,-0.609375,10.0234375,0.189453125,0.205078125,0.09765625,0.447265625,0.3251953125,-0.7705078125
1010.215224,info,IMU,3294.5571,-0.44140625,-0.5,9.86328125,0.169921875,0.16015625,0.103515625,0.4521484375,0.3203125,-0.7685546875
1010.235453,info,IMU,3294.5771,-0.6953125,-0.953125,9.41796875,0.173828125,0.1328125,0.107421875,0.4580078125,0.3193359375,-0.7685546875
1010.255671,info,IMU,3294.5971,-0.8203125,-0.81640625,9.7421875,0.177734375,0.185546875,0.103515625,0.4619140625,0.3134765625,-0.7666015625
1010.275286,info,IMU,3294.6171,-0.77734375,-0.53515625,11.09765625,0.123046875,0.1640625,0.1015625,0.4677734375,0.310546875,-0.7685546875
1010.295504,info,IMU,3294.6371,-0.796875,-0.66796875,11.76953125,0.12890625,0.07421875,0.103515625,0.4716796875,0.306640625,-0.767578125
1010.315795,info,IMU,3294.6571,-0.84765625,-0.82421875,12.03125,0.162109375,0.099609375,0.111328125,0.4716796875,0.3037109375,-0.767578125
1010.335337,info,IMU,3294.6771,-1.04296875,-0.5,10.125,0.216796875,0.060546875,0.10546875,0.4736328125,0.302734375,-0.7666015625
1010.355609,info,IMU,3294.6971000000003,-1.19921875,-0.140625,11.89453125,0.103515625,0.052734375,0.103515625,0.4755859375,0.30078125,-0.76953125
1010.375840,info,IMU,3294.7171000000003,-1.390625,-0.3828125,8.85546875,0.076171875,-0.03515625,0.09765625,0.48046875,0.298828125,-0.7705078125
1010.395375,info,IMU,3294.7371000000003,-1.74609375,-0.17578125,10.72265625,0.111328125,-0.064453125,0.09375,0.478515625,0.2939453125,-0.76953125
1010.415636,info,IMU,3294.7571000000003,-2.01171875,-0.2265625,7.42578125,0.076171875,-0.05859375,0.08984375,0.4765625,0.29296875,-0.771484375
1010.435230,info,IMU,3294.7771000000002,-1.8203125,-0.1484375,9.12890625,0.056640625,-0.091796875,0.087890625,0.4775390625,0.29296875,-0.76953125
1010.455430,info,IMU,3294.7971000000002,-1.80859375,-0.2734375,7.4296875,0.029296875,-0.146484375,0.083984375,0.4755859375,0.2900390625,-0.7724609375
1010.475677,info,IMU,3294.8171,-1.93359375,-0.06640625,9.234375,-0.001953125,-0.20703125,0.07421875,0.474609375,0.291015625,-0.771484375
1010.495289,info,IMU,3294.8371,-2.015625,-0.3828125,8.12109375,-0.044921875,-0.193359375,0.064453125,0.4736328125,0.287109375,-0.7705078125
1010.515522,info,IMU,3294.8571,-1.8515625,-0.11328125,9.578125,-0.029296875,-0.240234375,0.05859375,0.4716796875,0.2880859375,-0.7744140625
1010.535708,info,IMU,3294.8771,-1.9140625,-0.64453125,8.26953125,-0.083984375,-0.248046875,0.064453125,0.4677734375,0.287109375,-0.7763671875
1010.555326,info,IMU,3294.8971,-1.71875,-0.12109375,10.71484375,0.00390625,-0.28125,0.052734375,0.462890625,0.2900390625,-0.7734375
1010.575529,info,IMU,3294.9171,-1.81640625,-0.44921875,9.359375,-0.103515625,-0.263671875,0.0546875,0.4580078125,0.2900390625,-0.77734375
1010.595997,info,IMU,3294.9371,-1.68359375,-0.140625,9.9609375,0.01171875,-0.287109375,0.04296875,0.4541015625,0.2890625,-0.77734375
1010.615382,info,IMU,3294.9571,-1.7265625,0.03125,10.35546875,-0.12890625,-0.26953125,0.0390625,0.4482421875,0.2919921875,-0.779296875
1010.635598,info,IMU,3294.9771,-1.76171875,-0.33203125,9.6875,-0.078125,-0.30078125,0.033203125,0.4423828125,0.2939453125,-0.7841796875
1010.655222,info,IMU,3294.9971,-1.77734375,-0.12890625,10.9296875,-0.12109375,-0.31640625,0.03125,0.4384765625,0.294921875,-0.78515625
1010.675404,info,IMU,3295.0171,-1.5625,0.08984375,10.1484375,-0.1171875,-0.3359375,0.02734375,0.4296875,0.296875,-0.78515625
1010.696705,info,IMU,3295.0371,-1.6640625,-0.18359375,10.6953125,-0.166015625,-0.392578125,0.017578125,0.421875,0.298828125,-0.787109375
1010.715362,info,IMU,3295.0571,-1.578125,-0.6796875,10.078125,-0.150390625,-0.390625,0.01171875,0.4169921875,0.3037109375,-0.787109375
1010.735524,info,IMU,3295.0771,-1.16015625,-0.35546875,10.390625,-0.17578125,-0.431640625,0.015625,0.408203125,0.306640625,-0.7890625
1010.755700,info,IMU,3295.0971,-1.19921875,-0.7578125,10.5078125,-0.2109375,-0.453125,0.013671875,0.3974609375,0.30859375,-0.7919921875
1010.775303,info,IMU,3295.1171,-1.1953125,-0.60546875,10.18359375,-0.20703125,-0.486328125,0.005859375,0.3916015625,0.3125,-0.794921875
1010.795523,info,IMU,3295.1371,-0.97265625,-0.59765625,10.38671875,-0.22265625,-0.529296875,0.009765625,0.3818359375,0.3154296875,-0.7958984375
1010.815785,info,IMU,3295.1571,-0.86328125,-0.41015625,10.5234375,-0.19921875,-0.546875,0.005859375,0.37109375,0.322265625,-0.7958984375
1010.835351,info,IMU,3295.1771,-1.2265625,-0.65625,9.640625,-0.212890625,-0.5859375,0.00390625,0.36328125,0.3271484375,-0.796875
1010.855572,info,IMU,3295.1971000000003,-1.1953125,-0.50390625,9.84765625,-0.173828125,-0.5625,-0.001953125,0.353515625,0.3310546875,-0.7998046875
1010.875838,info,IMU,3295.2171000000003,-0.92578125,-0.3515625,9.20703125,-0.244140625,-0.478515625,0.00390625,0.341796875,0.333984375,-0.802734375
1010.895401,info,IMU,3295.2371000000003,-0.95703125,-0.64453125,8.58203125,-0.2265625,-0.484375,0.00390625,0.333984375,0.33984375,-0.8017578125
1010.915652,info,IMU,3295.2571000000003,-0.671875,-0.2578125,10.47265625,-0.279296875,-0.4609375,-0,0.322265625,0.3447265625,-0.80078125
1010.935292,info,IMU,3295.2771000000002,-0.328125,-0.43359375,8.98046875,-0.244140625,-0.51953125,0.0078125,0.314453125,0.34765625,-0.802734375
1010.955484,info,IMU,3295.2971000000002,-0.58203125,-0.57421875,10.46875,-0.212890625,-0.521484375,0.005859375,0.3046875,0.3544921875,-0.802734375
1010.975680,info,IMU,3295.3171,-0.5546875,-0.82421875,9.35546875,-0.244140625,-0.5,0.009765625,0.2958984375,0.359375,-0.8017578125
1010.995334,info,IMU,3295.3371,-0.01171875,-0.65234375,10.75,-0.244140625,-0.48046875,0.015625,0.2861328125,0.3642578125,-0.802734375
1011.015718,info,IMU,3295.3571,0.0859375,-1.14453125,10.1328125,-0.31640625,-0.4765625,0.021484375,0.2763671875,0.3662109375,-0.8017578125
1011.035782,info,IMU,3295.3771,0.12109375,-1.171875,11.0546875,-0.220703125,-0.4609375,0.01953125,0.265625,0.373046875,-0.8037109375
1011.055368,info,IMU,3295.3971,0.17578125,-0.76171875,11.41015625,-0.197265625,-0.466796875,0.01953125,0.259765625,0.3759765625,-0.8037109375
1011.075576,info,IMU,3295.4171,0.015625,-0.87890625,10.62890625,-0.146484375,-0.40625,0.025390625,0.251953125,0.37890625,-0.8046875
1011.095215,info,IMU,3295.4371,0.12109375,-1.015625,10.5625,-0.13671875,-0.421875,0.029296875,0.244140625,0.3837890625,-0.802734375
1011.115424,info,IMU,3295.4571,0.02734375,-0.9609375,10.359375,-0.1328125,-0.34375,0.029296875,0.2353515625,0.3876953125,-0.8017578125
1011.135635,info,IMU,3295.4771,0.140625,-1.21484375,10.32421875,-0.16015625,-0.263671875,0.03125,0.23046875,0.3916015625,-0.8037109375
1011.155235,info,IMU,3295.4971,0.3046875,-1.07421875,10.265625,-0.154296875,-0.26171875,0.033203125,0.2236328125,0.3935546875,-0.802734375
1011.175446,info,IMU,3295.5171,0.25390625,-1.19921875,10.75,-0.150390625,-0.232421875,0.03515625,0.2216796875,0.396484375,-0.80078125
1011.195668,info,IMU,3295.5371,0.23046875,-1.640625,9.33203125,-0.115234375,-0.21484375,0.033203125,0.2177734375,0.3974609375,-0.80078125
1011.215309,info,IMU,3295.5571,0.140625,-1.28515625,10.625,-0.12109375,-0.15625,0.0390625,0.2138671875,0.400390625,-0.798828125
1011.235543,info,IMU,3295.5771,0.078125,-1.203125,9.125,-0.125,-0.146484375,0.046875,0.2109375,0.4033203125,-0.802734375
1011.255770,info,IMU,3295.5971,0.28125,-1.09375,10.8359375,-0,-0.142578125,0.046875,0.2109375,0.4052734375,-0.798828125
1011.275633,info,IMU,3295.6171,0.23828125,-1.3671875,9.16796875,-0.013671875,-0.01953125,0.048828125,0.2080078125,0.40625,-0.796875
1011.295602,info,IMU,3295.6371,0.109375,-1.40625,10.3828125,0.02734375,0.08203125,0.04296875,0.20703125,0.4072265625,-0.798828125
1011.315868,info,IMU,3295.6571,0.3984375,-1.33984375,10.5703125,-0.06640625,0.1640625,0.046875,0.212890625,0.4052734375,-0.798828125
1011.335399,info,IMU,3295.6771,0.80078125,-0.8828125,11.1640625,0.01171875,0.080078125,0.048828125,0.2119140625,0.40625,-0.7958984375
1011.355716,info,IMU,3295.6971000000003,0.73046875,-1.06640625,10.03515625,0.033203125,0.072265625,0.0546875,0.2119140625,0.404296875,-0.7978515625
1011.376262,info,IMU,3295.7171000000003,0.515625,-1.2890625,8.83984375,0.076171875,0.119140625,0.0546875,0.2197265625,0.4052734375,-0.7958984375
1011.396413,info,IMU,3295.7371000000003,0.1640625,-1.0078125,9.8125,0.052734375,0.1640625,0.056640625,0.22265625,0.4033203125,-0.794921875
1011.415679,info,IMU,3295.7571000000003,0.2109375,-1.390625,9.69140625,0.013671875,0.24609375,0.052734375,0.224609375,0.400390625,-0.796875
1011.437400,info,IMU,3295.7771000000002,0.16015625,-1.28515625,9.3203125,0.05859375,0.21875,0.056640625,0.2333984375,0.400390625,-0.796875
1011.457547,info,IMU,3295.7971000000002,0.1484375,-1.3515625,8.94921875,0.111328125,0.2421875,0.060546875,0.23828125,0.3984375,-0.796875
1011.477646,info,IMU,3295.8171,-0.09375,-1.48046875,9.01171875,0.1015625,0.3125,0.060546875,0.244140625,0.39453125,-0.7958984375
1011.497740,info,IMU,3295.8371,-0.1640625,-1.1171875,8.9765625,0.166015625,0.3046875,0.05859375,0.2509765625,0.3935546875,-0.794921875
1011.515621,info,IMU,3295.8571,-0.3203125,-0.9765625,9.625,0.177734375,0.330078125,0.064453125,0.2587890625,0.392578125,-0.796875
1011.535147,info,IMU,3295.8771,-0.20703125,-0.9140625,7.98828125,0.185546875,0.353515625,0.06640625,0.2646484375,0.38671875,-0.798828125
1011.555400,info,IMU,3295.8971,-0.359375,-0.97265625,8.7578125,0.18359375,0.4140625,0.0703125,0.2724609375,0.3818359375,-0.794921875
1011.575638,info,IMU,3295.9171,-0.265625,-1.109375,7.8046875,0.197265625,0.42578125,0.07421875,0.2802734375,0.37890625,-0.7958984375
1011.595239,info,IMU,3295.9371,-0.16796875,-0.6875,8.98828125,0.20703125,0.4765625,0.0703125,0.2880859375,0.375,-0.7958984375
1011.615426,info,IMU,3295.9571,-0.34765625,-1.0390625,8.48046875,0.220703125,0.5,0.07421875,0.30078125,0.373046875,-0.7958984375
1011.635715,info,IMU,3295.9771,-0.421875,-0.93359375,9.609375,0.2421875,0.48046875,0.078125,0.3115234375,0.3671875,-0.7958984375
1011.655282,info,IMU,3295.9971,-0.32421875,-1.14453125,10.0546875,0.162109375,0.48046875,0.0859375,0.318359375,0.36328125,-0.7958984375
1011.675641,info,IMU,3296.0171,-0.078125,-1.41015625,9.40234375,0.21484375,0.478515625,0.08984375,0.3251953125,0.357421875,-0.794921875
1011.695724,info,IMU,3296.0371,-0.2578125,-0.90234375,11.4296875,0.197265625,0.505859375,0.0859375,0.3349609375,0.3515625,-0.794921875
1011.715332,info,IMU,3296.0571,-0.3515625,-1.171875,10.69921875,0.193359375,0.49609375,0.09375,0.3447265625,0.3466796875,-0.7958984375
1011.735530,info,IMU,3296.0771,-0.20703125,-1.23046875,11.515625,0.236328125,0.45703125,0.099609375,0.35546875,0.3427734375,-0.7919921875
1011.755209,info,IMU,3296.0971,-0.1328125,-0.9375,10.6015625,0.27734375,0.474609375,0.1015625,0.3623046875,0.3359375,-0.7939453125
1011.775399,info,IMU,3296.1171,-0.390625,-0.69140625,10.34375,0.291015625,0.400390625,0.10546875,0.3740234375,0.33203125,-0.7958984375
1011.795634,info,IMU,3296.1371,-0.875,-0.71484375,9.20703125,0.255859375,0.390625,0.10546875,0.384765625,0.326171875,-0.791015625
1011.815213,info,IMU,3296.1571,-1.0703125,-0.7265625,9.51171875,0.2109375,0.439453125,0.1015625,0.392578125,0.3193359375,-0.7900390625
1011.835421,info,IMU,3296.1771,-1.21484375,-0.78515625,8.2578125,0.306640625,0.4453125,0.095703125,0.4033203125,0.3154296875,-0.791015625
1011.855675,info,IMU,3296.1971000000003,-1.421875,-0.2734375,10.2734375,0.263671875,0.5078125,0.09765625,0.4140625,0.3125,-0.7861328125
1011.876911,info,IMU,3296.2171000000003,-1.19921875,-0.64453125,8.83984375,0.19921875,0.49609375,0.103515625,0.4208984375,0.306640625,-0.787109375
1011.895490,info,IMU,3296.2371000000003,-0.9453125,-0.5546875,10.09375,0.18359375,0.455078125,0.1015625,0.4287109375,0.3046875,-0.7841796875
1011.915730,info,IMU,3296.2571000000003,-0.9375,-0.359375,9.03515625,0.138671875,0.470703125,0.099609375,0.4384765625,0.29296875,-0.7841796875
1011.935358,info,IMU,3296.2771000000002,-0.7734375,-0.48046875,9.88671875,0.134765625,0.443359375,0.095703125,0.447265625,0.2919921875,-0.78125
1011.955579,info,IMU,3296.2971000000002,-0.93359375,-0.7890625,10.140625,0.134765625,0.408203125,0.09765625,0.455078125,0.2861328125,-0.7802734375
1011.975774,info,IMU,3296.3171,-0.83203125,-0.62109375,10.30859375,0.1484375,0.345703125,0.099609375,0.4609375,0.2822265625,-0.77734375
1011.995578,info,IMU,3296.3371,-0.765625,-0.28515625,10.41796875,0.16015625,0.333984375,0.107421875,0.4697265625,0.279296875,-0.7783203125
1012.015606,info,IMU,3296.3571,-0.83984375,-0.36328125,10.7265625,0.169921875,0.326171875,0.095703125,0.4765625,0.2763671875,-0.775390625
1012.035208,info,IMU,3296.3771,-1.05859375,-0.2578125,11.015625,0.130859375,0.337890625,0.08984375,0.484375,0.2744140625,-0.7724609375
1012.055422,info,IMU,3296.3971,-1.34375,-0.1328125,9.375,0.1875,0.271484375,0.0859375,0.48828125,0.271484375,-0.771484375
1012.075648,info,IMU,3296.4171,-1.4140625,-0.171875,9.8828125,0.125,0.26953125,0.08984375,0.49609375,0.265625,-0.7724609375
1012.095278,info,IMU,3296.4371,-1.56640625,-0.3671875,8.69140625,0.158203125,0.203125,0.0859375,0.5009765625,0.2666015625,-0.76953125
1012.115523,info,IMU,3296.4571,-1.66015625,-0.2734375,9.1875,0.119140625,0.21484375,0.087890625,0.5048828125,0.263671875,-0.7685546875
1012.135876,info,IMU,3296.4771,-1.70703125,-0.52734375,8.5234375,0.052734375,0.240234375,0.083984375,0.5087890625,0.2626953125,-0.767578125
1012.155325,info,IMU,3296.4971,-1.5,-0.33203125,9.09765625,0.0703125,0.189453125,0.07421875,0.5107421875,0.2607421875,-0.763671875
1012.175552,info,IMU,3296.5171,-1.5,-0.22265625,8.61328125,0.00390625,0.169921875,0.068359375,0.5166015625,0.2587890625,-0.76953125
1012.195811,info,IMU,3296.5371,-1.5546875,-0.58203125,9.1640625,-0.0234375,0.158203125,0.076171875,0.5185546875,0.255859375,-0.7626953125
1012.215384,info,IMU,3296.5571,-1.54296875,-0.44140625,9.75,0.013671875,0.072265625,0.068359375,0.5224609375,0.255859375,-0.76171875
1012.235604,info,IMU,3296.5771,-1.40234375,-0.21484375,8.8125,-0.0390625,0.05078125,0.0703125,0.521484375,0.2578125,-0.759765625
1012.255213,info,IMU,3296.5971,-1.1171875,-0.2890625,9.33203125,-0.029296875,0.015625,0.072265625,0.521484375,0.2568359375,-0.7626953125
1012.275406,info,IMU,3296.6171,-1.16796875,-0.234375,9.08984375,-0.01171875,-0.03515625,0.064453125,0.5234375,0.255859375,-0.7607421875
1012.295666,info,IMU,3296.6371,-1.5234375,-0.27734375,9.40625,-0.056640625,-0.08984375,0.056640625,0.5224609375,0.255859375,-0.759765625
1012.315250,info,IMU,3296.6571,-1.58203125,-0.5859375,8.68359375,-0.048828125,-0.13671875,0.056640625,0.521484375,0.2548828125,-0.7587890625
1012.335487,info,IMU,3296.6771,-1.578125,-0.328125,9.21875,-0.068359375,-0.115234375,0.056640625,0.51953125,0.2578125,-0.7587890625
1012.355693,info,IMU,3296.6971000000003,-1.54296875,-0.69140625,8.828125,-0.126953125,-0.1015625,0.0625,0.5166015625,0.2587890625,-0.7626953125
1012.375276,info,IMU,3296.7171000000003,-1.40625,-0.4765625,9.61328125,-0.115234375,-0.16796875,0.05859375,0.51953125,0.2607421875,-0.7626953125
1012.395533,info,IMU,3296.7371000000003,-1.32421875,-0.6328125,8.640625,-0.150390625,-0.12890625,0.060546875,0.5146484375,0.2626953125,-0.7646484375
1012.415755,info,IMU,3296.7571000000003,-1.3984375,-0.5234375,8.88671875,-0.13671875,-0.169921875,0.052734375,0.5107421875,0.2607421875,-0.7646484375
1012.435392,info,IMU,3296.7771000000002,-1.1953125,-0.2578125,10.49609375,-0.173828125,-0.13671875,0.052734375,0.509765625,0.26171875,-0.7666015625
1012.455564,info,IMU,3296.7971000000002,-1.12109375,-0.47265625,9.45703125,-0.119140625,-0.2109375,0.052734375,0.50390625,0.265625,-0.7685546875
1012.475170,info,IMU,3296.8171,-1.0234375,-0.296875,10.51171875,-0.16015625,-0.298828125,0.0625,0.5029296875,0.265625,-0.767578125
1012.495413,info,IMU,3296.8371,-0.9296875,-0.27734375,8.62109375,-0.126953125,-0.3203125,0.0625,0.494140625,0.2685546875,-0.767578125
1012.515634,info,IMU,3296.8571,-1.02734375,-0.51953125,10.3203125,-0.169921875,-0.263671875,0.060546875,0.49609375,0.271484375,-0.7724609375
1012.535265,info,IMU,3296.8771,-1.078125,-0.88671875,8.5,-0.14453125,-0.24609375,0.056640625,0.48828125,0.27734375,-0.771484375
1012.555462,info,IMU,3296.8971,-0.93359375,-0.43359375,11.0234375,-0.1796875,-0.30078125,0.05078125,0.4814453125,0.275390625,-0.771484375
1012.575680,info,IMU,3296.9171,-0.88671875,-1.2109375,9.265625,-0.24609375,-0.302734375,0.0625,0.4755859375,0.2802734375,-0.7724609375
1012.595280,info,IMU,3296.9371,-0.6875,-0.77734375,11.23046875,-0.134765625,-0.400390625,0.056640625,0.470703125,0.283203125,-0.775390625
1012.615569,info,IMU,3296.9571,-0.6171875,-0.72265625,10.12109375,-0.216796875,-0.380859375,0.07421875,0.4658203125,0.2861328125,-0.77734375
1012.635766,info,IMU,3296.9771,-0.64453125,-0.66796875,9.9375,-0.11328125,-0.44921875,0.076171875,0.4609375,0.291015625,-0.77734375
1012.655365,info,IMU,3296.9971,-0.81640625,-0.9609375,9.89453125,-0.283203125,-0.443359375,0.076171875,0.4501953125,0.2939453125,-0.7802734375
1012.675566,info,IMU,3297.0171,-1.140625,-1.30859375,7.890625,-0.154296875,-0.447265625,0.068359375,0.4453125,0.296875,-0.78125
1012.695215,info,IMU,3297.0371,-1.24609375,-0.80859375,10.87109375,-0.267578125,-0.359375,0.076171875,0.439453125,0.298828125,-0.7822265625
1012.715387,info,IMU,3297.0571,-1.13671875,-0.96875,8.03125,-0.201171875,-0.380859375,0.0859375,0.4326171875,0.3056640625,-0.783203125
1012.735605,info,IMU,3297.0771,-1.11328125,-0.546875,11.09765625,-0.271484375,-0.359375,0.0859375,0.4267578125,0.3076171875,-0.7861328125
1012.755243,info,IMU,3297.0971,-0.546875,-0.9453125,7.90625,-0.279296875,-0.28125,0.08984375,0.4189453125,0.3095703125,-0.7861328125
1012.775460,info,IMU,3297.1171,-0.5234375,-0.8515625,10.83203125,-0.26171875,-0.326171875,0.09375,0.4150390625,0.3134765625,-0.787109375
1012.795663,info,IMU,3297.1371,-0.83984375,-1.2109375,9.30859375,-0.291015625,-0.302734375,0.08984375,0.404296875,0.3193359375,-0.7841796875
1012.815288,info,IMU,3297.1571,-0.734375,-1.1484375,11.52734375,-0.287109375,-0.318359375,0.083984375,0.3994140625,0.3212890625,-0.7890625
1012.835503,info,IMU,3297.1771,-0.21484375,-0.8984375,10.78515625,-0.216796875,-0.34375,0.1015625,0.39453125,0.32421875,-0.7900390625
1012.855773,info,IMU,3297.1971000000003,-0.0859375,-0.67578125,11.67578125,-0.193359375,-0.3359375,0.111328125,0.3876953125,0.3291015625,-0.7939453125
1012.875308,info,IMU,3297.2171000000003,-0.1953125,-1.421875,10.5390625,-0.236328125,-0.318359375,0.10546875,0.380859375,0.333984375,-0.7900390625
1012.895550,info,IMU,3297.2371000000003,-0.0390625,-1.109375,11.796875,-0.1875,-0.353515625,0.09765625,0.376953125,0.3359375,-0.7900390625
1012.915164,info,IMU,3297.2571000000003,-0.109375,-1.33984375,11.859375,-0.22265625,-0.30078125,0.099609375,0.373046875,0.337890625,-0.7900390625
1012.935379,info,IMU,3297.2771000000002,-0.1484375,-1.125,9.80078125,-0.05859375,-0.37890625,0.103515625,0.3662109375,0.34375,-0.7919921875
1012.955597,info,IMU,3297.2971000000002,-0.30078125,-0.87109375,12.41015625,-0.236328125,-0.2578125,0.11328125,0.3583984375,0.3466796875,-0.79296875
1012.975224,info,IMU,3297.3171,0.06640625,-1.328125,8.62890625,-0.123046875,-0.26171875,0.107421875,0.3564453125,0.349609375,-0.7919921875
1012.995431,info,IMU,3297.3371,-0.13671875,-0.9140625,12.7578125,-0.123046875,-0.26953125,0.09765625,0.3486328125,0.349609375,-0.7919921875
1013.015670,info,IMU,3297.3571,-0.15625,-1.39453125,7.25,-0.08984375,-0.224609375,0.099609375,0.3486328125,0.353515625,-0.79296875
1013.035278,info,IMU,3297.3771,-0.69140625,-0.83203125,10.79296875,-0.078125,-0.240234375,0.09765625,0.3447265625,0.35546875,-0.79296875
1013.055500,info,IMU,3297.3971,-0.51171875,-0.96484375,7.671875,-0.142578125,-0.140625,0.1015625,0.34375,0.3564453125,-0.7919921875
1013.075709,info,IMU,3297.4171,-0.12890625,-0.69921875,9.7890625,-0.068359375,-0.11328125,0.10546875,0.3359375,0.359375,-0.794921875
1013.095317,info,IMU,3297.4371,-0.1796875,-1.1015625,7.96875,-0.115234375,-0.13671875,0.103515625,0.3349609375,0.3583984375,-0.79296875
1013.115586,info,IMU,3297.4571,-0.359375,-1.140625,9.578125,-0.048828125,-0.12109375,0.095703125,0.3330078125,0.359375,-0.7919921875
1013.135150,info,IMU,3297.4771,-0.453125,-1.46484375,9.5,-0.08984375,-0.19140625,0.08984375,0.3310546875,0.357421875,-0.79296875
1013.155375,info,IMU,3297.4971,-0.40625,-0.91015625,10.328125,-0.001953125,-0.16015625,0.099609375,0.33203125,0.357421875,-0.791015625
1013.175587,info,IMU,3297.5171,-0.29296875,-1.3203125,9.0859375,-0.02734375,-0.08984375,0.107421875,0.3330078125,0.3603515625,-0.7919921875
1013.195372,info,IMU,3297.5371,-0.078125,-1.01171875,9.68359375,0.09375,-0.1015625,0.09765625,0.3291015625,0.359375,-0.7958984375
1013.215413,info,IMU,3297.5571,-0.234375,-1.30859375,10.0390625,-0.009765625,-0,0.099609375,0.3271484375,0.3603515625,-0.7958984375
1013.235689,info,IMU,3297.5771,-0.1953125,-1.2421875,9.08984375,0.111328125,-0.052734375,0.087890625,0.3291015625,0.3583984375,-0.7958984375
1013.255280,info,IMU,3297.5971,-0.375,-0.85546875,11.0390625,0.037109375,0.064453125,0.091796875,0.330078125,0.357421875,-0.7958984375
1013.275489,info,IMU,3297.6171,-0.1796875,-1.109375,8.58203125,0.08984375,0.05078125,0.08984375,0.33203125,0.357421875,-0.794921875
1013.295960,info,IMU,3297.6371,-0.078125,-1.01171875,11.39453125,0.025390625,0.041015625,0.09375,0.333984375,0.3515625,-0.794921875
1013.315330,info,IMU,3297.6571,0.20703125,-0.8515625,8.37890625,0.041015625,0.013671875,0.099609375,0.337890625,0.3525390625,-0.796875
1013.335551,info,IMU,3297.6771,-0.2109375,-0.5,10.32421875,0.087890625,-0.009765625,0.09375,0.3359375,0.3486328125,-0.7958984375
1013.355171,info,IMU,3297.6971000000003,-0.38671875,-0.55078125,8.515625,0.080078125,0.080078125,0.083984375,0.33984375,0.3486328125,-0.796875
1013.375352,info,IMU,3297.7171000000003,-0.40625,-0.75,9.39453125,0.134765625,0.10546875,0.08203125,0.3388671875,0.341796875,-0.7978515625
1013.395588,info,IMU,3297.7371000000003,-0.5,-0.75,8.828125,0.16796875,0.099609375,0.091796875,0.33984375,0.3369140625,-0.7998046875
1013.415201,info,IMU,3297.7571000000003,-0.51953125,-0.6875,9.3125,0.142578125,0.095703125,0.09375,0.345703125,0.337890625,-0.7998046875
1013.435423,info,IMU,3297.7771000000002,-0.26953125,-0.93359375,8.859375,0.1640625,0.12109375,0.08984375,0.34765625,0.3349609375,-0.7998046875
1013.455662,info,IMU,3297.7971000000002,-0.2109375,-0.8203125,9.265625,0.177734375,0.19140625,0.095703125,0.3525390625,0.33203125,-0.8017578125
1013.475282,info,IMU,3297.8171,-0.203125,-0.80859375,9.34375,0.21484375,0.228515625,0.095703125,0.3544921875,0.328125,-0.802734375
1013.495481,info,IMU,3297.8371,-0.046875,-0.4140625,9.58984375,0.212890625,0.171875,0.095703125,0.359375,0.322265625,-0.7998046875
1013.515682,info,IMU,3297.8571,-0.2109375,-0.484375,8.17578125,0.2265625,0.107421875,0.09765625,0.3642578125,0.3203125,-0.80078125
1013.535348,info,IMU,3297.8771,-0.59375,-0.77734375,8.64453125,0.150390625,0.126953125,0.103515625,0.3662109375,0.318359375,-0.80078125
1013.555605,info,IMU,3297.8971,-0.37109375,-0.77734375,9.48828125,0.15234375,0.23046875,0.109375,0.3740234375,0.3115234375,-0.7978515625
1013.575139,info,IMU,3297.9171,-0.14453125,-0.51953125,9.08984375,0.224609375,0.162109375,0.109375,0.3740234375,0.3115234375,-0.80078125
1013.595398,info,IMU,3297.9371,-0.16796875,-0.65625,9.8984375,0.16015625,0.177734375,0.107421875,0.3779296875,0.302734375,-0.802734375
1013.615565,info,IMU,3297.9571,-0.359375,-1.1015625,7.62109375,0.154296875,0.15234375,0.11328125,0.3837890625,0.30078125,-0.8017578125
1013.635179,info,IMU,3297.9771,-0.34375,-0.796875,10.22265625,0.169921875,0.150390625,0.119140625,0.3876953125,0.296875,-0.7998046875
1013.655427,info,IMU,3297.9971,-0.3828125,-0.64453125,8.95703125,0.154296875,0.173828125,0.123046875,0.3916015625,0.2900390625,-0.8017578125
1013.675633,info,IMU,3298.0171,-0.65625,-0.50390625,8.890625,0.232421875,0.109375,0.123046875,0.396484375,0.287109375,-0.8017578125
1013.695256,info,IMU,3298.0371,-0.45703125,-0.68359375,9.5078125,0.150390625,0.1640625,0.126953125,0.3984375,0.28125,-0.802734375
1013.715456,info,IMU,3298.0571,-0.3203125,-0.77734375,8.97265625,0.1953125,0.1796875,0.12890625,0.404296875,0.2802734375,-0.7998046875
1013.735682,info,IMU,3298.0771,-0.703125,-0.80859375,9.91796875,0.228515625,0.142578125,0.126953125,0.408203125,0.2744140625,-0.8046875
1013.755286,info,IMU,3298.0971,-0.859375,-0.63671875,9.0546875,0.142578125,0.171875,0.134765625,0.4140625,0.2705078125,-0.7998046875
1013.775581,info,IMU,3298.1171,-0.6953125,-0.43359375,8.97265625,0.212890625,0.138671875,0.140625,0.4150390625,0.2646484375,-0.8017578125
1013.795127,info,IMU,3298.1371,-0.8203125,-0.56640625,10.0234375,0.15625,0.19921875,0.142578125,0.4248046875,0.259765625,-0.8017578125
1013.815354,info,IMU,3298.1571,-0.75,-0.83203125,7.98046875,0.173828125,0.21484375,0.150390625,0.4267578125,0.2568359375,-0.798828125
1013.835568,info,IMU,3298.1771,-0.87109375,-0.5234375,10.19921875,0.15625,0.173828125,0.142578125,0.4306640625,0.25,-0.8017578125
1013.855176,info,IMU,3298.1971000000003,-0.27734375,-0.3671875,9.1796875,0.080078125,0.23828125,0.1484375,0.43359375,0.2490234375,-0.7998046875
1013.875394,info,IMU,3298.2171000000003,-0.21875,-0.6015625,9.37890625,0.181640625,0.158203125,0.15625,0.4384765625,0.2421875,-0.798828125
1013.895619,info,IMU,3298.2371000000003,-0.5078125,-0.59375,9.1640625,0.1484375,0.1796875,0.162109375,0.4404296875,0.2373046875,-0.7998046875
1013.915245,info,IMU,3298.2571000000003,-0.55859375,-0.62109375,8.4609375,0.083984375,0.16796875,0.15625,0.4462890625,0.236328125,-0.80078125
1013.935434,info,IMU,3298.2771000000002,-0.5390625,-0.5234375,9.1875,0.1171875,0.12109375,0.15625,0.4541015625,0.2294921875,-0.80078125
1013.955682,info,IMU,3298.2971000000002,-0.44921875,-0.40625,10.24609375,0.09375,0.208984375,0.16015625,0.453125,0.2265625,-0.7978515625
1013.975288,info,IMU,3298.3171,-0.70703125,-0.2578125,9.3203125,0.205078125,0.111328125,0.158203125,0.4609375,0.224609375,-0.796875
1013.995522,info,IMU,3298.3371,-0.859375,-0.31640625,10.68359375,0.14453125,0.1171875,0.16015625,0.46484375,0.2197265625,-0.796875
1014.015233,info,IMU,3298.3571,-0.73828125,-0.78515625,8.265625,0.15234375,0.171875,0.1640625,0.4638671875,0.21875,-0.7958984375
1014.035334,info,IMU,3298.3771,-0.80078125,-0.671875,10.1171875,0.1953125,0.1953125,0.169921875,0.4716796875,0.216796875,-0.7939453125
1014.055558,info,IMU,3298.3971,-0.921875,-0.55078125,8.69140625,0.109375,0.185546875,0.16796875,0.4775390625,0.2109375,-0.79296875
1014.075160,info,IMU,3298.4171,-1.05859375,-0.30859375,10.53515625,0.037109375,0.119140625,0.16015625,0.4765625,0.2119140625,-0.79296875
1014.095497,info,IMU,3298.4371,-1.43359375,-0.69140625,9.19140625,0.07421875,0.1640625,0.162109375,0.4833984375,0.2041015625,-0.7919921875
1014.115620,info,IMU,3298.4571,-1.234375,-0.1328125,10.453125,0.056640625,0.205078125,0.16796875,0.486328125,0.203125,-0.7939453125
1014.135245,info,IMU,3298.4771,-1.265625,-0.46484375,9.09375,0.03125,0.1875,0.166015625,0.4912109375,0.197265625,-0.7900390625
1014.155428,info,IMU,3298.4971,-0.70703125,-0.59375,10.0546875,-0.03515625,0.193359375,0.1640625,0.4970703125,0.197265625,-0.7880859375
1014.175680,info,IMU,3298.5171,-0.6015625,-0.734375,9.578125,-0.0703125,0.244140625,0.1640625,0.5,0.197265625,-0.7880859375
1014.195331,info,IMU,3298.5371,-0.9921875,-0.51953125,10.09375,-0.021484375,0.22265625,0.16015625,0.5009765625,0.1962890625,-0.7880859375
1014.215683,info,IMU,3298.5571,-0.9609375,-0.03515625,10.49609375,-0.07421875,0.16796875,0.15625,0.5048828125,0.1953125,-0.7880859375
1014.235716,info,IMU,3298.5771,-0.8125,-0.375,9.88671875,-0.10546875,0.13671875,0.166015625,0.5068359375,0.19140625,-0.7841796875
1014.255346,info,IMU,3298.5971,-0.796875,-0.61328125,10.3046875,-0.06640625,0.083984375,0.169921875,0.5087890625,0.1943359375,-0.7841796875
1014.275573,info,IMU,3298.6171,-0.64453125,-0.57421875,10.546875,-0.109375,0.119140625,0.166015625,0.5146484375,0.1904296875,-0.7841796875
1014.295178,info,IMU,3298.6371,-0.546875,-0.34765625,10.4140625,-0.0625,0.015625,0.162109375,0.5146484375,0.1943359375,-0.7822265625
1014.315407,info,IMU,3298.6571,-0.82421875,-0.52734375,10.8125,-0.126953125,0.04296875,0.1640625,0.513671875,0.1923828125,-0.783203125
1014.335607,info,IMU,3298.6771,-1.109375,-0.6328125,9.640625,-0.041015625,0.00390625,0.166015625,0.517578125,0.19140625,-0.7783203125
1014.355305,info,IMU,3298.6971000000003,-0.98046875,-0.84765625,11.09765625,-0.080078125,0.001953125,0.1640625,0.517578125,0.1923828125,-0.7822265625
1014.375424,info,IMU,3298.7171000000003,-0.94921875,-0.3359375,9.328125,-0.013671875,-0.041015625,0.166015625,0.5185546875,0.193359375,-0.779296875
1014.395668,info,IMU,3298.7371000000003,-1.4375,-0.7890625,9.84765625,-0.126953125,-0.005859375,0.166015625,0.5224609375,0.193359375,-0.7802734375
1014.415280,info,IMU,3298.7571000000003,-1.1015625,-0.76171875,8.73046875,-0.083984375,-0.025390625,0.158203125,0.5185546875,0.19140625,-0.7783203125
1014.435523,info,IMU,3298.7771000000002,-1.0625,-0.453125,10.5546875,-0.1796875,-0.0234375,0.16015625,0.51953125,0.1943359375,-0.7783203125
1014.455700,info,IMU,3298.7971000000002,-1.0234375,-0.76953125,8.4375,-0.11328125,0.005859375,0.162109375,0.521484375,0.1943359375,-0.77734375
1014.475331,info,IMU,3298.8171,-1.1171875,-0.23828125,10.1171875,-0.11328125,-0.044921875,0.162109375,0.51953125,0.1962890625,-0.7783203125
1014.495593,info,IMU,3298.8371,-1.0078125,-0.53125,8.078125,-0.130859375,-0.07421875,0.162109375,0.5205078125,0.1962890625,-0.7802734375
1014.515176,info,IMU,3298.8571,-1.25,-0.75,9.87109375,-0.15625,-0.076171875,0.16015625,0.5185546875,0.2001953125,-0.7802734375
1014.535373,info,IMU,3298.8771,-0.85546875,-0.76953125,8.71875,-0.1015625,-0.091796875,0.162109375,0.517578125,0.2021484375,-0.77734375
1014.555591,info,IMU,3298.8971,-0.96875,-0.7109375,9.7578125,-0.123046875,-0.10546875,0.1640625,0.5166015625,0.201171875,-0.77734375
1014.575231,info,IMU,3298.9171,-1.08203125,-0.79296875,8.53125,-0.15234375,-0.15234375,0.1640625,0.5146484375,0.203125,-0.77734375
1014.595400,info,IMU,3298.9371,-0.859375,-0.64453125,10.19921875,-0.154296875,-0.134765625,0.158203125,0.5126953125,0.203125,-0.7783203125
1014.615651,info,IMU,3298.9571,-0.7734375,-0.7421875,9.9296875,-0.16796875,-0.1171875,0.171875,0.5126953125,0.2060546875,-0.7802734375
1014.635279,info,IMU,3298.9771,-0.76953125,-0.43359375,10.0390625,-0.05078125,-0.154296875,0.16796875,0.509765625,0.2060546875,-0.78125
1014.655518,info,IMU,3298.9971,-0.765625,-0.3984375,9.99609375,-0.130859375,-0.189453125,0.169921875,0.5068359375,0.205078125,-0.7802734375
1014.675717,info,IMU,3299.0171,-0.6328125,-0.55859375,8.58984375,-0.146484375,-0.26171875,0.1640625,0.5048828125,0.2099609375,-0.783203125
1014.695297,info,IMU,3299.0371,-0.53515625,-0.5859375,10.4296875,-0.15625,-0.236328125,0.16796875,0.501953125,0.2109375,-0.78125
1014.715562,info,IMU,3299.0571,-0.92578125,-0.796875,8.625,-0.126953125,-0.228515625,0.166015625,0.4990234375,0.212890625,-0.783203125
1014.735150,info,IMU,3299.0771,-1.21484375,-0.71875,10.19140625,-0.09375,-0.244140625,0.166015625,0.494140625,0.2099609375,-0.7861328125
1014.755361,info,IMU,3299.0971,-0.953125,-1.0546875,8.9921875,-0.130859375,-0.201171875,0.171875,0.4912109375,0.2138671875,-0.7880859375
1014.775594,info,IMU,3299.1171,-0.83984375,-1.0625,10.57421875,-0.123046875,-0.15625,0.171875,0.4892578125,0.2138671875,-0.7880859375
1014.795230,info,IMU,3299.1371,-0.921875,-1.28125,9.47265625,-0.091796875,-0.197265625,0.166015625,0.48828125,0.212890625,-0.7880859375
1014.815427,info,IMU,3299.1571,-0.86328125,-0.80859375,11.11328125,-0.103515625,-0.2109375,0.1640625,0.484375,0.216796875,-0.7890625
1014.835680,info,IMU,3299.1771,-0.94140625,-0.98046875,9.62109375,-0.146484375,-0.236328125,0.171875,0.4794921875,0.2158203125,-0.791015625
1014.855304,info,IMU,3299.1971000000003,-0.921875,-0.69140625,10.72265625,-0.060546875,-0.2421875,0.16796875,0.478515625,0.21484375,-0.7919921875
1014.875463,info,IMU,3299.2171000000003,-0.765625,-1.0234375,9.44921875,-0.16796875,-0.142578125,0.169921875,0.4755859375,0.216796875,-0.7919921875
1014.895729,info,IMU,3299.2371000000003,-0.60546875,-1.1484375,9.94921875,-0.111328125,-0.154296875,0.166015625,0.47265625,0.2197265625,-0.794921875
1014.915328,info,IMU,3299.2571000000003,-0.51171875,-0.78515625,11.04296875,-0.158203125,-0.13671875,0.16796875,0.46875,0.2177734375,-0.7939453125
1014.935527,info,IMU,3299.2771000000002,-0.6796875,-0.984375,9.80078125,-0.04296875,-0.1640625,0.16796875,0.4677734375,0.220703125,-0.794921875
1014.955157,info,IMU,3299.2971000000002,-0.51953125,-0.9765625,11.12109375,-0.056640625,-0.1171875,0.16796875,0.4677734375,0.220703125,-0.796875
1014.975347,info,IMU,3299.3171,-0.05859375,-0.96875,11.22265625,-0.087890625,-0.029296875,0.173828125,0.462890625,0.2216796875,-0.796875
1014.995591,info,IMU,3299.3371,-0.09375,-1.18359375,11.515625,-0.052734375,-0.05859375,0.169921875,0.4619140625,0.220703125,-0.7958984375
1015.015225,info,IMU,3299.3571,-0.14453125,-1.01171875,11.10546875,-0.09765625,-0.138671875,0.1640625,0.4658203125,0.2216796875,-0.796875
1015.035454,info,IMU,3299.3771,-0.57421875,-1.2421875,10.859375,-0.1328125,-0.0859375,0.166015625,0.462890625,0.2216796875,-0.796875
1015.055629,info,IMU,3299.3971,-0.875,-1.18359375,10.57421875,-0.029296875,-0.09375,0.15625,0.4599609375,0.2216796875,-0.7958984375
1015.075467,info,IMU,3299.4171,-0.69140625,-0.96484375,12.1953125,-0.09765625,0.013671875,0.16796875,0.4599609375,0.22265625,-0.794921875
1015.095465,info,IMU,3299.4371,-0.40625,-1.2421875,9.703125,0.033203125,-0.052734375,0.17578125,0.4599609375,0.220703125,-0.794921875
1015.115716,info,IMU,3299.4571,-0.453125,-0.75,12.1171875,-0.013671875,-0.05078125,0.169921875,0.4599609375,0.2197265625,-0.796875
1015.135311,info,IMU,3299.4771,-0.6015625,-1.140625,9.515625,-0.0703125,0.021484375,0.166015625,0.4609375,0.2236328125,-0.796875
1015.155577,info,IMU,3299.4971,-0.85546875,-1.46484375,10.6015625,-0.048828125,-0.021484375,0.158203125,0.4638671875,0.2236328125,-0.796875
1015.175888,info,IMU,3299.5171,-0.79296875,-1.40234375,11.453125,-0.134765625,0.078125,0.16796875,0.4658203125,0.2255859375,-0.796875
1015.195385,info,IMU,3299.5371,-0.63671875,-1.52734375,10.31640625,-0.10546875,0.03125,0.177734375,0.46484375,0.224609375,-0.7958984375
1015.215563,info,IMU,3299.5571,-0.4140625,-1.1484375,12.7265625,-0.08984375,0.0234375,0.177734375,0.462890625,0.2197265625,-0.7939453125
1015.235174,info,IMU,3299.5771,-0.1328125,-1.53125,9.98828125,-0.1171875,0.078125,0.1796875,0.4677734375,0.22265625,-0.7939453125
1015.255407,info,IMU,3299.5971,-0.421875,-1.40625,12.1875,-0.02734375,0.0234375,0.16796875,0.4697265625,0.22265625,-0.79296875
1015.276300,info,IMU,3299.6171,-0.7421875,-1.25,11.71875,-0.10546875,0.107421875,0.166015625,0.46875,0.220703125,-0.7919921875
1015.295228,info,IMU,3299.6371,-0.7421875,-1.0859375,11.0703125,-0.068359375,0.0703125,0.169921875,0.4697265625,0.22265625,-0.791015625
1015.315497,info,IMU,3299.6571,-0.6640625,-1.08984375,11.6875,-0.099609375,0.0234375,0.181640625,0.4736328125,0.2216796875,-0.79296875
1015.335674,info,IMU,3299.6771,-0.5390625,-0.75390625,9.99609375,-0.046875,0.009765625,0.18359375,0.48046875,0.2236328125,-0.7900390625
1015.355327,info,IMU,3299.6971000000003,-0.71484375,-0.515625,9.99609375,-0.001953125,0.01171875,0.177734375,0.4794921875,0.2216796875,-0.7900390625
1015.376713,info,IMU,3299.7171000000003,-1.12109375,-0.53125,10.08203125,-0.083984375,0.1171875,0.166015625,0.4814453125,0.22265625,-0.7890625
1015.395184,info,IMU,3299.7371000000003,-1.26171875,-1.34375,8.515625,-0.060546875,0.1328125,0.166015625,0.484375,0.220703125,-0.7900390625
1015.415337,info,IMU,3299.7571000000003,-1.0703125,-1.16796875,11.54296875,-0.08984375,0.140625,0.169921875,0.484375,0.21875,-0.787109375
1015.435586,info,IMU,3299.7771000000002,-0.69140625,-1.046875,9.953125,-0.09765625,0.150390625,0.18359375,0.4853515625,0.220703125,-0.7861328125
1015.455141,info,IMU,3299.7971000000002,-0.796875,-0.65234375,11.59375,-0.046875,0.08984375,0.1796875,0.48828125,0.2216796875,-0.78515625
1015.477087,info,IMU,3299.8171,-0.5546875,-1.05078125,10.3125,-0.14453125,0.07421875,0.18359375,0.4892578125,0.2216796875,-0.78515625
1015.495627,info,IMU,3299.8371,-0.53515625,-0.94140625,10.921875,-0.0234375,-0.0390625,0.177734375,0.4912109375,0.2216796875,-0.783203125
1015.515229,info,IMU,3299.8571,-0.9453125,-1.078125,11.234375,-0.037109375,0.03515625,0.18359375,0.4912109375,0.2236328125,-0.78515625
1015.535447,info,IMU,3299.8771,-0.9453125,-0.40625,10.171875,0.0234375,-0.01171875,0.1796875,0.4970703125,0.220703125,-0.783203125
1015.555698,info,IMU,3299.8971,-0.921875,-0.7890625,11.09765625,-0.064453125,-0.01171875,0.185546875,0.4921875,0.2197265625,-0.7841796875
1015.577494,info,IMU,3299.9171,-0.66796875,-0.76953125,9.59765625,0.005859375,-0.0703125,0.181640625,0.4951171875,0.22265625,-0.78125
1015.595492,info,IMU,3299.9371,-0.92578125,-0.68359375,9.9453125,0.001953125,-0.119140625,0.1796875,0.498046875,0.2216796875,-0.7822265625
1015.615138,info,IMU,3299.9571,-0.9296875,-0.71484375,9.4140625,-0.064453125,-0.08203125,0.181640625,0.494140625,0.2216796875,-0.78515625
1015.635326,info,IMU,3299.9771,-1.140625,-0.52734375,9.015625,-0.072265625,-0.109375,0.185546875,0.4970703125,0.220703125,-0.783203125
1015.655583,info,IMU,3299.9971,-1.359375,-0.4765625,8.77734375,-0.068359375,-0.130859375,0.1796875,0.498046875,0.22265625,-0.783203125
1015.675181,info,IMU,3300.0171,-1.3203125,-0.28515625,8.9375,-0.119140625,-0.091796875,0.181640625,0.4951171875,0.21875,-0.7841796875
1015.695421,info,IMU,3300.0371,-1.3203125,-0.484375,9.12109375,-0.06640625,-0.150390625,0.171875,0.49609375,0.2197265625,-0.7822265625
1015.715619,info,IMU,3300.0571,-1.58984375,-1.13671875,8.20703125,-0.111328125,-0.119140625,0.1796875,0.49609375,0.220703125,-0.78515625
1015.735449,info,IMU,3300.0771,-1.33984375,-0.87109375,8.81640625,-0.087890625,-0.083984375,0.17578125,0.4970703125,0.2236328125,-0.78125
1015.755428,info,IMU,3300.0971,-1.28515625,-0.6484375,10.03125,-0.107421875,-0.10546875,0.17578125,0.4892578125,0.2216796875,-0.78515625
1015.775669,info,IMU,3300.1171,-1.28125,-0.70703125,10.08984375,-0.09375,-0.087890625,0.173828125,0.4921875,0.220703125,-0.7861328125
1015.795292,info,IMU,3300.1371,-1.09375,-0.63671875,9.4765625,-0.048828125,-0.158203125,0.169921875,0.48828125,0.224609375,-0.78515625
1015.815558,info,IMU,3300.1571,-1.17578125,-0.5,10.9609375,-0.080078125,-0.12890625,0.16796875,0.490234375,0.2236328125,-0.7880859375
1015.835110,info,IMU,3300.1771,-1.26953125,-0.69140625,8.5859375,-0.072265625,-0.146484375,0.166015625,0.484375,0.22265625,-0.78515625
1015.855335,info,IMU,3300.1971000000003,-0.9140625,-0.4921875,10.76171875,-0.1015625,-0.115234375,0.166015625,0.484375,0.220703125,-0.7861328125
1015.875544,info,IMU,3300.2171000000003,-0.5546875,-0.50390625,9.36328125,-0.12109375,-0.123046875,0.169921875,0.4833984375,0.224609375,-0.7880859375
1015.895167,info,IMU,3300.2371000000003,-0.734375,-0.18359375,10.71875,-0.087890625,-0.15234375,0.166015625,0.48046875,0.2216796875,-0.787109375
1015.915386,info,IMU,3300.2571000000003,-0.63671875,-0.20703125,9.546875,-0.08203125,-0.142578125,0.162109375,0.4794921875,0.2216796875,-0.7880859375
1015.935584,info,IMU,3300.2771000000002,-0.52734375,-0.05078125,10.234375,-0.08203125,-0.14453125,0.158203125,0.4794921875,0.2236328125,-0.7919921875
1015.955192,info,IMU,3300.2971000000002,-0.6796875,-0.640625,9.328125,-0.068359375,-0.16015625,0.15234375,0.4765625,0.2236328125,-0.79296875
1015.975407,info,IMU,3300.3171,-0.875,-0.62890625,9.6328125,-0.076171875,-0.162109375,0.1484375,0.47265625,0.2236328125,-0.7900390625
1015.995645,info,IMU,3300.3371,-0.5078125,-0.5390625,10.1640625,-0.013671875,-0.158203125,0.150390625,0.4716796875,0.224609375,-0.7919921875
1016.015274,info,IMU,3300.3571,-0.44140625,-0.5703125,10.83984375,-0.02734375,-0.123046875,0.150390625,0.46875,0.22265625,-0.7939453125
1016.035510,info,IMU,3300.3771,-0.60546875,-0.6640625,9.8515625,-0.03125,-0.09765625,0.150390625,0.4697265625,0.22265625,-0.7939453125
1016.055059,info,IMU,3300.3971,-0.45703125,-0.3671875,10.60546875,0.021484375,-0.1328125,0.13671875,0.466796875,0.224609375,-0.794921875
1016.075290,info,IMU,3300.4171,-0.66796875,-0.31640625,9.4140625,0.013671875,-0.146484375,0.14453125,0.466796875,0.224609375,-0.7958984375
1016.095567,info,IMU,3300.4371,-1.03515625,-0.71875,9.5390625,-0.03125,-0.14453125,0.142578125,0.46484375,0.22265625,-0.794921875
1016.115160,info,IMU,3300.4571,-0.8359375,-0.7890625,8.609375,-0.0625,-0.115234375,0.142578125,0.4638671875,0.224609375,-0.7958984375
1016.135374,info,IMU,3300.4771,-0.49609375,-0.44921875,10.08984375,-0.0859375,-0.005859375,0.14453125,0.462890625,0.22265625,-0.796875
1016.155585,info,IMU,3300.4971,-0.53125,-0.47265625,9.48828125,-0.060546875,-0.03125,0.146484375,0.4609375,0.2216796875,-0.796875
1016.175186,info,IMU,3300.5171,-0.8671875,-0.578125,10.62890625,-0.06640625,-0.052734375,0.13671875,0.46484375,0.2216796875,-0.7958984375
1016.195422,info,IMU,3300.5371,-0.87890625,-0.9140625,8.91015625,-0.109375,0.009765625,0.134765625,0.4609375,0.220703125,-0.7958984375
1016.215633,info,IMU,3300.5571,-0.671875,-1.0234375,9.58203125,-0.080078125,0.033203125,0.140625,0.462890625,0.22265625,-0.796875
1016.235270,info,IMU,3300.5771,-0.51171875,-0.97265625,9.796875,-0.0703125,0.048828125,0.146484375,0.4609375,0.22265625,-0.7958984375
1016.255465,info,IMU,3300.5971,0.06640625,-0.4765625,10.8828125,-0.076171875,0.021484375,0.150390625,0.462890625,0.21875,-0.796875
1016.275061,info,IMU,3300.6171,0.2578125,-0.5390625,9.82421875,-0.025390625,-0.0390625,0.1484375,0.4638671875,0.2216796875,-0.796875
1016.295293,info,IMU,3300.6371,-0.33984375,-0.796875,9.5703125,-0.013671875,-0.02734375,0.140625,0.4638671875,0.220703125,-0.7958984375
1016.315529,info,IMU,3300.6571,-0.4765625,-1.12890625,8.6640625,-0.0234375,-0.021484375,0.138671875,0.4658203125,0.2216796875,-0.796875
1016.335131,info,IMU,3300.6771,-0.48828125,-0.77734375,9.59375,0.03125,-0.025390625,0.146484375,0.4658203125,0.220703125,-0.7958984375
1016.355362,info,IMU,3300.6971000000003,-0.50390625,-0.7265625,9.328125,-0.03515625,-0.009765625,0.158203125,0.46875,0.220703125,-0.794921875
1016.375560,info,IMU,3300.7171000000003,-0.23046875,-0.90234375,9.10546875,0.05078125,0.0234375,0.158203125,0.466796875,0.21875,-0.794921875
1016.395183,info,IMU,3300.7371000000003,0.3203125,-0.4453125,10.12890625,0.04296875,0.03125,0.154296875,0.470703125,0.216796875,-0.7958984375
1016.415430,info,IMU,3300.7571000000003,-0.0078125,-0.8046875,8.3984375,0.048828125,-0.001953125,0.162109375,0.46875,0.2158203125,-0.794921875
1016.435654,info,IMU,3300.7771000000002,-0.6328125,-0.86328125,9.35546875,0.009765625,-0.01171875,0.15625,0.470703125,0.216796875,-0.79296875
1016.455236,info,IMU,3300.7971000000002,-0.50390625,-1.15234375,8.36328125,-0.037109375,0.013671875,0.1640625,0.47265625,0.2158203125,-0.7958984375
1016.475451,info,IMU,3300.8171,-0.18359375,-0.70703125,10.171875,-0.029296875,-0.00390625,0.17578125,0.4736328125,0.2138671875,-0.79296875
1016.495669,info,IMU,3300.8371,-0.42578125,-1.1015625,8.2890625,0.0078125,0.0390625,0.1796875,0.4755859375,0.212890625,-0.79296875
1016.515334,info,IMU,3300.8571,-0.55859375,-0.921875,9.20703125,0.001953125,0.046875,0.17578125,0.4736328125,0.2138671875,-0.7939453125
1016.535534,info,IMU,3300.8771,-0.58203125,-1.0703125,8.65234375,-0.095703125,0.0546875,0.17578125,0.4775390625,0.2109375,-0.7939453125
1016.555155,info,IMU,3300.8971,-0.65234375,-0.85546875,9.625,-0.009765625,0.02734375,0.177734375,0.474609375,0.20703125,-0.7939453125
1016.575339,info,IMU,3300.9171,-0.72265625,-1.0234375,8.6328125,-0.033203125,0.04296875,0.18359375,0.478515625,0.20703125,-0.79296875
1016.595581,info,IMU,3300.9371,-0.65234375,-0.86328125,8.01171875,0.0390625,-0.001953125,0.19921875,0.48046875,0.2041015625,-0.7939453125
1016.615171,info,IMU,3300.9571,-0.38671875,-1.1171875,9.01171875,-0.029296875,0.021484375,0.205078125,0.4794921875,0.203125,-0.79296875
1016.635449,info,IMU,3300.9771,-0.18359375,-0.8828125,7.33984375,0.076171875,-0.0859375,0.205078125,0.4814453125,0.2021484375,-0.79296875
1016.655620,info,IMU,3300.9971,-0.5703125,-0.70703125,9.37890625,0.037109375,-0.068359375,0.212890625,0.482421875,0.19921875,-0.794921875
1016.675253,info,IMU,3301.0171,-0.51171875,-0.9609375,6.02734375,0.0859375,-0.0859375,0.216796875,0.4814453125,0.1943359375,-0.794921875
1016.695457,info,IMU,3301.0371,-0.6796875,-0.66015625,10.13671875,0.025390625,0.01171875,0.22265625,0.4794921875,0.19140625,-0.794921875
1016.715684,info,IMU,3301.0571,-0.1171875,-1.30859375,7.25390625,0.080078125,0.0546875,0.2265625,0.4814453125,0.1884765625,-0.796875
1016.735294,info,IMU,3301.0771,0.25,-0.73828125,11.45703125,0.15625,-0.052734375,0.23828125,0.4833984375,0.1865234375,-0.796875
1016.755514,info,IMU,3301.0971,-0.0078125,-1.22265625,7.25,0.154296875,-0.08203125,0.2421875,0.484375,0.1826171875,-0.796875
1016.775124,info,IMU,3301.1171,-0.37890625,-1.203125,9.828125,0.125,-0.048828125,0.236328125,0.4833984375,0.1796875,-0.796875
1016.795447,info,IMU,3301.1371,-0.23046875,-1.10546875,8.58984375,0.01953125,0.02734375,0.255859375,0.4833984375,0.1748046875,-0.798828125
1016.815565,info,IMU,3301.1571,-0.16796875,-0.40625,10.69921875,0.146484375,0.052734375,0.255859375,0.48046875,0.169921875,-0.798828125
1016.835160,info,IMU,3301.1771,-0.39453125,-0.7578125,8.86328125,0.123046875,0.025390625,0.26171875,0.484375,0.1650390625,-0.7998046875
1016.855401,info,IMU,3301.1971000000003,-0.4609375,-0.72265625,9.48046875,0.220703125,-0.037109375,0.259765625,0.4853515625,0.16015625,-0.7998046875
1016.875604,info,IMU,3301.2171000000003,-0.375,-1.1875,8.00390625,0.15625,0.033203125,0.27734375,0.48828125,0.154296875,-0.80078125
1016.895222,info,IMU,3301.2371000000003,-0.484375,-1.06640625,7.98046875,0.28125,-0.0390625,0.275390625,0.4853515625,0.146484375,-0.8017578125
1016.916893,info,IMU,3301.2571000000003,-0.3359375,-0.94921875,9.484375,0.109375,0.0546875,0.287109375,0.48828125,0.14453125,-0.802734375
1016.935647,info,IMU,3301.2771000000002,0.06640625,-1.2421875,7.5078125,0.19140625,0.005859375,0.29296875,0.48828125,0.140625,-0.8037109375
1016.955323,info,IMU,3301.2971000000002,-0.109375,-0.859375,10.7890625,0.15625,-0,0.29296875,0.4912109375,0.1318359375,-0.8046875
1016.975506,info,IMU,3301.3171,-0.22265625,-1.03515625,7.2578125,0.18359375,0.01953125,0.294921875,0.4921875,0.126953125,-0.8037109375
1016.995165,info,IMU,3301.3371,-0.2578125,-0.53515625,10.48046875,0.28125,-0.01171875,0.298828125,0.4931640625,0.1162109375,-0.8037109375
1017.015326,info,IMU,3301.3571,-0.18359375,-0.515625,8.37109375,0.287109375,0.0234375,0.302734375,0.494140625,0.1083984375,-0.8037109375
1017.035598,info,IMU,3301.3771,-0.3203125,-0.60546875,9.12890625,0.3515625,0.025390625,0.306640625,0.494140625,0.1025390625,-0.8056640625
1017.055145,info,IMU,3301.3971,-0.36328125,-1.01171875,8.3671875,0.310546875,0.056640625,0.310546875,0.498046875,0.09375,-0.806640625
1017.075367,info,IMU,3301.4171,-0.140625,-0.76171875,9.3359375,0.31640625,0.1015625,0.30859375,0.5,0.0859375,-0.8037109375
1017.095615,info,IMU,3301.4371,-0.19140625,-0.83203125,10.15625,0.314453125,0.087890625,0.306640625,0.501953125,0.0791015625,-0.8056640625
1017.115215,info,IMU,3301.4571,-0.59765625,-0.80078125,9.82421875,0.318359375,0.0625,0.3046875,0.5029296875,0.0693359375,-0.8056640625
1017.135436,info,IMU,3301.4771,-0.8125,-0.9375,9.953125,0.25390625,0.08984375,0.3125,0.5087890625,0.0595703125,-0.8056640625
1017.155663,info,IMU,3301.4971,-0.73046875,-0.79296875,9.453125,0.33984375,0.083984375,0.3125,0.509765625,0.052734375,-0.8056640625
1017.175291,info,IMU,3301.5171,-0.86328125,-0.5859375,10.84375,0.25390625,0.19140625,0.314453125,0.51171875,0.044921875,-0.802734375
1017.195510,info,IMU,3301.5371,-0.84765625,-1.07421875,9.91796875,0.2890625,0.17578125,0.3046875,0.5146484375,0.0361328125,-0.8037109375
1017.215094,info,IMU,3301.5571,-0.7265625,-0.67578125,13.1875,0.263671875,0.22265625,0.30078125,0.5185546875,0.0283203125,-0.8017578125
1017.235343,info,IMU,3301.5771,-0.76953125,-0.578125,10.96875,0.291015625,0.177734375,0.302734375,0.521484375,0.0205078125,-0.802734375
1017.255542,info,IMU,3301.5971,-0.91796875,-0.5234375,12.5234375,0.248046875,0.15234375,0.296875,0.521484375,0.009765625,-0.802734375
1017.275162,info,IMU,3301.6171,-0.7734375,-0.63671875,11.6640625,0.208984375,0.1953125,0.30078125,0.5244140625,0.001953125,-0.798828125
1017.295405,info,IMU,3301.6371,-0.53125,-0.26953125,13.265625,0.232421875,0.140625,0.29296875,0.52734375,-0.00390625,-0.798828125
1017.315606,info,IMU,3301.6571,-0.7734375,-0.66015625,11.63671875,0.251953125,0.099609375,0.28125,0.5322265625,-0.013671875,-0.7978515625
1017.335223,info,IMU,3301.6771,-1.18359375,-0.55859375,11.703125,0.251953125,0.1640625,0.26953125,0.537109375,-0.0205078125,-0.796875
1017.355601,info,IMU,3301.6971000000003,-1.140625,-0.05859375,11.87109375,0.248046875,0.173828125,0.267578125,0.5419921875,-0.0263671875,-0.796875
1017.375639,info,IMU,3301.7171000000003,-1.3671875,-0.16015625,12.4296875,0.203125,0.185546875,0.25390625,0.54296875,-0.0322265625,-0.7919921875
1017.395278,info,IMU,3301.7371000000003,-1.5390625,-0.0390625,11.48046875,0.17578125,0.169921875,0.24609375,0.544921875,-0.0361328125,-0.7890625
1017.415539,info,IMU,3301.7571000000003,-1.515625,0.19921875,11.48046875,0.2109375,0.09375,0.232421875,0.5478515625,-0.0439453125,-0.791015625
1017.435129,info,IMU,3301.7771000000002,-1.35546875,0.16796875,10.67578125,0.1328125,0.150390625,0.2265625,0.548828125,-0.0478515625,-0.787109375
1017.455311,info,IMU,3301.7971000000002,-1.64453125,-0.03125,9.16796875,0.140625,0.12890625,0.21484375,0.5537109375,-0.0478515625,-0.7861328125
1017.475545,info,IMU,3301.8171,-1.8203125,-0.015625,11.20703125,-0.021484375,0.23046875,0.201171875,0.5595703125,-0.0546875,-0.7841796875
1017.495180,info,IMU,3301.8371,-1.2578125,-0.40625,8.59765625,0.0546875,0.212890625,0.1953125,0.560546875,-0.0576171875,-0.783203125
1017.517019,info,IMU,3301.8571,-1.1484375,0.26953125,11.859375,0.001953125,0.12109375,0.193359375,0.5654296875,-0.05859375,-0.7802734375
1017.535593,info,IMU,3301.8771,-1.6875,-0.5078125,9.02734375,-0.080078125,0.140625,0.1953125,0.5673828125,-0.0595703125,-0.7802734375
1017.555242,info,IMU,3301.8971,-1.40234375,-0.2109375,10.49609375,0.001953125,0.068359375,0.173828125,0.5673828125,-0.064453125,-0.7783203125
1017.575416,info,IMU,3301.9171,-0.91015625,-0.1640625,10.6953125,-0.14453125,0.1171875,0.1796875,0.568359375,-0.0634765625,-0.78125
1017.595635,info,IMU,3301.9371,-1.1796875,-0.29296875,10.19140625,-0.095703125,0.033203125,0.181640625,0.5693359375,-0.0625,-0.7783203125
1017.615268,info,IMU,3301.9571,-1.43359375,-0.41015625,9.73828125,-0.09765625,-0.048828125,0.171875,0.5712890625,-0.0625,-0.77734375
1017.635482,info,IMU,3301.9771,-1.18359375,-0.07421875,9.9140625,-0.19140625,0.015625,0.169921875,0.5693359375,-0.0615234375,-0.7763671875
1017.655089,info,IMU,3301.9971,-1.3125,-0.67578125,8.4296875,-0.15625,-0.0625,0.16796875,0.5703125,-0.0595703125,-0.7763671875
1017.675306,info,IMU,3302.0171,-1.37109375,-0.17578125,9.5859375,-0.16796875,-0.115234375,0.166015625,0.568359375,-0.0595703125,-0.7783203125
1017.695569,info,IMU,3302.0371,-1.1796875,0.2265625,8.58984375,-0.25,-0.064453125,0.16796875,0.5693359375,-0.056640625,-0.7763671875
1017.715124,info,IMU,3302.0571,-1.1640625,0.2578125,9.28125,-0.162109375,-0.146484375,0.15625,0.5673828125,-0.0517578125,-0.78125
1017.735421,info,IMU,3302.0771,-1.37109375,0.21875,9.5390625,-0.24609375,-0.140625,0.1484375,0.568359375,-0.0517578125,-0.7802734375
1017.755554,info,IMU,3302.0971,-1.3828125,-0.5,7.9765625,-0.21875,-0.138671875,0.146484375,0.5634765625,-0.0478515625,-0.78125
1017.775196,info,IMU,3302.1171,-1.4375,-0.26953125,9.1484375,-0.22265625,-0.17578125,0.138671875,0.564453125,-0.044921875,-0.78125
1017.795430,info,IMU,3302.1371,-1.45703125,-0.28515625,9.64453125,-0.275390625,-0.150390625,0.140625,0.556640625,-0.0419921875,-0.7861328125
1017.815638,info,IMU,3302.1571,-1.46875,-0.6171875,9.25390625,-0.310546875,-0.208984375,0.140625,0.55078125,-0.03515625,-0.7880859375
1017.835268,info,IMU,3302.1771,-1.11328125,-0.39453125,9.7734375,-0.294921875,-0.234375,0.1328125,0.5517578125,-0.029296875,-0.7880859375
1017.855450,info,IMU,3302.1971000000003,-1.3203125,-0.4765625,9.1875,-0.345703125,-0.279296875,0.1328125,0.5400390625,-0.0263671875,-0.7919921875
1017.875055,info,IMU,3302.2171000000003,-1.26953125,-0.6484375,8.9921875,-0.365234375,-0.34765625,0.1328125,0.5380859375,-0.0244140625,-0.7939453125
1017.895274,info,IMU,3302.2371000000003,-1.21484375,-0.8515625,8.6640625,-0.37890625,-0.36328125,0.12890625,0.533203125,-0.017578125,-0.798828125
1017.915631,info,IMU,3302.2571000000003,-0.984375,-0.83203125,8.66796875,-0.39453125,-0.375,0.125,0.5263671875,-0.01171875,-0.7998046875
1017.935157,info,IMU,3302.2771000000002,-0.53125,-0.875,8.8359375,-0.37109375,-0.40625,0.134765625,0.521484375,-0.005859375,-0.802734375
1017.955348,info,IMU,3302.2971000000002,-0.4609375,-0.484375,10.07421875,-0.392578125,-0.42578125,0.138671875,0.5126953125,-0,-0.8046875
1017.975563,info,IMU,3302.3171,-0.5859375,-0.6015625,9.25390625,-0.328125,-0.412109375,0.13671875,0.5068359375,0.0048828125,-0.810546875
1017.995188,info,IMU,3302.3371,-0.3046875,-0.55859375,9.30859375,-0.291015625,-0.474609375,0.12890625,0.4990234375,0.0146484375,-0.810546875
1018.015396,info,IMU,3302.3571,-0.515625,-0.75,10.36328125,-0.416015625,-0.41015625,0.140625,0.48828125,0.017578125,-0.81640625
1018.035611,info,IMU,3302.3771,-0.59765625,-1.171875,9.78125,-0.35546875,-0.443359375,0.142578125,0.4814453125,0.0244140625,-0.818359375
1018.055262,info,IMU,3302.3971,-0.28515625,-0.8046875,11.34765625,-0.34765625,-0.5,0.138671875,0.474609375,0.029296875,-0.818359375
1018.075456,info,IMU,3302.4171,-0.015625,-0.97265625,10.4921875,-0.37109375,-0.400390625,0.158203125,0.46484375,0.03515625,-0.8212890625
1018.095044,info,IMU,3302.4371,-0.0078125,-1.1953125,10.71484375,-0.32421875,-0.3828125,0.15625,0.4599609375,0.0419921875,-0.82421875
1018.115286,info,IMU,3302.4571,0.12109375,-1.26953125,11.6171875,-0.392578125,-0.27734375,0.150390625,0.447265625,0.0439453125,-0.828125
1018.135568,info,IMU,3302.4771,0.46875,-1.453125,11.37890625,-0.361328125,-0.3046875,0.154296875,0.4443359375,0.0517578125,-0.8291015625
1018.155095,info,IMU,3302.4971,0.3515625,-1.1328125,11.50390625,-0.26953125,-0.423828125,0.16796875,0.4384765625,0.0595703125,-0.833984375
1018.175330,info,IMU,3302.5171,-0.0234375,-1.5859375,9.3671875,-0.3046875,-0.27734375,0.171875,0.4345703125,0.0654296875,-0.8330078125
1018.195569,info,IMU,3302.5371,-0.08203125,-1.54296875,9.94140625,-0.3359375,-0.212890625,0.169921875,0.42578125,0.068359375,-0.8359375
1018.215144,info,IMU,3302.5571,0.44140625,-1.21484375,12.08984375,-0.349609375,-0.197265625,0.16796875,0.423828125,0.0751953125,-0.8369140625
1018.235399,info,IMU,3302.5771,0.57421875,-1.3828125,10.76171875,-0.275390625,-0.271484375,0.171875,0.4189453125,0.078125,-0.8369140625
1018.255599,info,IMU,3302.5971,0.19140625,-1.4140625,10.296875,-0.255859375,-0.2578125,0.181640625,0.416015625,0.0810546875,-0.8369140625
1018.275224,info,IMU,3302.6171,0.19921875,-1.3359375,8.1796875,-0.263671875,-0.103515625,0.181640625,0.412109375,0.087890625,-0.8369140625
1018.295427,info,IMU,3302.6371,0.296875,-1.265625,8.734375,-0.205078125,-0.015625,0.17578125,0.4091796875,0.0888671875,-0.837890625
1018.315039,info,IMU,3302.6571,0.33203125,-1.38671875,9.58984375,-0.19140625,0.015625,0.177734375,0.412109375,0.0947265625,-0.83984375
1018.335285,info,IMU,3302.6771,0.28125,-1.9453125,10.08984375,-0.169921875,-0.021484375,0.1796875,0.4091796875,0.0947265625,-0.8369140625
1018.355512,info,IMU,3302.6971000000003,0.30859375,-1.8515625,11.34375,-0.119140625,-0.0390625,0.173828125,0.412109375,0.0947265625,-0.837890625
1018.375083,info,IMU,3302.7171000000003,0.3046875,-1.9296875,9.9453125,-0.119140625,0.021484375,0.1875,0.4111328125,0.1015625,-0.8369140625
1018.395321,info,IMU,3302.7371000000003,0.5703125,-1.6171875,10.671875,-0.048828125,0.1015625,0.189453125,0.412109375,0.103515625,-0.8369140625
1018.415603,info,IMU,3302.7571000000003,0.53515625,-1.5234375,10.3828125,-0.10546875,0.18359375,0.185546875,0.4150390625,0.099609375,-0.8349609375
1018.435157,info,IMU,3302.7771000000002,0.34765625,-1.66015625,9.4609375,-0.00390625,0.1640625,0.173828125,0.419921875,0.1025390625,-0.8359375
1018.455376,info,IMU,3302.7971000000002,0.6171875,-1.51171875,10.6953125,-0.1328125,0.181640625,0.18359375,0.4189453125,0.1015625,-0.83203125
1018.475703,info,IMU,3302.8171,0.62109375,-1.9453125,9.51953125,-0.037109375,0.1484375,0.193359375,0.4267578125,0.1005859375,-0.833984375
1018.495209,info,IMU,3302.8371,0.24609375,-1.8359375,9.75,0.021484375,0.15234375,0.19140625,0.4287109375,0.1005859375,-0.8310546875
1018.515425,info,IMU,3302.8571,0.24609375,-1.52734375,9.20703125,-0.046875,0.236328125,0.189453125,0.435546875,0.0986328125,-0.830078125
1018.535024,info,IMU,3302.8771,0.546875,-1.72265625,9.453125,0.025390625,0.26171875,0.201171875,0.44140625,0.09765625,-0.8271484375
1018.555322,info,IMU,3302.8971,0.44140625,-1.48828125,9.234375,0.111328125,0.2734375,0.201171875,0.447265625,0.0927734375,-0.828125
1018.575484,info,IMU,3302.9171,0.37109375,-1.43359375,9.6171875,0.0703125,0.357421875,0.19921875,0.44921875,0.091796875,-0.8232421875
1018.595076,info,IMU,3302.9371,0.3046875,-1.94140625,8.62109375,0.1328125,0.31640625,0.19921875,0.4609375,0.0869140625,-0.8212890625
1018.615313,info,IMU,3302.9571,-0.10546875,-1.63671875,9.94140625,0.16796875,0.3671875,0.1953125,0.4638671875,0.0859375,-0.8212890625
1018.635544,info,IMU,3302.9771,-0.07421875,-1.46484375,8.4296875,0.140625,0.4375,0.208984375,0.474609375,0.078125,-0.81640625
1018.655247,info,IMU,3302.9971,-0.09765625,-1.12109375,9.96484375,0.279296875,0.40234375,0.208984375,0.4833984375,0.0751953125,-0.8154296875
1018.675367,info,IMU,3303.0171,-0.07421875,-1.12890625,8.33203125,0.1015625,0.484375,0.216796875,0.4892578125,0.0693359375,-0.8134765625
1018.698199,info,IMU,3303.0371,-0.03515625,-0.79296875,8.75,0.28125,0.4296875,0.2109375,0.4931640625,0.06640625,-0.8076171875
1018.715290,info,IMU,3303.0571,-0.5390625,-0.8515625,8.4453125,0.205078125,0.41796875,0.201171875,0.5068359375,0.05859375,-0.8037109375
1018.735414,info,IMU,3303.0771,-0.65625,-1.16015625,7.24609375,0.29296875,0.439453125,0.208984375,0.515625,0.052734375,-0.8046875
1018.755638,info,IMU,3303.0971,-1.05859375,-1.3671875,8.21875,0.248046875,0.375,0.2109375,0.51953125,0.0458984375,-0.798828125
1018.775326,info,IMU,3303.1171,-0.79296875,-1.38671875,7.8671875,0.255859375,0.423828125,0.216796875,0.529296875,0.0400390625,-0.794921875
1018.795492,info,IMU,3303.1371,-0.76171875,-1.0859375,7.921875,0.287109375,0.4140625,0.216796875,0.5361328125,0.0302734375,-0.7939453125
1018.815073,info,IMU,3303.1571,-0.80859375,-0.84375,8.7265625,0.357421875,0.40234375,0.21484375,0.54296875,0.0224609375,-0.791015625
1018.835282,info,IMU,3303.1771,-1.1953125,-0.96484375,7.8828125,0.31640625,0.41015625,0.220703125,0.55078125,0.015625,-0.7890625
1018.855537,info,IMU,3303.1971000000003,-1.3125,-1.21484375,6.80859375,0.3828125,0.3515625,0.212890625,0.5576171875,0.0029296875,-0.7841796875
1018.875137,info,IMU,3303.2171000000003,-1.04296875,-0.53515625,8.23046875,0.328125,0.2578125,0.21875,0.564453125,-0.0048828125,-0.7822265625
1018.895386,info,IMU,3303.2371000000003,-1.01171875,-0.60546875,7.94140625,0.3671875,0.224609375,0.22265625,0.5712890625,-0.01171875,-0.77734375
1018.915569,info,IMU,3303.2571000000003,-1.4140625,-0.8671875,6.58984375,0.42578125,0.1953125,0.21484375,0.5703125,-0.0205078125,-0.779296875
1018.935178,info,IMU,3303.2771000000002,-1.17578125,-0.296875,7.37890625,0.388671875,0.166015625,0.208984375,0.5771484375,-0.03125,-0.7763671875
1018.955443,info,IMU,3303.2971000000002,-1.59375,-0.64453125,7.58984375,0.353515625,0.158203125,0.2109375,0.5810546875,-0.0390625,-0.7724609375
1018.975630,info,IMU,3303.3171,-1.98828125,-0.6328125,7.08203125,0.490234375,0.099609375,0.201171875,0.5830078125,-0.0478515625,-0.7724609375
1018.995256,info,IMU,3303.3371,-1.90625,0.08203125,7.8828125,0.408203125,0.076171875,0.19140625,0.5849609375,-0.0595703125,-0.76953125
1019.015475,info,IMU,3303.3571,-1.62890625,-0.1953125,7.41015625,0.353515625,0.09375,0.19921875,0.58984375,-0.0673828125,-0.767578125
1019.035064,info,IMU,3303.3771,-1.40234375,-0.16015625,8.10546875,0.408203125,0.017578125,0.1875,0.5908203125,-0.0771484375,-0.767578125
1019.055296,info,IMU,3303.3971,-1.74609375,0.04296875,9.17578125,0.388671875,0.0234375,0.169921875,0.58984375,-0.083984375,-0.765625
1019.075534,info,IMU,3303.4171,-1.875,-0.3984375,7.5546875,0.36328125,-0.0078125,0.162109375,0.58984375,-0.095703125,-0.765625
1019.095161,info,IMU,3303.4371,-1.56640625,-0.0078125,9.2734375,0.375,-0.076171875,0.15234375,0.587890625,-0.1044921875,-0.767578125
1019.115368,info,IMU,3303.4571,-1.7578125,0.09765625,9.12109375,0.3203125,-0.05859375,0.154296875,0.5849609375,-0.111328125,-0.7646484375
1019.135563,info,IMU,3303.4771,-1.7734375,-0.0546875,9.01171875,0.37109375,-0.12890625,0.13671875,0.583984375,-0.119140625,-0.767578125
1019.155174,info,IMU,3303.4971,-1.69140625,0.44140625,9.27734375,0.337890625,-0.2109375,0.123046875,0.5830078125,-0.12890625,-0.765625
1019.175405,info,IMU,3303.5171,-1.78515625,0.04296875,8.79296875,0.279296875,-0.162109375,0.119140625,0.5810546875,-0.134765625,-0.7685546875
1019.195608,info,IMU,3303.5371,-1.95703125,-0.3046875,9.35546875,0.3203125,-0.193359375,0.099609375,0.572265625,-0.1416015625,-0.7666015625
1019.215381,info,IMU,3303.5571,-2.11328125,0.1015625,10.41015625,0.251953125,-0.208984375,0.087890625,0.572265625,-0.146484375,-0.76953125
1019.235448,info,IMU,3303.5771,-1.96484375,-0.125,9.09375,0.20703125,-0.228515625,0.080078125,0.568359375,-0.1513671875,-0.7724609375
1019.255093,info,IMU,3303.5971,-1.67578125,-0.0234375,10.3203125,0.16796875,-0.236328125,0.07421875,0.564453125,-0.158203125,-0.7724609375
1019.275286,info,IMU,3303.6171,-1.71875,0.0234375,9.55078125,0.13671875,-0.21875,0.068359375,0.55859375,-0.1640625,-0.7744140625
1019.295548,info,IMU,3303.6371,-1.59765625,-0.0390625,10.41796875,0.126953125,-0.26953125,0.046875,0.5537109375,-0.166015625,-0.775390625
1019.315140,info,IMU,3303.6571,-1.5625,0.04296875,9.01171875,0.15625,-0.359375,0.041015625,0.5458984375,-0.1689453125,-0.779296875
1019.335336,info,IMU,3303.6771,-1.55859375,-0.0546875,10.046875,0.072265625,-0.291015625,0.04296875,0.54296875,-0.1728515625,-0.779296875
1019.355596,info,IMU,3303.6971000000003,-1.48046875,0.12109375,8.69140625,0.115234375,-0.3828125,0.029296875,0.5341796875,-0.1728515625,-0.783203125
1019.375152,info,IMU,3303.7171000000003,-1.296875,0.421875,11.5703125,0.00390625,-0.34765625,0.021484375,0.5283203125,-0.173828125,-0.787109375
1019.395390,info,IMU,3303.7371000000003,-1.2890625,-0.38671875,8.3671875,-0.015625,-0.3046875,0.01953125,0.5224609375,-0.17578125,-0.7900390625
1019.415619,info,IMU,3303.7571000000003,-1.23046875,-0.1796875,11.73046875,-0.013671875,-0.318359375,0.00390625,0.515625,-0.1748046875,-0.7919921875
1019.435254,info,IMU,3303.7771000000002,-0.953125,-0.29296875,10.72265625,-0.103515625,-0.310546875,0.009765625,0.5068359375,-0.17578125,-0.794921875
1019.456797,info,IMU,3303.7971000000002,-0.94140625,-0.234375,11.90234375,-0.099609375,-0.373046875,0.0078125,0.5,-0.1767578125,-0.7998046875
1019.475044,info,IMU,3303.8171,-0.609375,-0.3125,11.1875,-0.1328125,-0.380859375,0.00390625,0.494140625,-0.169921875,-0.8017578125
1019.495281,info,IMU,3303.8371,-0.15625,0.01171875,11.8671875,-0.1640625,-0.326171875,0.005859375,0.4873046875,-0.1708984375,-0.8046875
1019.515524,info,IMU,3303.8571,-0.40625,0.10546875,11.734375,-0.126953125,-0.353515625,-0,0.48046875,-0.16796875,-0.8095703125
1019.535101,info,IMU,3303.8771,-0.62890625,0.32421875,11.265625,-0.16796875,-0.3515625,-0.01171875,0.4755859375,-0.1650390625,-0.8115234375
1019.555377,info,IMU,3303.8971,-0.23046875,-0.00390625,11.05859375,-0.1875,-0.302734375,-0.00390625,0.4677734375,-0.16015625,-0.814453125
1019.575577,info,IMU,3303.9171,-0.109375,-0.20703125,10.546875,-0.154296875,-0.35546875,-0.00390625,0.4609375,-0.1591796875,-0.818359375
1019.595161,info,IMU,3303.9371,-0.5390625,-0.16796875,11.60546875,-0.25,-0.25390625,0.0078125,0.45703125,-0.15625,-0.822265625
1019.615372,info,IMU,3303.9571,-0.10546875,-0.44921875,9.671875,-0.251953125,-0.26953125,-0,0.4501953125,-0.1533203125,-0.82421875
1019.635618,info,IMU,3303.9771,0.234375,-0.22265625,12.3671875,-0.2578125,-0.291015625,-0.001953125,0.443359375,-0.1494140625,-0.8271484375
1019.655257,info,IMU,3303.9971,-0.20703125,-1.42578125,8.625,-0.333984375,-0.212890625,0.01171875,0.4345703125,-0.1416015625,-0.828125
1019.675826,info,IMU,3304.0171,-0.1875,-0.88671875,12.4453125,-0.251953125,-0.234375,0.0078125,0.4306640625,-0.138671875,-0.830078125
1019.695658,info,IMU,3304.0371,0.37109375,-0.515625,12.0859375,-0.3828125,-0.181640625,0.01953125,0.4248046875,-0.1357421875,-0.8330078125
1019.715288,info,IMU,3304.0571,0.44140625,-0.3828125,12.64453125,-0.26171875,-0.259765625,0.025390625,0.4208984375,-0.1279296875,-0.8330078125
1019.735525,info,IMU,3304.0771,0.30078125,-0.703125,12.30859375,-0.279296875,-0.251953125,0.0234375,0.41796875,-0.12109375,-0.8388671875
1019.755102,info,IMU,3304.0971,0.26953125,-0.53125,10.46484375,-0.171875,-0.201171875,0.029296875,0.4150390625,-0.1171875,-0.8388671875
1019.775338,info,IMU,3304.1171,-0.05859375,-0.6171875,10.66796875,-0.216796875,-0.1640625,0.02734375,0.412109375,-0.11328125,-0.8408203125
1019.796026,info,IMU,3304.1371,0.109375,-0.75390625,9.97265625,-0.23828125,-0.140625,0.03125,0.4091796875,-0.1103515625,-0.841796875
1019.815179,info,IMU,3304.1571,0.3359375,-0.828125,11.0625,-0.23828125,-0.123046875,0.041015625,0.4091796875,-0.1064453125,-0.84375
1019.835360,info,IMU,3304.1771,0.359375,-0.59375,10.03125,-0.166015625,-0.080078125,0.041015625,0.4111328125,-0.099609375,-0.8427734375
1019.855612,info,IMU,3304.1971000000003,0.10546875,-0.35546875,11.30078125,-0.26171875,0.060546875,0.0390625,0.4072265625,-0.0947265625,-0.8427734375
1019.875212,info,IMU,3304.2171000000003,0.35546875,-0.95703125,9.35546875,-0.20703125,0.056640625,0.0390625,0.408203125,-0.08984375,-0.8427734375
1019.896344,info,IMU,3304.2371000000003,0.484375,-0.6875,12.43359375,-0.21875,0.119140625,0.044921875,0.4111328125,-0.087890625,-0.8427734375
1019.915027,info,IMU,3304.2571000000003,0.36328125,-1.140625,9.53515625,-0.193359375,0.12890625,0.056640625,0.412109375,-0.083984375,-0.8447265625
1019.935287,info,IMU,3304.2771000000002,0.1328125,-1.44921875,13.05078125,-0.1640625,0.1796875,0.048828125,0.4140625,-0.078125,-0.84375
1019.955512,info,IMU,3304.2971000000002,0.3984375,-2.02734375,10.8046875,-0.244140625,0.263671875,0.056640625,0.4150390625,-0.0751953125,-0.83984375
1019.975078,info,IMU,3304.3171,0.5,-2.1171875,12.7890625,-0.162109375,0.216796875,0.05859375,0.4208984375,-0.072265625,-0.83984375
1019.996805,info,IMU,3304.3371,0.3515625,-2.1171875,11.51953125,-0.220703125,0.251953125,0.068359375,0.419921875,-0.0703125,-0.837890625
1020.015584,info,IMU,3304.3571,0.29296875,-2,12.203125,-0.138671875,0.25390625,0.064453125,0.4287109375,-0.0673828125,-0.8388671875
1020.035136,info,IMU,3304.3771,0.4765625,-1.35546875,12.05859375,-0.109375,0.197265625,0.06640625,0.4326171875,-0.0634765625,-0.8369140625
1020.055374,info,IMU,3304.3971,0.3203125,-1.24609375,10.99609375,-0.09765625,0.15625,0.076171875,0.4384765625,-0.0634765625,-0.8330078125
1020.075578,info,IMU,3304.4171,0.0703125,-1.7109375,9.6640625,-0.107421875,0.19921875,0.076171875,0.4423828125,-0.0625,-0.8330078125
1020.097304,info,IMU,3304.4371,-0.02734375,-1.51953125,10.05859375,-0.134765625,0.296875,0.07421875,0.44921875,-0.056640625,-0.8291015625
1020.115429,info,IMU,3304.4571,-0.35546875,-1.33203125,9.4296875,-0.09765625,0.333984375,0.076171875,0.4560546875,-0.0576171875,-0.8291015625
1020.135035,info,IMU,3304.4771,-0.703125,-1.5,9.68359375,-0.091796875,0.322265625,0.07421875,0.462890625,-0.056640625,-0.826171875
1020.155278,info,IMU,3304.4971,-0.44140625,-1.84765625,9.9296875,-0.0859375,0.37890625,0.076171875,0.470703125,-0.0537109375,-0.8232421875
1020.175474,info,IMU,3304.5171,-0.32421875,-1.8828125,10.2734375,-0.0625,0.36328125,0.08203125,0.474609375,-0.0546875,-0.8193359375
1020.197577,info,IMU,3304.5371,-0.17578125,-1.640625,10.94921875,-0.0625,0.357421875,0.083984375,0.484375,-0.0517578125,-0.8173828125
1020.215305,info,IMU,3304.5571,-0.2734375,-1.7890625,10.4296875,-0.1484375,0.37890625,0.083984375,0.4912109375,-0.05078125,-0.8125
1020.235548,info,IMU,3304.5771,-0.3203125,-1.984375,10.43359375,-0.109375,0.31640625,0.083984375,0.49609375,-0.046875,-0.8134765625
1020.255143,info,IMU,3304.5971,-0.24609375,-1.59375,11.25,-0.1015625,0.3046875,0.091796875,0.5029296875,-0.0478515625,-0.8115234375
1020.275362,info,IMU,3304.6171,-0.48046875,-1.24609375,10.91015625,-0.048828125,0.263671875,0.091796875,0.5078125,-0.0458984375,-0.80859375
1020.297959,info,IMU,3304.6371,-0.6015625,-1.1484375,9.93359375,-0.03515625,0.2421875,0.09375,0.513671875,-0.044921875,-0.8046875
1020.315202,info,IMU,3304.6571,-0.51953125,-0.9921875,8.953125,-0.013671875,0.220703125,0.087890625,0.517578125,-0.044921875,-0.8017578125
1020.335411,info,IMU,3304.6771,-0.8359375,-1.0078125,9.63671875,-0.099609375,0.2421875,0.091796875,0.5224609375,-0.044921875,-0.80078125
1020.355024,info,IMU,3304.6971000000003,-1.046875,-1.26171875,7.92578125,-0.015625,0.236328125,0.091796875,0.5302734375,-0.0458984375,-0.798828125
1020.375248,info,IMU,3304.7171000000003,-1.0390625,-0.96484375,9.375,-0.048828125,0.24609375,0.0859375,0.5341796875,-0.044921875,-0.7978515625
1020.395442,info,IMU,3304.7371000000003,-1,-0.9921875,8.09765625,-0.0859375,0.259765625,0.095703125,0.537109375,-0.044921875,-0.7939453125
1020.415056,info,IMU,3304.7571000000003,-1.0078125,-0.66796875,9.43359375,-0.08984375,0.216796875,0.09375,0.5439453125,-0.0439453125,-0.791015625
1020.435357,info,IMU,3304.7771000000002,-0.80078125,-0.625,8.9140625,-0.0859375,0.154296875,0.09375,0.5478515625,-0.04296875,-0.791015625
1020.455582,info,IMU,3304.7971000000002,-0.93359375,-1.0390625,9.0234375,-0.072265625,0.181640625,0.09375,0.5498046875,-0.0419921875,-0.787109375
1020.475116,info,IMU,3304.8171,-0.6484375,-1.265625,9.1328125,-0.0625,0.169921875,0.091796875,0.5537109375,-0.04296875,-0.7861328125
1020.495346,info,IMU,3304.8371,-0.96875,-1.07421875,9.89453125,-0.095703125,0.08203125,0.08984375,0.5546875,-0.0439453125,-0.7861328125
1020.515568,info,IMU,3304.8571,-0.97265625,-1.1875,8.6640625,-0.04296875,0.0859375,0.095703125,0.556640625,-0.0439453125,-0.783203125
1020.535156,info,IMU,3304.8771,-0.89453125,-0.65625,9.375,0.04296875,0.060546875,0.091796875,0.5595703125,-0.0419921875,-0.783203125
1020.555450,info,IMU,3304.8971,-1.03515625,-0.3828125,9.11328125,-0.017578125,0.05859375,0.099609375,0.5625,-0.0439453125,-0.783203125
1020.575008,info,IMU,3304.9171,-0.93359375,-0.55078125,8.3984375,0.005859375,0.046875,0.095703125,0.5615234375,-0.044921875,-0.7822265625
1020.595244,info,IMU,3304.9371,-0.90234375,-0.484375,9.3828125,-0.02734375,0.033203125,0.08984375,0.5615234375,-0.0439453125,-0.783203125
1020.615453,info,IMU,3304.9571,-1.19140625,-0.61328125,9.06640625,-0.048828125,0.025390625,0.091796875,0.564453125,-0.044921875,-0.7802734375
1020.635062,info,IMU,3304.9771,-1.16796875,-0.46484375,9.80078125,-0.0390625,0.021484375,0.091796875,0.564453125,-0.046875,-0.78125
1020.655301,info,IMU,3304.9971,-1.0703125,-0.3125,8.9140625,-0.01953125,0.01171875,0.08984375,0.5673828125,-0.044921875,-0.7802734375
1020.675504,info,IMU,3305.0171,-1.25390625,-0.73828125,8.2890625,-0.048828125,-0.0078125,0.08984375,0.5654296875,-0.0478515625,-0.7802734375
1020.695122,info,IMU,3305.0371,-1.0390625,-0.6875,9.375,-0.0859375,-0.05078125,0.0859375,0.564453125,-0.046875,-0.78125
1020.715347,info,IMU,3305.0571,-1.2890625,-0.59375,9.4765625,-0.02734375,-0.111328125,0.078125,0.5654296875,-0.048828125,-0.78125
1020.735556,info,IMU,3305.0771,-1.34765625,-0.44921875,8.27734375,0.0234375,-0.11328125,0.076171875,0.560546875,-0.048828125,-0.7822265625
1020.755159,info,IMU,3305.0971,-1.2734375,-0.3515625,8.78515625,0.001953125,-0.095703125,0.078125,0.55859375,-0.048828125,-0.7822265625
1020.775393,info,IMU,3305.1171,-1.2109375,-0.1875,8.4296875,0.01171875,-0.14453125,0.083984375,0.5546875,-0.05078125,-0.7861328125
1020.795011,info,IMU,3305.1371,-0.83203125,0.2890625,9.78515625,0.01953125,-0.166015625,0.072265625,0.5537109375,-0.05078125,-0.7861328125
1020.815252,info,IMU,3305.1571,-0.85546875,-0.1484375,7.55078125,0.0859375,-0.234375,0.068359375,0.55078125,-0.05078125,-0.787109375
1020.835449,info,IMU,3305.1771,-1.48046875,-0.5859375,7.71875,0.033203125,-0.234375,0.056640625,0.548828125,-0.052734375,-0.7880859375
1020.855089,info,IMU,3305.1971000000003,-1.515625,-0.38671875,7.3828125,-0.03515625,-0.24609375,0.056640625,0.5439453125,-0.0517578125,-0.7900390625
1020.875290,info,IMU,3305.2171000000003,-1.37890625,0.015625,8.62109375,-0.0078125,-0.2578125,0.052734375,0.5419921875,-0.0537109375,-0.79296875
1020.895550,info,IMU,3305.2371000000003,-1.3828125,-0.1796875,8.71484375,0.005859375,-0.18359375,0.046875,0.5380859375,-0.0537109375,-0.7958984375
1020.915107,info,IMU,3305.2571000000003,-1.31640625,-0.4921875,8.30859375,0.021484375,-0.185546875,0.0390625,0.533203125,-0.05859375,-0.7939453125
1020.935328,info,IMU,3305.2771000000002,-1.1953125,-0.41796875,9.16015625,0.021484375,-0.21875,0.03125,0.5283203125,-0.0556640625,-0.798828125
1020.955586,info,IMU,3305.2971000000002,-1.48828125,-0.6875,9.8125,-0.00390625,-0.234375,0.02734375,0.525390625,-0.060546875,-0.802734375
1020.975134,info,IMU,3305.3171,-1.765625,-0.73046875,8.7265625,0.052734375,-0.30078125,0.015625,0.51953125,-0.056640625,-0.80078125
1020.995373,info,IMU,3305.3371,-1.32421875,-0.56640625,10.1328125,-0.001953125,-0.234375,0.01953125,0.515625,-0.05859375,-0.8037109375
1021.015599,info,IMU,3305.3571,-0.76953125,-0.296875,9.8359375,0.01171875,-0.259765625,0.017578125,0.5107421875,-0.05859375,-0.8037109375
1021.035261,info,IMU,3305.3771,-0.9375,-0.24609375,10.68359375,0.048828125,-0.279296875,0.013671875,0.50390625,-0.0625,-0.80859375
1021.055434,info,IMU,3305.3971,-0.97265625,-0.0625,9.484375,0.080078125,-0.263671875,-0.00390625,0.498046875,-0.060546875,-0.8125
1021.075032,info,IMU,3305.4171,-0.8203125,-0.3671875,10.13671875,0.072265625,-0.287109375,-0.01171875,0.4931640625,-0.0625,-0.8134765625
1021.095533,info,IMU,3305.4371,-1.14453125,-0.77734375,9.859375,0.064453125,-0.294921875,-0.013671875,0.4892578125,-0.0634765625,-0.8134765625
1021.115527,info,IMU,3305.4571,-1.20703125,-0.57421875,9.6796875,0.0546875,-0.3125,-0.017578125,0.48046875,-0.0625,-0.81640625
1021.135098,info,IMU,3305.4771,-0.734375,-0.1015625,10.47265625,0.03515625,-0.2890625,-0.0234375,0.48046875,-0.0634765625,-0.8203125
1021.155330,info,IMU,3305.4971,-0.45703125,-0.51171875,10.4296875,0.048828125,-0.25,-0.02734375,0.4716796875,-0.064453125,-0.822265625
1021.175554,info,IMU,3305.5171,-0.7890625,-1.00390625,10.1796875,0.076171875,-0.26171875,-0.03125,0.466796875,-0.0634765625,-0.82421875
1021.195156,info,IMU,3305.5371,-0.953125,-1.21875,10.18359375,0.01171875,-0.2421875,-0.041015625,0.4638671875,-0.0634765625,-0.82421875
1021.215370,info,IMU,3305.5571,-0.78125,-1.1875,10.28515625,-0.005859375,-0.22265625,-0.044921875,0.4580078125,-0.064453125,-0.826171875
1021.235566,info,IMU,3305.5771,-0.6953125,-1.3359375,11.7265625,-0.025390625,-0.16796875,-0.044921875,0.4560546875,-0.06640625,-0.826171875
1021.255253,info,IMU,3305.5971,-0.69921875,-1.36328125,10.8828125,0.025390625,-0.17578125,-0.048828125,0.451171875,-0.0634765625,-0.828125
1021.275411,info,IMU,3305.6171,-0.4921875,-1.5625,11.99609375,-0.056640625,-0.16015625,-0.052734375,0.4501953125,-0.064453125,-0.8291015625
1021.295001,info,IMU,3305.6371,-0.25,-1.28515625,10.859375,0.013671875,-0.158203125,-0.0546875,0.4423828125,-0.0654296875,-0.83203125
1021.315269,info,IMU,3305.6571,-0.3671875,-1.19921875,11.80859375,-0.025390625,-0.095703125,-0.05859375,0.4443359375,-0.06640625,-0.83203125
1021.335516,info,IMU,3305.6771,-0.30078125,-1.02734375,10.8671875,-0.01171875,-0.1484375,-0.060546875,0.44140625,-0.060546875,-0.83203125
1021.355091,info,IMU,3305.6971000000003,-0.4375,-1.14453125,12.1640625,-0.07421875,-0.111328125,-0.0546875,0.439453125,-0.0625,-0.833984375
1021.375291,info,IMU,3305.7171000000003,-0.296875,-1.13671875,10.703125,0.04296875,-0.091796875,-0.060546875,0.4404296875,-0.0595703125,-0.8330078125
1021.395541,info,IMU,3305.7371000000003,-0.18359375,-0.75390625,11.97265625,-0.005859375,-0.044921875,-0.0546875,0.4365234375,-0.0595703125,-0.8359375
1021.415139,info,IMU,3305.7571000000003,-0.046875,-0.91015625,10.64453125,0.00390625,-0.02734375,-0.0546875,0.4345703125,-0.0576171875,-0.8369140625
1021.435419,info,IMU,3305.7771000000002,-0.0234375,-0.9921875,12.53125,-0.052734375,0.001953125,-0.056640625,0.431640625,-0.0576171875,-0.8349609375
1021.455555,info,IMU,3305.7971000000002,-0.01171875,-1.51171875,10.44140625,-0.041015625,0.04296875,-0.0546875,0.4345703125,-0.056640625,-0.8369140625
1021.475410,info,IMU,3305.8171,-0.0078125,-1.35546875,12.296875,-0.080078125,0.041015625,-0.052734375,0.43359375,-0.056640625,-0.8359375
1021.495413,info,IMU,3305.8371,0.14453125,-1.78515625,10.77734375,-0.12890625,0.111328125,-0.04296875,0.4365234375,-0.0537109375,-0.8359375
1021.515023,info,IMU,3305.8571,0.19140625,-1.0546875,12.328125,0.029296875,-0.0234375,-0.048828125,0.4345703125,-0.0498046875,-0.833984375
1021.535411,info,IMU,3305.8771,-0.08203125,-1.0703125,11.109375,-0.140625,0.03125,-0.03515625,0.435546875,-0.0517578125,-0.833984375
1021.555479,info,IMU,3305.8971,-0.12890625,-1.1484375,9.2734375,0.01953125,-0.056640625,-0.03515625,0.4375,-0.048828125,-0.8369140625
1021.575073,info,IMU,3305.9171,-0.4765625,-0.6796875,10.59765625,-0.150390625,0.01953125,-0.03125,0.4384765625,-0.046875,-0.833984375
1021.595305,info,IMU,3305.9371,-0.37890625,-1.33203125,7.80078125,-0.0703125,0.126953125,-0.03125,0.44140625,-0.0458984375,-0.8349609375
1021.615558,info,IMU,3305.9571,-0.33203125,-1.3046875,11.37890625,-0.078125,0.2109375,-0.03125,0.443359375,-0.0439453125,-0.8349609375
1021.635119,info,IMU,3305.9771,0.14453125,-1.33984375,10.859375,-0.0546875,0.236328125,-0.021484375,0.4462890625,-0.0419921875,-0.833984375
1021.655353,info,IMU,3305.9971,0.203125,-1.1171875,12.140625,-0.080078125,0.15234375,-0.015625,0.451171875,-0.0400390625,-0.8330078125
1021.675580,info,IMU,3306.0171,0.54296875,-1.26171875,11.01171875,-0.068359375,0.111328125,-0.01171875,0.453125,-0.0380859375,-0.8310546875
1021.695195,info,IMU,3306.0371,0.5078125,-1.12890625,12.140625,-0.142578125,0.140625,-0.001953125,0.455078125,-0.037109375,-0.8291015625
1021.716961,info,IMU,3306.0571,0.14453125,-1.61328125,9.6875,-0.0625,0.0859375,-0.001953125,0.458984375,-0.03515625,-0.8271484375
1021.735027,info,IMU,3306.0771,-0.1953125,-1.10546875,11.6796875,-0.1015625,0.15234375,-0,0.4609375,-0.03515625,-0.826171875
1021.755261,info,IMU,3306.0971,-0.25390625,-0.7421875,8.703125,-0.037109375,0.130859375,0.005859375,0.46484375,-0.0361328125,-0.8251953125
1021.775457,info,IMU,3306.1171,-0.5625,-0.75,10.00390625,-0.0234375,0.177734375,0.01171875,0.46875,-0.0322265625,-0.82421875
1021.795073,info,IMU,3306.1371,-0.4296875,-0.8359375,7.3828125,-0.076171875,0.232421875,0.01953125,0.4697265625,-0.03125,-0.8212890625
1021.815278,info,IMU,3306.1571,-0.4921875,-1.08984375,9.41796875,-0.056640625,0.26171875,0.01953125,0.4775390625,-0.0283203125,-0.8232421875
1021.835546,info,IMU,3306.1771,-0.06640625,-1.20703125,10.1015625,-0.076171875,0.265625,0.0234375,0.4814453125,-0.03125,-0.818359375
1021.855113,info,IMU,3306.1971000000003,-0.03125,-0.9296875,10.57421875,-0.033203125,0.18359375,0.03515625,0.4833984375,-0.0302734375,-0.8193359375
1021.875461,info,IMU,3306.2171000000003,-0.078125,-1.05859375,10.15625,-0.046875,0.177734375,0.044921875,0.4892578125,-0.0302734375,-0.8154296875
1021.896773,info,IMU,3306.2371000000003,0.03515625,-0.828125,9.78515625,-0.03125,0.169921875,0.05078125,0.494140625,-0.0283203125,-0.8134765625
1021.915199,info,IMU,3306.2571000000003,-0.25,-1.06640625,10.6796875,-0,0.189453125,0.052734375,0.49609375,-0.029296875,-0.810546875
1021.935398,info,IMU,3306.2771000000002,-0.3671875,-0.921875,9.9765625,-0.009765625,0.162109375,0.05078125,0.5009765625,-0.0283203125,-0.8115234375
1021.955018,info,IMU,3306.2971000000002,-0.46875,-0.5625,11.21484375,-0.03515625,0.16015625,0.056640625,0.50390625,-0.0302734375,-0.810546875
1021.975235,info,IMU,3306.3171,-0.4375,-0.79296875,9.18359375,0.02734375,0.158203125,0.0625,0.5087890625,-0.029296875,-0.80859375
1021.995459,info,IMU,3306.3371,-0.51171875,-0.60546875,10,0.037109375,0.154296875,0.06640625,0.505859375,-0.0322265625,-0.80859375
1022.015039,info,IMU,3306.3571,-0.73828125,-0.56640625,8.3359375,0.0078125,0.1328125,0.0703125,0.509765625,-0.0302734375,-0.8056640625
1022.035308,info,IMU,3306.3771,-1.015625,-0.71484375,8.59765625,0.041015625,0.064453125,0.064453125,0.513671875,-0.0322265625,-0.802734375
1022.055533,info,IMU,3306.3971,-1.18359375,-0.75,7.7578125,-0.0078125,0.10546875,0.06640625,0.517578125,-0.033203125,-0.8046875
1022.075091,info,IMU,3306.4171,-1.51953125,-0.65625,8.40234375,0.02734375,0.1328125,0.072265625,0.51953125,-0.0341796875,-0.802734375
1022.095362,info,IMU,3306.4371,-1.2890625,-0.5078125,8.55859375,0.005859375,0.091796875,0.0703125,0.5185546875,-0.037109375,-0.8037109375
1022.115546,info,IMU,3306.4571,-0.89453125,-0.44921875,9.58984375,-0.017578125,0.125,0.07421875,0.5166015625,-0.037109375,-0.802734375
1022.135132,info,IMU,3306.4771,-0.61328125,-0.64453125,8.96875,0.021484375,0.0859375,0.076171875,0.521484375,-0.0380859375,-0.8017578125
1022.155402,info,IMU,3306.4971,-1.01171875,-0.609375,9.3046875,0.01953125,0.04296875,0.072265625,0.5205078125,-0.0400390625,-0.8017578125
1022.175016,info,IMU,3306.5171,-1.01171875,-0.4609375,9.29296875,0.046875,-0,0.072265625,0.521484375,-0.041015625,-0.8017578125
1022.195208,info,IMU,3306.5371,-1.03515625,-0.63671875,9.37890625,0.00390625,-0.048828125,0.068359375,0.5205078125,-0.04296875,-0.80078125
1022.215782,info,IMU,3306.5571,-1.0703125,-1.0859375,9.91796875,0.06640625,-0.03125,0.072265625,0.5224609375,-0.044921875,-0.802734375
1022.235029,info,IMU,3306.5771,-0.79296875,-0.359375,9.55078125,0.068359375,-0.11328125,0.072265625,0.51953125,-0.0498046875,-0.80078125
1022.255283,info,IMU,3306.5971,-1.078125,-0.70703125,9.4375,0.140625,-0.15234375,0.072265625,0.51953125,-0.0478515625,-0.7998046875
1022.275545,info,IMU,3306.6171,-1.19140625,-0.81640625,7.5546875,0.103515625,-0.169921875,0.06640625,0.5166015625,-0.05078125,-0.8037109375
1022.295092,info,IMU,3306.6371,-1.1875,-0.41796875,8.79296875,0.09765625,-0.103515625,0.060546875,0.513671875,-0.0537109375,-0.806640625
1022.316221,info,IMU,3306.6571,-1.31640625,-0.41015625,7.05078125,0.142578125,-0.14453125,0.060546875,0.5126953125,-0.0576171875,-0.8046875
1022.335564,info,IMU,3306.6771,-1.4296875,-0.1171875,8.95703125,0.1015625,-0.181640625,0.052734375,0.509765625,-0.05859375,-0.8095703125
1022.355156,info,IMU,3306.6971000000003,-1.1171875,-0.4140625,7.41796875,0.09375,-0.173828125,0.048828125,0.5078125,-0.05859375,-0.8095703125
1022.375379,info,IMU,3306.7171000000003,-1.11328125,-0.38671875,8.6640625,0.150390625,-0.1796875,0.041015625,0.5048828125,-0.0654296875,-0.806640625
1022.395002,info,IMU,3306.7371000000003,-1.19921875,-0.609375,8.24609375,0.119140625,-0.115234375,0.0390625,0.5009765625,-0.068359375,-0.8095703125
1022.416614,info,IMU,3306.7571000000003,-1.28515625,-0.91015625,8.203125,0.154296875,-0.154296875,0.03125,0.4990234375,-0.0693359375,-0.8115234375
1022.435452,info,IMU,3306.7771000000002,-1.109375,-0.85546875,8.24609375,0.138671875,-0.185546875,0.03125,0.4931640625,-0.0703125,-0.8125
1022.455202,info,IMU,3306.7971000000002,-1.01953125,-0.765625,9.30078125,0.091796875,-0.15625,0.029296875,0.48828125,-0.0751953125,-0.814453125
1022.475339,info,IMU,3306.8171,-0.96484375,-0.6875,9.54296875,0.171875,-0.236328125,0.017578125,0.48828125,-0.0791015625,-0.81640625
1022.497032,info,IMU,3306.8371,-1.0234375,-0.83203125,9.50390625,0.099609375,-0.18359375,0.01171875,0.4853515625,-0.0810546875,-0.8173828125
1022.515095,info,IMU,3306.8571,-0.75390625,-0.421875,8.5,0.1640625,-0.234375,0.009765625,0.48046875,-0.083984375,-0.818359375
1022.535314,info,IMU,3306.8771,-0.9140625,-0.3125,9.6875,0.1328125,-0.224609375,0.001953125,0.4775390625,-0.087890625,-0.8193359375
1022.555536,info,IMU,3306.8971,-1.0859375,-0.609375,6.84765625,0.24609375,-0.23046875,-0.0078125,0.47265625,-0.08984375,-0.8232421875
1022.575154,info,IMU,3306.9171,-0.98046875,-0.33984375,9.90234375,0.171875,-0.166015625,-0.01171875,0.466796875,-0.091796875,-0.822265625
1022.597421,info,IMU,3306.9371,-0.9921875,-0.62890625,7.33984375,0.193359375,-0.15234375,-0.013671875,0.46484375,-0.0966796875,-0.822265625
1022.614992,info,IMU,3306.9571,-0.98828125,-0.32421875,9.37890625,0.162109375,-0.1796875,-0.02734375,0.4619140625,-0.099609375,-0.8212890625
1022.635213,info,IMU,3306.9771,-0.70703125,-0.48046875,8.5546875,0.07421875,-0.076171875,-0.029296875,0.4599609375,-0.1015625,-0.826171875
1022.655432,info,IMU,3306.9971,-0.6484375,-0.7578125,9.71875,0.138671875,-0.060546875,-0.03125,0.455078125,-0.1064453125,-0.826171875
1022.675025,info,IMU,3307.0171,-0.74609375,-0.8046875,10.28125,0.158203125,-0.072265625,-0.041015625,0.4541015625,-0.1103515625,-0.8271484375
1022.697752,info,IMU,3307.0371,-0.5,-0.765625,9.92578125,0.140625,-0.04296875,-0.037109375,0.4541015625,-0.1103515625,-0.8271484375
1022.715508,info,IMU,3307.0571,-0.43359375,-0.79296875,9.3671875,0.189453125,-0.123046875,-0.0390625,0.4541015625,-0.1123046875,-0.8271484375
1022.735081,info,IMU,3307.0771,-0.40234375,-0.86328125,11.578125,0.125,0.00390625,-0.046875,0.44921875,-0.1181640625,-0.8251953125
1022.755313,info,IMU,3307.0971,-0.39453125,-0.75,10.0234375,0.185546875,-0.052734375,-0.05078125,0.44921875,-0.12109375,-0.826171875
1022.775560,info,IMU,3307.1171,-0.578125,-0.28515625,11.5,0.16015625,-0.056640625,-0.05078125,0.4501953125,-0.1220703125,-0.8251953125
1022.795141,info,IMU,3307.1371,-0.49609375,-0.453125,8.984375,0.15234375,-0.029296875,-0.046875,0.447265625,-0.1240234375,-0.828125
1022.815384,info,IMU,3307.1571,-0.515625,-0.48828125,9.5546875,0.240234375,-0.083984375,-0.05078125,0.44921875,-0.1279296875,-0.828125
1022.834996,info,IMU,3307.1771,-0.5625,-0.640625,9.63671875,0.12109375,0.033203125,-0.052734375,0.4501953125,-0.1298828125,-0.8251953125
1022.855215,info,IMU,3307.1971000000003,-0.69921875,-0.67578125,8.68359375,0.150390625,0.005859375,-0.05859375,0.4501953125,-0.1337890625,-0.826171875
1022.875403,info,IMU,3307.2171000000003,-0.72265625,-0.6796875,11.0390625,0.10546875,0.130859375,-0.0546875,0.451171875,-0.13671875,-0.8251953125
1022.894997,info,IMU,3307.2371000000003,-0.43359375,-0.61328125,9.4609375,0.078125,0.1796875,-0.052734375,0.4541015625,-0.1376953125,-0.82421875
1022.915274,info,IMU,3307.2571000000003,-0.359375,-0.73046875,10.97265625,0.09375,0.1484375,-0.052734375,0.45703125,-0.1396484375,-0.8212890625
1022.935501,info,IMU,3307.2771000000002,-0.2109375,-0.9140625,10.12890625,0.03125,0.20703125,-0.052734375,0.45703125,-0.1396484375,-0.8203125
1022.955064,info,IMU,3307.2971000000002,-0.0625,-0.609375,10.9765625,0.083984375,0.125,-0.05078125,0.462890625,-0.142578125,-0.822265625
1022.975296,info,IMU,3307.3171,-0.5,-0.765625,10.72265625,0.056640625,0.12890625,-0.05078125,0.4619140625,-0.1416015625,-0.8173828125
1022.995524,info,IMU,3307.3371,-0.6640625,-0.59765625,8.8828125,0.08984375,0.103515625,-0.044921875,0.46875,-0.142578125,-0.81640625
1023.015509,info,IMU,3307.3571,-0.71875,-0.49609375,10.453125,0.03125,0.15625,-0.046875,0.47265625,-0.1435546875,-0.81640625
1023.035351,info,IMU,3307.3771,-0.609375,-0.8359375,8.33203125,0.064453125,0.21484375,-0.03515625,0.4775390625,-0.14453125,-0.8134765625
1023.054964,info,IMU,3307.3971,-0.5546875,-0.10546875,10.2265625,0.056640625,0.232421875,-0.037109375,0.482421875,-0.142578125,-0.8125
1023.075187,info,IMU,3307.4171,-0.6875,-0.328125,8.6015625,0.001953125,0.21484375,-0.0390625,0.484375,-0.1435546875,-0.8095703125
1023.095421,info,IMU,3307.4371,-0.734375,-0.4765625,9.64453125,-0.025390625,0.193359375,-0.0390625,0.490234375,-0.14453125,-0.8076171875
1023.115035,info,IMU,3307.4571,-0.64453125,-0.49609375,8.734375,-0.001953125,0.24609375,-0.029296875,0.4951171875,-0.140625,-0.8056640625
1023.135267,info,IMU,3307.4771,-0.88671875,-0.34375,9.26953125,-0.0546875,0.271484375,-0.021484375,0.4970703125,-0.140625,-0.806640625
1023.155465,info,IMU,3307.4971,-0.72265625,-0.69921875,9.4140625,-0.087890625,0.234375,-0.021484375,0.50390625,-0.142578125,-0.8046875
1023.175283,info,IMU,3307.5171,-0.48828125,-1.046875,10.08984375,-0.171875,0.318359375,-0.017578125,0.5068359375,-0.1416015625,-0.7998046875
1023.195303,info,IMU,3307.5371,-0.4375,-0.859375,9.52734375,-0.029296875,0.263671875,-0.017578125,0.513671875,-0.138671875,-0.7998046875
1023.215559,info,IMU,3307.5571,-0.65234375,-0.42578125,12.25,-0.130859375,0.267578125,-0.015625,0.517578125,-0.13671875,-0.796875
1023.235114,info,IMU,3307.5771,-0.8125,-0.79296875,9.12890625,-0.0703125,0.201171875,-0.001953125,0.521484375,-0.134765625,-0.7958984375
1023.255331,info,IMU,3307.5971,-0.65234375,-0.6484375,11.29296875,-0.11328125,0.162109375,0.005859375,0.52734375,-0.1337890625,-0.794921875
1023.274985,info,IMU,3307.6171,-0.46484375,-0.5703125,8.64453125,-0.06640625,0.208984375,0.013671875,0.5302734375,-0.1298828125,-0.7919921875
1023.295178,info,IMU,3307.6371,-0.875,-0.5703125,9.61328125,-0.103515625,0.203125,0.017578125,0.533203125,-0.12890625,-0.791015625
1023.319373,info,IMU,3307.6571,-0.90625,-0.6640625,8.91796875,-0.126953125,0.173828125,0.015625,0.5361328125,-0.1259765625,-0.7900390625
1023.334983,info,IMU,3307.6771,-0.6171875,-0.5,9.89453125,-0.177734375,0.1640625,0.025390625,0.5390625,-0.1240234375,-0.78515625
1023.355264,info,IMU,3307.6971000000003,-0.578125,-0.4375,8.75390625,-0.083984375,0.072265625,0.029296875,0.5439453125,-0.1220703125,-0.7861328125
1023.375465,info,IMU,3307.7171000000003,-0.94921875,-0.51953125,9.4375,-0.1875,0.091796875,0.046875,0.544921875,-0.1181640625,-0.78515625
1023.395052,info,IMU,3307.7371000000003,-0.5703125,-0.40625,7.59375,-0.107421875,0.0546875,0.048828125,0.5458984375,-0.115234375,-0.7841796875
1023.415274,info,IMU,3307.7571000000003,-0.65625,-0.3359375,9.8671875,-0.1640625,0.05078125,0.048828125,0.5478515625,-0.1123046875,-0.783203125
1023.435534,info,IMU,3307.7771000000002,-1.12109375,-1.1796875,7.96875,-0.232421875,0.06640625,0.052734375,0.548828125,-0.1103515625,-0.783203125
1023.455131,info,IMU,3307.7971000000002,-1.44921875,-0.9453125,9.99609375,-0.205078125,-0.01171875,0.0546875,0.55078125,-0.107421875,-0.783203125
1023.475348,info,IMU,3307.8171,-1.4921875,-0.79296875,9.02734375,-0.23046875,0.0625,0.06640625,0.548828125,-0.1005859375,-0.78515625
1023.495546,info,IMU,3307.8371,-1.015625,-0.42578125,8.59375,-0.21484375,0.0234375,0.080078125,0.552734375,-0.0986328125,-0.7861328125
1023.515176,info,IMU,3307.8571,-1.03125,-0.78125,9.04296875,-0.259765625,-0.0234375,0.091796875,0.552734375,-0.0986328125,-0.7861328125
1023.535386,info,IMU,3307.8771,-0.80078125,-0.64453125,10.1328125,-0.27734375,0.017578125,0.087890625,0.552734375,-0.0947265625,-0.7861328125
1023.555002,info,IMU,3307.8971,-0.91015625,-0.76953125,9.7109375,-0.201171875,-0.05078125,0.087890625,0.5498046875,-0.0927734375,-0.7861328125
1023.575241,info,IMU,3307.9171,-1.11328125,-0.84375,10.53515625,-0.185546875,-0.0546875,0.095703125,0.548828125,-0.087890625,-0.7890625
1023.595430,info,IMU,3307.9371,-1.05859375,-0.515625,8.91796875,-0.224609375,-0.134765625,0.107421875,0.5458984375,-0.0849609375,-0.7900390625
1023.615711,info,IMU,3307.9571,-0.765625,-0.3125,9.8046875,-0.1640625,-0.220703125,0.115234375,0.5439453125,-0.083984375,-0.787109375
1023.635305,info,IMU,3307.9771,-0.9765625,-0.76953125,8.96875,-0.21484375,-0.171875,0.119140625,0.541015625,-0.078125,-0.7939453125
1023.655527,info,IMU,3307.9971,-1.13671875,-1.25390625,8.59375,-0.111328125,-0.20703125,0.111328125,0.5390625,-0.080078125,-0.79296875
1023.675098,info,IMU,3308.0171,-1.07421875,-1.20703125,10.109375,-0.20703125,-0.16015625,0.11328125,0.5341796875,-0.0732421875,-0.794921875
1023.695468,info,IMU,3308.0371,-1.0078125,-1.5078125,8.2734375,-0.1796875,-0.189453125,0.119140625,0.529296875,-0.0732421875,-0.7958984375
1023.715551,info,IMU,3308.0571,-1.078125,-1.63671875,10.2109375,-0.208984375,-0.19921875,0.130859375,0.5302734375,-0.072265625,-0.80078125
1023.735132,info,IMU,3308.0771,-0.92578125,-1.171875,9.69921875,-0.171875,-0.1875,0.126953125,0.525390625,-0.06640625,-0.8017578125
1023.755430,info,IMU,3308.0971,-0.8046875,-0.9765625,9.46484375,-0.13671875,-0.23828125,0.13671875,0.5166015625,-0.0654296875,-0.8017578125
1023.775007,info,IMU,3308.1171,-1.0078125,-1.33203125,9.4296875,-0.12890625,-0.236328125,0.130859375,0.515625,-0.0625,-0.8037109375
1023.795206,info,IMU,3308.1371,-0.8046875,-1.21484375,9.16796875,-0.16015625,-0.216796875,0.1328125,0.509765625,-0.0615234375,-0.8037109375
1023.815429,info,IMU,3308.1571,-0.7265625,-1.125,9.88671875,-0.146484375,-0.234375,0.13671875,0.5068359375,-0.0595703125,-0.8095703125
1023.835027,info,IMU,3308.1771,-0.6796875,-1.140625,9.8984375,-0.158203125,-0.232421875,0.14453125,0.5,-0.056640625,-0.80859375
1023.855256,info,IMU,3308.1971000000003,-0.48828125,-1.171875,10.91796875,-0.126953125,-0.216796875,0.134765625,0.4990234375,-0.0576171875,-0.8115234375
1023.875510,info,IMU,3308.2171000000003,-0.4921875,-1.3828125,11.53515625,-0.083984375,-0.2109375,0.130859375,0.4931640625,-0.0556640625,-0.8115234375
1023.895075,info,IMU,3308.2371000000003,-0.48828125,-0.98828125,10.42578125,-0.044921875,-0.220703125,0.138671875,0.4892578125,-0.0546875,-0.8154296875
1023.915298,info,IMU,3308.2571000000003,-0.92578125,-1.17578125,10.47265625,-0.02734375,-0.16015625,0.134765625,0.48828125,-0.0537109375,-0.81640625
1023.935522,info,IMU,3308.2771000000002,-1.10546875,-1.08203125,8.7734375,-0.013671875,-0.16796875,0.126953125,0.482421875,-0.0546875,-0.8193359375
1023.955138,info,IMU,3308.2971000000002,-0.9140625,-1.10546875,10.23828125,-0.099609375,-0.12109375,0.126953125,0.4794921875,-0.0546875,-0.818359375
1023.975371,info,IMU,3308.3171,-0.70703125,-1.8359375,8.88671875,-0.0859375,-0.1328125,0.13671875,0.4736328125,-0.0556640625,-0.8212890625
1023.995159,info,IMU,3308.3371,-0.79296875,-1.65234375,10.2578125,-0.048828125,-0.1484375,0.138671875,0.46875,-0.0546875,-0.82421875
1024.015318,info,IMU,3308.3571,-0.4609375,-1.515625,9.4765625,-0.076171875,-0.09765625,0.13671875,0.46875,-0.056640625,-0.8232421875
1024.035426,info,IMU,3308.3771,-0.3671875,-1.234375,10.46875,-0.001953125,-0.13671875,0.13671875,0.466796875,-0.0556640625,-0.82421875
1024.055020,info,IMU,3308.3971,-0.3515625,-1.15234375,10.86328125,-0.001953125,-0.11328125,0.13671875,0.46484375,-0.05859375,-0.826171875
1024.075766,info,IMU,3308.4171,-0.5625,-0.97265625,10.12109375,0.1015625,-0.142578125,0.130859375,0.462890625,-0.05859375,-0.8251953125
1024.095503,info,IMU,3308.4371,-0.921875,-1.12890625,10.19140625,0.11328125,-0.130859375,0.12890625,0.4609375,-0.05859375,-0.8271484375
1024.115076,info,IMU,3308.4571,-0.6328125,-0.83203125,9.84765625,0.05859375,-0.052734375,0.12890625,0.4599609375,-0.0615234375,-0.828125
1024.135311,info,IMU,3308.4771,-0.65234375,-1.0625,9.67578125,0.103515625,-0.064453125,0.130859375,0.4599609375,-0.0654296875,-0.830078125
1024.155521,info,IMU,3308.4971,-0.765625,-1.03125,9.9296875,0.12109375,-0.048828125,0.125,0.4560546875,-0.0673828125,-0.828125
1024.175122,info,IMU,3308.5171,-0.8203125,-0.9375,9.0859375,0.1171875,0.009765625,0.125,0.4580078125,-0.072265625,-0.8291015625
1024.195351,info,IMU,3308.5371,-0.984375,-1.21484375,10.50390625,0.107421875,0.01953125,0.119140625,0.4580078125,-0.0751953125,-0.828125
1024.214987,info,IMU,3308.5571,-0.9921875,-1.40625,9.71484375,0.056640625,0.068359375,0.123046875,0.45703125,-0.0751953125,-0.8271484375
1024.235221,info,IMU,3308.5771,-0.82421875,-1.35546875,10.19921875,0.140625,0.02734375,0.123046875,0.455078125,-0.0791015625,-0.830078125
1024.255410,info,IMU,3308.5971,-0.62890625,-1.4375,10.60546875,0.076171875,0.06640625,0.123046875,0.453125,-0.0830078125,-0.828125
1024.274995,info,IMU,3308.6171,-0.73828125,-0.99609375,9.7890625,0.19140625,-0.046875,0.12109375,0.4541015625,-0.087890625,-0.8251953125
1024.295265,info,IMU,3308.6371,-1.12109375,-1.11328125,10.70703125,0.130859375,-0.017578125,0.119140625,0.453125,-0.0947265625,-0.826171875
1024.315482,info,IMU,3308.6571,-1.02734375,-0.71484375,7.8828125,0.232421875,-0.029296875,0.119140625,0.4560546875,-0.095703125,-0.826171875
1024.335104,info,IMU,3308.6771,-0.91796875,-0.53125,11.015625,0.171875,0.017578125,0.1171875,0.4560546875,-0.1005859375,-0.8251953125
1024.355321,info,IMU,3308.6971000000003,-0.51171875,-1.07421875,8.3125,0.228515625,0.017578125,0.125,0.455078125,-0.1044921875,-0.8271484375
1024.375524,info,IMU,3308.7171000000003,-0.609375,-0.46875,10.9921875,0.2890625,-0.06640625,0.123046875,0.4541015625,-0.1083984375,-0.8251953125
1024.395142,info,IMU,3308.7371000000003,-1.28515625,-0.8515625,7.609375,0.203125,-0.03515625,0.1171875,0.453125,-0.1142578125,-0.8271484375
1024.415374,info,IMU,3308.7571000000003,-1.21484375,-0.7734375,9.4140625,0.1484375,-0.01171875,0.107421875,0.4541015625,-0.1181640625,-0.8251953125
1024.434981,info,IMU,3308.7771000000002,-0.96484375,-0.91015625,9.13671875,0.134765625,0.02734375,0.11328125,0.453125,-0.1240234375,-0.82421875
1024.455185,info,IMU,3308.7971000000002,-1.42578125,-0.88671875,9.8828125,0.1875,0.0625,0.123046875,0.4521484375,-0.12890625,-0.826171875
1024.475389,info,IMU,3308.8171,-1.140625,-0.578125,9.15625,0.126953125,0.005859375,0.1171875,0.4521484375,-0.1318359375,-0.8271484375
1024.494999,info,IMU,3308.8371,-0.69921875,-0.515625,11.0078125,0.12109375,0.015625,0.1171875,0.4541015625,-0.1357421875,-0.82421875
1024.515239,info,IMU,3308.8571,-0.765625,-0.85546875,9.1640625,0.16015625,-0.03515625,0.11328125,0.447265625,-0.1357421875,-0.8271484375
1024.535479,info,IMU,3308.8771,-1.17578125,-0.75,11.3828125,0.15625,-0.00390625,0.119140625,0.44921875,-0.1474609375,-0.82421875
1024.555063,info,IMU,3308.8971,-0.99609375,-0.51953125,8.88671875,0.166015625,-0.048828125,0.119140625,0.4482421875,-0.1455078125,-0.8232421875
1024.575290,info,IMU,3308.9171,-0.8515625,-0.10546875,10.51953125,0.166015625,-0.115234375,0.12109375,0.4462890625,-0.15234375,-0.82421875
1024.595527,info,IMU,3308.9371,-0.66015625,-0.4140625,8.43359375,0.146484375,-0.095703125,0.126953125,0.4443359375,-0.154296875,-0.8251953125
1024.616818,info,IMU,3308.9571,-0.5390625,-0.125,9.7734375,0.19140625,-0.138671875,0.125,0.4482421875,-0.158203125,-0.8232421875
1024.635325,info,IMU,3308.9771,-0.85546875,-0.55859375,8.41796875,0.158203125,-0.1015625,0.1171875,0.4443359375,-0.1630859375,-0.82421875
1024.654956,info,IMU,3308.9971,-1.33984375,-0.5625,8.21484375,0.099609375,-0.146484375,0.109375,0.44140625,-0.166015625,-0.8251953125
1024.675201,info,IMU,3309.0171,-1.12890625,-0.33203125,9.484375,0.06640625,-0.119140625,0.119140625,0.4375,-0.1708984375,-0.82421875
1024.695397,info,IMU,3309.0371,-1.02734375,-0.62109375,9.75390625,0.046875,-0.0546875,0.125,0.4365234375,-0.169921875,-0.826171875
1024.715002,info,IMU,3309.0571,-0.984375,-0.671875,9.07421875,0.1015625,-0.0703125,0.119140625,0.4345703125,-0.173828125,-0.8251953125
1024.735248,info,IMU,3309.0771,-0.6796875,-0.58203125,10.03515625,-0.021484375,-0.037109375,0.12109375,0.4296875,-0.177734375,-0.826171875
1024.755481,info,IMU,3309.0971,-0.64453125,-0.8515625,9.0390625,0.00390625,-0.115234375,0.1171875,0.4296875,-0.177734375,-0.8271484375
1024.775063,info,IMU,3309.1171,-1.19140625,-0.859375,11.375,-0.03125,-0.068359375,0.119140625,0.423828125,-0.1787109375,-0.8271484375
1024.795273,info,IMU,3309.1371,-1.1328125,-0.42578125,8.99609375,0.017578125,-0.07421875,0.123046875,0.421875,-0.1796875,-0.826171875
1024.815544,info,IMU,3309.1571,-0.921875,-0.234375,10.8125,-0.029296875,-0.12109375,0.126953125,0.4208984375,-0.181640625,-0.8291015625
1024.835114,info,IMU,3309.1771,-0.5,-0.1328125,8.69140625,-0.04296875,-0.15625,0.130859375,0.4208984375,-0.1796875,-0.8291015625
1024.855337,info,IMU,3309.1971000000003,-0.1953125,0.10546875,10.4921875,-0.0234375,-0.134765625,0.12890625,0.41796875,-0.1826171875,-0.828125
1024.874931,info,IMU,3309.2171000000003,-0.55078125,-0.16015625,9.09375,0.0234375,-0.0859375,0.123046875,0.416015625,-0.181640625,-0.830078125
1024.895145,info,IMU,3309.2371000000003,-0.98828125,-0.32421875,9.6796875,-0.041015625,-0.013671875,0.123046875,0.4130859375,-0.1826171875,-0.8291015625
1024.915354,info,IMU,3309.2571000000003,-0.78125,-0.578125,9.06640625,-0.05859375,0.0078125,0.123046875,0.4140625,-0.181640625,-0.8291015625
1024.934979,info,IMU,3309.2771000000002,-0.21875,-0.2890625,11.49609375,-0.119140625,-0,0.13671875,0.4130859375,-0.181640625,-0.83203125
1024.955232,info,IMU,3309.2971000000002,-0.06640625,-0.63671875,9.4375,-0.107421875,-0.056640625,0.146484375,0.408203125,-0.1806640625,-0.8310546875
1024.975621,info,IMU,3309.3171,-0.08984375,-0.21875,12.0234375,-0.09765625,-0.05859375,0.13671875,0.40625,-0.1787109375,-0.8330078125
1024.995061,info,IMU,3309.3371,0.17578125,-0.47265625,10.9296875,-0.1875,-0.001953125,0.138671875,0.408203125,-0.1787109375,-0.8359375
1025.015283,info,IMU,3309.3571,-0.45703125,-0.54296875,11.4296875,-0.046875,-0.06640625,0.13671875,0.40625,-0.1787109375,-0.8330078125
1025.035546,info,IMU,3309.3771,-0.4921875,-0.5078125,11.125,-0.099609375,0.021484375,0.138671875,0.40625,-0.1796875,-0.8349609375
1025.055094,info,IMU,3309.3971,-0.15625,-0.40625,8.9921875,0.0078125,-0,0.14453125,0.4052734375,-0.1708984375,-0.8330078125
1025.075322,info,IMU,3309.4171,-0.375,-0.23046875,10.7890625,-0.1171875,0.046875,0.150390625,0.404296875,-0.1728515625,-0.8349609375
1025.094969,info,IMU,3309.4371,-0.19921875,-0.484375,9.05859375,-0.12109375,0.08203125,0.150390625,0.408203125,-0.1728515625,-0.833984375
1025.115172,info,IMU,3309.4571,-0.36328125,-0.68359375,10.66015625,-0.12890625,0.115234375,0.14453125,0.4091796875,-0.169921875,-0.8330078125
1025.135369,info,IMU,3309.4771,-0.19921875,-0.69921875,10.27734375,-0.1796875,0.189453125,0.1484375,0.41015625,-0.169921875,-0.833984375
1025.154978,info,IMU,3309.4971,0.03515625,-0.6328125,11.2109375,-0.224609375,0.173828125,0.15234375,0.41015625,-0.166015625,-0.833984375
1025.175223,info,IMU,3309.5171,0.453125,-0.48046875,10.98828125,-0.1875,0.078125,0.158203125,0.41796875,-0.1630859375,-0.83203125
1025.195425,info,IMU,3309.5371,0.265625,-0.46484375,11.4765625,-0.169921875,0.1015625,0.162109375,0.4189453125,-0.1640625,-0.8310546875
1025.215016,info,IMU,3309.5571,-0.390625,-0.82421875,9.04296875,-0.072265625,0.126953125,0.15625,0.42578125,-0.1611328125,-0.83203125
1025.235275,info,IMU,3309.5771,-0.44140625,-0.1171875,11.46875,-0.140625,0.265625,0.1484375,0.42578125,-0.1611328125,-0.8310546875
1025.255487,info,IMU,3309.5971,-0.46484375,-0.453125,9.51171875,-0.1328125,0.275390625,0.15625,0.4296875,-0.1611328125,-0.828125
1025.275214,info,IMU,3309.6171,-0.65625,-0.46484375,10.9375,-0.08984375,0.248046875,0.154296875,0.4365234375,-0.15625,-0.826171875
1025.295347,info,IMU,3309.6371,-0.30859375,-0.48046875,10.25390625,-0.095703125,0.353515625,0.16015625,0.4375,-0.15625,-0.8251953125
1025.314960,info,IMU,3309.6571,-0.23046875,-0.42578125,9.4921875,-0.029296875,0.322265625,0.158203125,0.4462890625,-0.1552734375,-0.8251953125
1025.335139,info,IMU,3309.6771,-0.5234375,-0.57421875,10.48046875,-0.146484375,0.380859375,0.154296875,0.451171875,-0.1533203125,-0.8212890625
1025.355365,info,IMU,3309.6971000000003,-0.86328125,-1.05859375,9.21484375,-0.125,0.40234375,0.162109375,0.4609375,-0.15234375,-0.8212890625
1025.375016,info,IMU,3309.7171000000003,-1.20703125,-0.9609375,10.03515625,-0.072265625,0.369140625,0.15625,0.4658203125,-0.1494140625,-0.8203125
1025.395192,info,IMU,3309.7371000000003,-1.01953125,-0.8671875,10.0234375,-0.1640625,0.416015625,0.16015625,0.4697265625,-0.1494140625,-0.814453125
1025.415409,info,IMU,3309.7571000000003,-0.796875,-1.21484375,9.21875,-0.115234375,0.400390625,0.16796875,0.4775390625,-0.1513671875,-0.8115234375
1025.435014,info,IMU,3309.7771000000002,-0.51171875,-0.7421875,10.375,-0.095703125,0.365234375,0.173828125,0.4853515625,-0.1494140625,-0.810546875
1025.455258,info,IMU,3309.7971000000002,-0.41796875,-1.15625,9.22265625,-0.162109375,0.443359375,0.17578125,0.4921875,-0.1513671875,-0.8037109375
1025.475518,info,IMU,3309.8171,-0.734375,-1.20703125,9.57421875,-0.107421875,0.310546875,0.166015625,0.4990234375,-0.1474609375,-0.8046875
1025.495111,info,IMU,3309.8371,-0.8359375,-1.84375,10.78125,-0.16796875,0.392578125,0.16796875,0.5048828125,-0.1474609375,-0.8017578125
1025.515281,info,IMU,3309.8571,-0.79296875,-1.1640625,9.70703125,0.005859375,0.275390625,0.173828125,0.5087890625,-0.1474609375,-0.798828125
1025.534926,info,IMU,3309.8771,-0.75,-1.03125,10.78125,-0.103515625,0.30078125,0.18359375,0.5166015625,-0.1494140625,-0.794921875
1025.555105,info,IMU,3309.8971,-0.5,-1.0703125,7.96484375,0.02734375,0.234375,0.181640625,0.5205078125,-0.1494140625,-0.7939453125
1025.575357,info,IMU,3309.9171,-0.796875,-0.75390625,10.078125,-0.0390625,0.24609375,0.181640625,0.5244140625,-0.150390625,-0.7939453125
1025.595121,info,IMU,3309.9371,-0.671875,-0.84375,8.33984375,0.048828125,0.27734375,0.181640625,0.529296875,-0.1494140625,-0.7919921875
1025.617710,info,IMU,3309.9571,-1.078125,-0.83203125,9.015625,-0.041015625,0.234375,0.18359375,0.5380859375,-0.1513671875,-0.78515625
1025.635394,info,IMU,3309.9771,-1.23046875,-0.734375,8.625,-0.0234375,0.18359375,0.1796875,0.537109375,-0.1513671875,-0.7841796875
1025.655028,info,IMU,3309.9971,-1.0703125,-0.85546875,8.9609375,-0.08984375,0.162109375,0.189453125,0.54296875,-0.154296875,-0.783203125
1025.675273,info,IMU,3310.0171,-1.0625,-0.83984375,8.359375,0.041015625,0.083984375,0.18359375,0.5458984375,-0.1552734375,-0.783203125
1025.695601,info,IMU,3310.0371,-1.41015625,-0.9453125,8.5,-0.048828125,0.140625,0.1953125,0.546875,-0.15625,-0.7822265625
1025.715074,info,IMU,3310.0571,-1.6328125,-0.86328125,7.5078125,0.029296875,0.068359375,0.1875,0.544921875,-0.1572265625,-0.779296875
1025.735415,info,IMU,3310.0771,-1.640625,-0.81640625,8.8359375,-0.068359375,0.08203125,0.18359375,0.546875,-0.158203125,-0.7802734375
1025.755515,info,IMU,3310.0971,-1.68359375,-0.91015625,7.30078125,-0.025390625,0.068359375,0.19140625,0.548828125,-0.16015625,-0.7763671875
1025.775130,info,IMU,3310.1171,-2.02734375,-1.203125,7.79296875,0.021484375,-0.041015625,0.193359375,0.548828125,-0.1611328125,-0.7783203125
1025.795348,info,IMU,3310.1371,-1.94140625,-0.84375,8.3125,-0.056640625,-0.037109375,0.201171875,0.548828125,-0.1640625,-0.77734375
1025.814969,info,IMU,3310.1571,-1.859375,-0.9375,7.40234375,0.0078125,-0.1171875,0.201171875,0.5478515625,-0.1640625,-0.77734375
1025.835188,info,IMU,3310.1771,-1.76171875,-0.86328125,8.984375,0.01171875,-0.1484375,0.1953125,0.54296875,-0.169921875,-0.7822265625
1025.855416,info,IMU,3310.1971000000003,-1.5703125,-0.890625,7.19140625,-0.0546875,-0.17578125,0.19921875,0.541015625,-0.1689453125,-0.78125
1025.875018,info,IMU,3310.2171000000003,-1.64453125,-1.25390625,9.2265625,-0.0625,-0.203125,0.205078125,0.533203125,-0.169921875,-0.7841796875
1025.895251,info,IMU,3310.2371000000003,-1.69921875,-1.1171875,8.67578125,-0.03125,-0.220703125,0.1953125,0.5322265625,-0.1728515625,-0.78515625
1025.915476,info,IMU,3310.2571000000003,-1.55859375,-0.46875,9.35546875,0.00390625,-0.2890625,0.201171875,0.52734375,-0.17578125,-0.787109375
1025.935090,info,IMU,3310.2771000000002,-1.46484375,-0.8359375,7.71484375,0.017578125,-0.361328125,0.2109375,0.5185546875,-0.1728515625,-0.7900390625
1025.955285,info,IMU,3310.2971000000002,-1.50390625,-0.71875,8.5625,-0.052734375,-0.423828125,0.19921875,0.513671875,-0.177734375,-0.7939453125
1025.975492,info,IMU,3310.3171,-1.3203125,-0.83984375,8.3828125,-0.02734375,-0.404296875,0.203125,0.5068359375,-0.1787109375,-0.796875
1025.998229,info,IMU,3310.3371,-1.26953125,-0.50390625,8.9609375,0.029296875,-0.458984375,0.197265625,0.5,-0.1796875,-0.7978515625
1026.015585,info,IMU,3310.3571,-1.63671875,-0.6328125,8.4921875,-0.048828125,-0.451171875,0.203125,0.4892578125,-0.1796875,-0.80078125
1026.034962,info,IMU,3310.3771,-1.74609375,-1.015625,8.61328125,0.001953125,-0.458984375,0.197265625,0.48046875,-0.181640625,-0.8046875
1026.055168,info,IMU,3310.3971,-1.28515625,-0.6796875,10.08203125,-0.0546875,-0.462890625,0.205078125,0.4697265625,-0.185546875,-0.8095703125
1026.075382,info,IMU,3310.4171,-1.2734375,-0.60546875,9.38671875,-0.01171875,-0.4765625,0.20703125,0.4599609375,-0.185546875,-0.8134765625
1026.094987,info,IMU,3310.4371,-1.2578125,-0.8125,9.68359375,-0.04296875,-0.515625,0.19921875,0.451171875,-0.1865234375,-0.81640625
1026.115245,info,IMU,3310.4571,-0.9921875,-0.69140625,8.7734375,0.03125,-0.572265625,0.197265625,0.4404296875,-0.1875,-0.8193359375
1026.135503,info,IMU,3310.4771,-1.08203125,-0.87890625,9.828125,-0.025390625,-0.533203125,0.19921875,0.4287109375,-0.189453125,-0.8271484375
1026.155045,info,IMU,3310.4971,-0.97265625,-0.78125,8.73046875,0.048828125,-0.591796875,0.193359375,0.41796875,-0.1875,-0.8291015625
1026.175287,info,IMU,3310.5171,-0.73046875,-0.1015625,11.5234375,-0.03125,-0.572265625,0.19140625,0.4072265625,-0.1923828125,-0.83203125
1026.195507,info,IMU,3310.5371,-0.65625,-1,8.3359375,-0.025390625,-0.525390625,0.1953125,0.396484375,-0.189453125,-0.8349609375
1026.215116,info,IMU,3310.5571,-0.51171875,-1.17578125,11.33984375,0.064453125,-0.501953125,0.18359375,0.3857421875,-0.1943359375,-0.8388671875
1026.235329,info,IMU,3310.5771,-0.39453125,-0.82421875,9.9921875,-0.0234375,-0.501953125,0.185546875,0.3720703125,-0.1982421875,-0.841796875
1026.254958,info,IMU,3310.5971,-1.01953125,-0.79296875,10.609375,0.0625,-0.6015625,0.1796875,0.361328125,-0.1962890625,-0.84375
1026.275151,info,IMU,3310.6171,-0.78515625,-0.81640625,10.1328125,-0.02734375,-0.513671875,0.177734375,0.3525390625,-0.1962890625,-0.8466796875
1026.295393,info,IMU,3310.6371,-0.59765625,-1.140625,9.72265625,0.103515625,-0.43359375,0.181640625,0.34375,-0.1982421875,-0.849609375
1026.314989,info,IMU,3310.6571,-0.51953125,-0.72265625,10.375,0.044921875,-0.392578125,0.1796875,0.333984375,-0.203125,-0.8515625
1026.335358,info,IMU,3310.6771,-0.3046875,-0.859375,10.37109375,0.037109375,-0.3515625,0.173828125,0.322265625,-0.2060546875,-0.8525390625
1026.355472,info,IMU,3310.6971000000003,-0.2265625,-0.8203125,10.2265625,-0,-0.37890625,0.171875,0.3134765625,-0.2041015625,-0.8544921875
1026.375043,info,IMU,3310.7171000000003,-0.1796875,-0.41015625,11.06640625,-0.01171875,-0.33984375,0.169921875,0.3076171875,-0.208984375,-0.8564453125
1026.395251,info,IMU,3310.7371000000003,-0.359375,-0.57421875,9.890625,-0.01171875,-0.283203125,0.169921875,0.2978515625,-0.2099609375,-0.85546875
1026.415537,info,IMU,3310.7571000000003,-0.0546875,-0.49609375,10.578125,0.060546875,-0.298828125,0.162109375,0.294921875,-0.208984375,-0.857421875
1026.435107,info,IMU,3310.7771000000002,0.34765625,-0.22265625,10.22265625,0.029296875,-0.275390625,0.166015625,0.2900390625,-0.212890625,-0.8564453125
1026.455331,info,IMU,3310.7971000000002,-0.0234375,-0.50390625,9.3984375,0.119140625,-0.271484375,0.1640625,0.283203125,-0.2138671875,-0.857421875
1026.474945,info,IMU,3310.8171,-0.5703125,-0.73046875,8.91015625,0.146484375,-0.142578125,0.15625,0.27734375,-0.21484375,-0.8603515625
1026.495154,info,IMU,3310.8371,-0.3671875,-0.74609375,9.84765625,0.083984375,-0.056640625,0.154296875,0.2763671875,-0.21875,-0.857421875
1026.515622,info,IMU,3310.8571,-0.16796875,-0.94140625,9.9140625,0.09765625,-0.080078125,0.15625,0.2734375,-0.2197265625,-0.8603515625
1026.534986,info,IMU,3310.8771,-0.5546875,-0.71875,10.87109375,0.044921875,-0.03515625,0.162109375,0.2685546875,-0.2236328125,-0.8583984375
1026.555266,info,IMU,3310.8971,-0.328125,-0.8203125,9.44921875,0.109375,0.017578125,0.158203125,0.26953125,-0.2236328125,-0.861328125
1026.575438,info,IMU,3310.9171,0.12109375,-0.8203125,10.90625,0.076171875,0.05078125,0.15625,0.2666015625,-0.2255859375,-0.859375
1026.595030,info,IMU,3310.9371,-0.0390625,-1.20703125,9.875,0.029296875,0.08984375,0.169921875,0.267578125,-0.2265625,-0.8564453125
1026.615317,info,IMU,3310.9571,-0.125,-0.94921875,11.19140625,0.046875,0.1328125,0.166015625,0.2666015625,-0.2333984375,-0.859375
1026.635500,info,IMU,3310.9771,-0.05078125,-0.6875,11.3046875,0.0234375,0.146484375,0.162109375,0.2646484375,-0.2333984375,-0.8583984375
1026.655089,info,IMU,3310.9971,0.0546875,-0.82421875,11.22265625,0.001953125,0.12890625,0.166015625,0.2666015625,-0.2353515625,-0.857421875
1026.675329,info,IMU,3311.0171,0.11328125,-1.015625,10.40234375,0.009765625,0.1171875,0.16796875,0.271484375,-0.236328125,-0.8564453125
1026.694921,info,IMU,3311.0371,0.234375,-0.5078125,11.05078125,0.03515625,0.1640625,0.173828125,0.2705078125,-0.2373046875,-0.8583984375
1026.715137,info,IMU,3311.0571,-0.18359375,-0.51171875,10.41015625,0.033203125,0.16796875,0.173828125,0.2734375,-0.2431640625,-0.8544921875
1026.735359,info,IMU,3311.0771,-0.18359375,-0.6171875,10.38671875,0.083984375,0.169921875,0.16796875,0.2802734375,-0.2421875,-0.8525390625
1026.754979,info,IMU,3311.0971,-0.07421875,-0.69140625,10.1875,0.03125,0.255859375,0.173828125,0.2822265625,-0.24609375,-0.85546875
1026.775204,info,IMU,3311.1171,0.01171875,-0.71484375,8.546875,0.134765625,0.203125,0.1796875,0.2880859375,-0.2490234375,-0.8505859375
1026.795457,info,IMU,3311.1371,-0.59765625,-0.3984375,9.953125,0.048828125,0.31640625,0.181640625,0.291015625,-0.2470703125,-0.8486328125
1026.815012,info,IMU,3311.1571,-0.55078125,-0.54296875,6.9296875,0.0859375,0.29296875,0.173828125,0.2978515625,-0.25,-0.8486328125
1026.835258,info,IMU,3311.1771,-0.4453125,-0.375,10.29296875,0.037109375,0.357421875,0.1796875,0.306640625,-0.25,-0.8466796875
1026.855485,info,IMU,3311.1971000000003,-0.390625,-0.5234375,7.56640625,0.052734375,0.35546875,0.181640625,0.310546875,-0.2490234375,-0.84765625
1026.875075,info,IMU,3311.2171000000003,-0.3671875,-0.3125,11.37890625,0.013671875,0.359375,0.18359375,0.314453125,-0.2529296875,-0.8447265625
1026.895328,info,IMU,3311.2371000000003,-0.25,-1,8.80078125,-0.00390625,0.431640625,0.185546875,0.3193359375,-0.255859375,-0.84375
1026.914955,info,IMU,3311.2571000000003,-0.40625,-0.7734375,11.25,0.0390625,0.357421875,0.185546875,0.326171875,-0.2568359375,-0.83984375
1026.935108,info,IMU,3311.2771000000002,-0.51171875,-0.9765625,9.8203125,-0.0234375,0.408203125,0.185546875,0.33203125,-0.2587890625,-0.837890625
1026.955350,info,IMU,3311.2971000000002,-0.53125,-0.50390625,11.57421875,0.01171875,0.37109375,0.189453125,0.3388671875,-0.259765625,-0.8369140625
1026.974963,info,IMU,3311.3171,-0.69921875,-0.74609375,10.04296875,-0.0234375,0.328125,0.19921875,0.34375,-0.2578125,-0.8359375
1026.995208,info,IMU,3311.3371,-0.61328125,-0.60546875,10.609375,-0.013671875,0.330078125,0.203125,0.3505859375,-0.2626953125,-0.833984375
1027.015415,info,IMU,3311.3571,-0.50390625,-0.83984375,8.78515625,-0.0234375,0.283203125,0.20703125,0.3564453125,-0.26171875,-0.8330078125
1027.035065,info,IMU,3311.3771,-0.71484375,-0.7109375,10.453125,0.009765625,0.27734375,0.208984375,0.3623046875,-0.2646484375,-0.8310546875
1027.055236,info,IMU,3311.3971,-0.7890625,-0.4765625,7.91015625,-0.037109375,0.271484375,0.208984375,0.3671875,-0.26171875,-0.828125
1027.075470,info,IMU,3311.4171,-0.73828125,-0.36328125,8.27734375,0.01171875,0.1875,0.205078125,0.37109375,-0.263671875,-0.8291015625
1027.096746,info,IMU,3311.4371,-0.859375,-0.22265625,9.22265625,-0.123046875,0.27734375,0.216796875,0.3740234375,-0.265625,-0.826171875
1027.115313,info,IMU,3311.4571,-0.83203125,-0.640625,8.78125,-0.0546875,0.2578125,0.2109375,0.3828125,-0.26171875,-0.822265625
1027.134903,info,IMU,3311.4771,-1.140625,-0.30078125,10.34375,-0.0546875,0.234375,0.205078125,0.384765625,-0.2646484375,-0.8251953125
1027.155103,info,IMU,3311.4971,-1.015625,-0.9765625,8.53125,-0.10546875,0.314453125,0.205078125,0.3896484375,-0.263671875,-0.8212890625
1027.175351,info,IMU,3311.5171,-0.96875,-0.796875,10.63671875,-0.064453125,0.248046875,0.208984375,0.396484375,-0.2626953125,-0.822265625
1027.194956,info,IMU,3311.5371,-1.12890625,-0.73828125,10.75,-0.150390625,0.265625,0.220703125,0.396484375,-0.26171875,-0.8193359375
1027.215169,info,IMU,3311.5571,-0.86328125,-0.6640625,9.46875,-0.0546875,0.18359375,0.220703125,0.3994140625,-0.2607421875,-0.8203125
1027.235406,info,IMU,3311.5771,-0.83984375,-0.58203125,11.07421875,-0.130859375,0.126953125,0.220703125,0.40234375,-0.259765625,-0.818359375
1027.255015,info,IMU,3311.5971,-1.078125,-0.83984375,8.95703125,-0.1171875,0.107421875,0.220703125,0.4033203125,-0.259765625,-0.818359375
1027.275239,info,IMU,3311.6171,-1.171875,-1.01171875,10.73828125,-0.111328125,0.134765625,0.220703125,0.408203125,-0.2587890625,-0.8193359375
1027.295477,info,IMU,3311.6371,-0.5859375,-0.515625,10.08984375,-0.05859375,0.115234375,0.224609375,0.408203125,-0.255859375,-0.81640625
1027.315054,info,IMU,3311.6571,-0.71484375,-0.265625,10.328125,-0.080078125,0.064453125,0.232421875,0.41015625,-0.255859375,-0.81640625
1027.335440,info,IMU,3311.6771,-1.234375,-0.70703125,8.26171875,-0.056640625,-0.005859375,0.228515625,0.4111328125,-0.255859375,-0.81640625
1027.355536,info,IMU,3311.6971000000003,-1.16015625,-0.453125,8.8671875,-0.111328125,0.07421875,0.224609375,0.4111328125,-0.255859375,-0.818359375
1027.375110,info,IMU,3311.7171000000003,-0.65625,-0.75,8.453125,-0.12890625,0.103515625,0.22265625,0.412109375,-0.25390625,-0.8173828125
1027.395352,info,IMU,3311.7371000000003,-0.87890625,-0.8359375,10.66796875,-0.14453125,0.10546875,0.224609375,0.4111328125,-0.25390625,-0.818359375
1027.414962,info,IMU,3311.7571000000003,-1.015625,-0.96484375,9.28515625,-0.1328125,0.03125,0.220703125,0.412109375,-0.2529296875,-0.8154296875
1027.435173,info,IMU,3311.7771000000002,-0.91796875,-0.9921875,11,-0.1484375,0.029296875,0.224609375,0.412109375,-0.2529296875,-0.81640625
1027.455408,info,IMU,3311.7971000000002,-0.7734375,-0.8828125,9.546875,-0.078125,-0.001953125,0.228515625,0.412109375,-0.251953125,-0.818359375
1027.474999,info,IMU,3311.8171,-1.33203125,-0.8671875,10.18359375,-0.03515625,-0.02734375,0.224609375,0.4111328125,-0.2529296875,-0.81640625
1027.495229,info,IMU,3311.8371,-1.23828125,-0.90234375,9.2734375,-0.072265625,0.009765625,0.224609375,0.412109375,-0.251953125,-0.81640625
1027.515456,info,IMU,3311.8571,-1.2578125,-1.1484375,9.49609375,-0.060546875,-0.005859375,0.220703125,0.4091796875,-0.25,-0.8173828125
1027.535069,info,IMU,3311.8771,-1.578125,-1.5390625,10.11328125,-0.08203125,0.080078125,0.220703125,0.4130859375,-0.2529296875,-0.818359375
1027.555273,info,IMU,3311.8971,-1.25390625,-1.44921875,9.78125,-0.083984375,0.11328125,0.228515625,0.4111328125,-0.2509765625,-0.81640625
1027.574874,info,IMU,3311.9171,-0.9921875,-0.9609375,11.7109375,-0.072265625,0.0546875,0.2265625,0.41015625,-0.2529296875,-0.8193359375
1027.595098,info,IMU,3311.9371,-1.16015625,-1.265625,9.890625,-0.068359375,0.021484375,0.23046875,0.41015625,-0.2509765625,-0.8154296875
1027.615350,info,IMU,3311.9571,-1.125,-1.28125,9.0390625,-0.033203125,-0.037109375,0.21875,0.41015625,-0.25390625,-0.8203125
1027.634940,info,IMU,3311.9771,-0.984375,-1.17578125,10.3359375,-0.09765625,0.033203125,0.224609375,0.4072265625,-0.25390625,-0.822265625
1027.655148,info,IMU,3311.9971,-0.7890625,-1.2578125,9.8046875,-0.06640625,0.013671875,0.22265625,0.40234375,-0.255859375,-0.8193359375
1027.675403,info,IMU,3312.0171,-0.94921875,-1.046875,10.703125,-0.025390625,-0.08984375,0.21484375,0.404296875,-0.25390625,-0.8173828125
1027.694985,info,IMU,3312.0371,-1.015625,-1.05859375,9.8984375,-0.072265625,-0.029296875,0.22265625,0.4013671875,-0.2529296875,-0.8203125
1027.715234,info,IMU,3312.0571,-0.921875,-1.18359375,10.1484375,0.0390625,-0.037109375,0.21484375,0.3974609375,-0.2578125,-0.8193359375
1027.735441,info,IMU,3312.0771,-0.81640625,-0.85546875,11.01953125,-0.029296875,-0.02734375,0.208984375,0.396484375,-0.259765625,-0.8203125
1027.755263,info,IMU,3312.0971,-1.29296875,-1.1015625,8.53515625,0.00390625,-0.109375,0.212890625,0.3974609375,-0.259765625,-0.8193359375
1027.775268,info,IMU,3312.1171,-1.546875,-1.21875,10.37890625,-0.060546875,-0.130859375,0.20703125,0.3935546875,-0.259765625,-0.8212890625
1027.794889,info,IMU,3312.1371,-1.28125,-0.96484375,8.9765625,0.0546875,-0.1171875,0.205078125,0.388671875,-0.26171875,-0.8212890625
1027.815079,info,IMU,3312.1571,-1.33203125,-0.91015625,9.5234375,0.033203125,-0.1171875,0.20703125,0.38671875,-0.26171875,-0.8251953125
1027.835308,info,IMU,3312.1771,-1.4453125,-0.796875,8.8984375,0.01171875,-0.10546875,0.20703125,0.3798828125,-0.2626953125,-0.8232421875
1027.854974,info,IMU,3312.1971000000003,-1.03515625,-0.89453125,10.75,-0.046875,-0.123046875,0.197265625,0.3759765625,-0.2666015625,-0.8232421875
1027.875162,info,IMU,3312.2171000000003,-0.91796875,-0.7421875,8.66796875,0.072265625,-0.208984375,0.193359375,0.375,-0.2666015625,-0.8251953125
1027.895359,info,IMU,3312.2371000000003,-1.57421875,-0.90234375,9.40625,-0.00390625,-0.158203125,0.1953125,0.37109375,-0.265625,-0.8271484375
1027.914984,info,IMU,3312.2571000000003,-1.46484375,-0.51953125,7.109375,0.009765625,-0.240234375,0.19140625,0.365234375,-0.26953125,-0.828125
1027.935237,info,IMU,3312.2771000000002,-1.34765625,-0.18359375,9.63671875,-0.017578125,-0.28515625,0.19140625,0.359375,-0.2744140625,-0.830078125
1027.955436,info,IMU,3312.2971000000002,-1.34375,-0.9375,7.265625,0.00390625,-0.236328125,0.193359375,0.353515625,-0.2705078125,-0.8310546875
1027.975036,info,IMU,3312.3171,-1.09765625,-0.52734375,9.765625,0.072265625,-0.298828125,0.1875,0.3466796875,-0.2705078125,-0.83203125
1027.995450,info,IMU,3312.3371,-1.203125,-0.83203125,7.62109375,0.02734375,-0.33203125,0.185546875,0.3408203125,-0.2734375,-0.8310546875
1028.015529,info,IMU,3312.3571,-1.453125,-0.671875,8.8515625,-0.00390625,-0.341796875,0.18359375,0.337890625,-0.2734375,-0.8330078125
1028.035095,info,IMU,3312.3771,-1.47265625,-0.84375,7.86328125,-0.013671875,-0.30078125,0.19140625,0.330078125,-0.2734375,-0.8359375
1028.055307,info,IMU,3312.3971,-1.55078125,-0.77734375,8.40625,0.0234375,-0.326171875,0.18359375,0.3232421875,-0.27734375,-0.837890625
1028.074924,info,IMU,3312.4171,-1.203125,-0.80859375,9.7578125,-0.078125,-0.244140625,0.1875,0.3154296875,-0.2744140625,-0.8369140625
1028.095146,info,IMU,3312.4371,-0.99609375,-0.6171875,8.28125,0.05078125,-0.333984375,0.181640625,0.310546875,-0.2734375,-0.841796875
1028.115350,info,IMU,3312.4571,-0.86328125,-0.34765625,10.56640625,-0.068359375,-0.373046875,0.1796875,0.2998046875,-0.2783203125,-0.8388671875
1028.134967,info,IMU,3312.4771,-0.78125,-0.5390625,7.91015625,-0.025390625,-0.365234375,0.185546875,0.2919921875,-0.2783203125,-0.841796875
1028.155216,info,IMU,3312.4971,-0.8203125,-0.296875,10.625,0.01953125,-0.431640625,0.17578125,0.28125,-0.2763671875,-0.845703125
1028.175425,info,IMU,3312.5171,-0.875,-0.52734375,8.0703125,-0.001953125,-0.392578125,0.185546875,0.275390625,-0.27734375,-0.8447265625
1028.195059,info,IMU,3312.5371,-0.984375,-0.546875,9.0546875,0.044921875,-0.451171875,0.181640625,0.2646484375,-0.2763671875,-0.84765625
1028.215259,info,IMU,3312.5571,-0.97265625,-0.76171875,8.6015625,-0.05078125,-0.431640625,0.1796875,0.255859375,-0.2783203125,-0.849609375
1028.235495,info,IMU,3312.5771,-0.94140625,-0.6171875,9.5,-0.0078125,-0.349609375,0.171875,0.2490234375,-0.27734375,-0.849609375
1028.255082,info,IMU,3312.5971,-0.85546875,-0.71875,8.95703125,-0.029296875,-0.359375,0.173828125,0.240234375,-0.2783203125,-0.8505859375
1028.275304,info,IMU,3312.6171,-0.58203125,-0.3359375,10.6796875,-0.029296875,-0.37890625,0.173828125,0.228515625,-0.2802734375,-0.8515625
1028.294928,info,IMU,3312.6371,-0.33203125,-0.56640625,9.109375,-0.0703125,-0.443359375,0.173828125,0.2216796875,-0.279296875,-0.85546875
1028.315130,info,IMU,3312.6571,-0.6015625,-0.38671875,9.52734375,0.07421875,-0.48828125,0.169921875,0.2138671875,-0.2822265625,-0.85546875
1028.335369,info,IMU,3312.6771,-0.77734375,-0.4609375,9.69921875,-0.033203125,-0.267578125,0.177734375,0.20703125,-0.279296875,-0.8564453125
1028.354944,info,IMU,3312.6971000000003,-0.34375,-0.2421875,9.91796875,0.072265625,-0.287109375,0.173828125,0.197265625,-0.283203125,-0.8564453125
1028.375190,info,IMU,3312.7171000000003,-0.30859375,-0.50390625,11.2421875,-0.06640625,-0.259765625,0.171875,0.1884765625,-0.2822265625,-0.857421875
1028.395413,info,IMU,3312.7371000000003,0.3046875,-0.4609375,9.03515625,0.01171875,-0.30859375,0.171875,0.1806640625,-0.28125,-0.8583984375
1028.415020,info,IMU,3312.7571000000003,0.0703125,-0.19140625,10.6953125,-0.01953125,-0.32421875,0.171875,0.171875,-0.28125,-0.857421875
1028.435262,info,IMU,3312.7771000000002,-0.19921875,-0.76171875,7.9375,-0,-0.265625,0.169921875,0.1689453125,-0.2841796875,-0.8603515625
1028.455464,info,IMU,3312.7971000000002,-0.3046875,-0.2578125,10.453125,0.01171875,-0.234375,0.16796875,0.16015625,-0.2841796875,-0.8603515625
1028.475067,info,IMU,3312.8171,-0.1484375,-0.609375,10.4453125,-0.009765625,-0.08203125,0.169921875,0.16015625,-0.28515625,-0.8603515625
1028.495344,info,IMU,3312.8371,0.33984375,-0.421875,11.87109375,0.125,-0.0859375,0.16015625,0.150390625,-0.2841796875,-0.8583984375
1028.515049,info,IMU,3312.8571,0.3515625,-0.68359375,11.33984375,0.05078125,-0.068359375,0.16796875,0.1484375,-0.2880859375,-0.859375
1028.535098,info,IMU,3312.8771,0.26171875,-0.4765625,10.92578125,0.083984375,-0.11328125,0.1640625,0.1474609375,-0.2880859375,-0.859375
1028.555370,info,IMU,3312.8971,0.30078125,-0.68359375,11,0.068359375,-0.138671875,0.166015625,0.14453125,-0.287109375,-0.859375
1028.574933,info,IMU,3312.9171,-0.1953125,-1.06640625,9.86328125,0.1015625,-0.091796875,0.162109375,0.14453125,-0.2900390625,-0.8603515625
1028.595173,info,IMU,3312.9371,-0.09765625,-0.89453125,11.296875,-0.033203125,0.080078125,0.166015625,0.142578125,-0.2919921875,-0.857421875
1028.615441,info,IMU,3312.9571,0.34765625,-0.609375,10.41796875,0.056640625,0.111328125,0.166015625,0.1416015625,-0.2919921875,-0.857421875
1028.635035,info,IMU,3312.9771,0.23046875,-0.51171875,12.07421875,-0.015625,0.16015625,0.16796875,0.1435546875,-0.294921875,-0.8564453125
1028.655238,info,IMU,3312.9971,0.27734375,-0.9375,9.59765625,0.12890625,0.130859375,0.15625,0.14453125,-0.294921875,-0.8544921875
1028.675468,info,IMU,3313.0171,0.11328125,-0.55078125,11.37109375,0.083984375,0.1953125,0.158203125,0.1513671875,-0.296875,-0.853515625
1028.695059,info,IMU,3313.0371,-0.046875,-0.6796875,9.19140625,0.1015625,0.26953125,0.162109375,0.154296875,-0.2978515625,-0.8544921875
1028.715426,info,IMU,3313.0571,-0.09765625,-0.7734375,11.36328125,0.109375,0.298828125,0.158203125,0.15625,-0.3037109375,-0.853515625
1028.734912,info,IMU,3313.0771,0.36328125,-0.81640625,10.6875,0.099609375,0.34375,0.15625,0.162109375,-0.30078125,-0.8544921875
1028.755107,info,IMU,3313.0971,0.34765625,-0.8125,12.03125,0.12109375,0.40234375,0.158203125,0.1689453125,-0.3046875,-0.8525390625
1028.775320,info,IMU,3313.1171,0.1875,-0.81640625,10.359375,0.15625,0.404296875,0.162109375,0.17578125,-0.306640625,-0.849609375
1028.794927,info,IMU,3313.1371,-0.0859375,-0.72265625,11.23046875,0.05078125,0.5,0.16015625,0.1845703125,-0.310546875,-0.8525390625
1028.815176,info,IMU,3313.1571,0.0859375,-1.09375,10.69921875,0.021484375,0.51953125,0.16015625,0.1923828125,-0.3134765625,-0.8505859375
1028.835391,info,IMU,3313.1771,-0.02734375,-0.9453125,12.98046875,0.041015625,0.568359375,0.16015625,0.19921875,-0.3154296875,-0.8466796875
1028.855007,info,IMU,3313.1971000000003,0.078125,-1.23828125,11.328125,0.041015625,0.5859375,0.169921875,0.2080078125,-0.318359375,-0.8447265625
1028.875225,info,IMU,3313.2171000000003,-0.08984375,-1.08984375,12.5859375,0.048828125,0.5625,0.1640625,0.220703125,-0.31640625,-0.84375
1028.895451,info,IMU,3313.2371000000003,-0.1171875,-0.95703125,11.91796875,0.029296875,0.615234375,0.169921875,0.2275390625,-0.3203125,-0.8427734375
1028.915060,info,IMU,3313.2571000000003,-0.1015625,-0.98046875,12.03515625,0.04296875,0.587890625,0.171875,0.23828125,-0.32421875,-0.8427734375
1028.935278,info,IMU,3313.2771000000002,-0.1640625,-0.78125,11.578125,0.02734375,0.626953125,0.17578125,0.248046875,-0.326171875,-0.8388671875
1028.954886,info,IMU,3313.2971000000002,-0.6328125,-0.734375,10.69140625,0.052734375,0.615234375,0.173828125,0.2587890625,-0.3271484375,-0.8359375
1028.975077,info,IMU,3313.3171,-0.51171875,-0.80078125,10.86328125,0.02734375,0.603515625,0.169921875,0.26953125,-0.3310546875,-0.833984375
1028.995330,info,IMU,3313.3371,-0.3671875,-0.625,10.80859375,0.015625,0.5859375,0.1796875,0.28125,-0.3310546875,-0.830078125
1029.014961,info,IMU,3313.3571,-0.4375,-0.80859375,10.90234375,0.05859375,0.552734375,0.18359375,0.2900390625,-0.3330078125,-0.8271484375
1029.035145,info,IMU,3313.3771,-0.8046875,-0.6328125,9.69140625,0.07421875,0.52734375,0.1796875,0.2998046875,-0.3349609375,-0.8251953125
1029.055404,info,IMU,3313.3971,-0.8984375,-0.65234375,9.41015625,0.015625,0.494140625,0.181640625,0.30859375,-0.333984375,-0.82421875
1029.074974,info,IMU,3313.4171,-0.96484375,-0.90625,8.8046875,-0.005859375,0.41796875,0.185546875,0.3212890625,-0.3408203125,-0.8232421875
1029.095190,info,IMU,3313.4371,-1.29296875,-0.94140625,8.92578125,0.029296875,0.439453125,0.18359375,0.3271484375,-0.3427734375,-0.8173828125
1029.115449,info,IMU,3313.4571,-1.0234375,-0.30078125,8.6953125,0.021484375,0.427734375,0.185546875,0.3369140625,-0.33984375,-0.8173828125
1029.135186,info,IMU,3313.4771,-1.25390625,-0.33203125,10.20703125,-0.0546875,0.42578125,0.193359375,0.33984375,-0.3388671875,-0.8154296875
1029.155289,info,IMU,3313.4971,-1.34375,-0.3828125,8.51953125,0.0078125,0.349609375,0.1875,0.349609375,-0.3388671875,-0.8134765625
1029.174873,info,IMU,3313.5171,-1.33203125,-0.1875,9.328125,-0.021484375,0.31640625,0.18359375,0.3544921875,-0.341796875,-0.8115234375
1029.195097,info,IMU,3313.5371,-1.34765625,-0.73828125,8.55859375,-0.046875,0.3046875,0.185546875,0.359375,-0.3408203125,-0.810546875
1029.215353,info,IMU,3313.5571,-1.4453125,-0.375,9.078125,-0.00390625,0.21484375,0.189453125,0.365234375,-0.33984375,-0.806640625
1029.234912,info,IMU,3313.5771,-1.65625,-0.61328125,7.71875,-0.044921875,0.16015625,0.185546875,0.3701171875,-0.341796875,-0.8076171875
1029.255197,info,IMU,3313.5971,-1.875,-0.625,7.8828125,-0.1484375,0.197265625,0.19140625,0.3720703125,-0.337890625,-0.8037109375
1029.275371,info,IMU,3313.6171,-1.67578125,-0.3125,8.68359375,-0.0703125,0.099609375,0.18359375,0.373046875,-0.337890625,-0.8037109375
1029.294955,info,IMU,3313.6371,-2.265625,-0.59765625,8.265625,-0.13671875,0.126953125,0.18359375,0.3740234375,-0.33984375,-0.8037109375
1029.315323,info,IMU,3313.6571,-1.84765625,-0.37890625,8.34375,-0.09765625,0.083984375,0.1796875,0.3759765625,-0.3369140625,-0.8037109375
1029.335487,info,IMU,3313.6771,-1.93359375,-0.703125,6.953125,-0.15625,-0.041015625,0.193359375,0.3759765625,-0.3349609375,-0.806640625
1029.355030,info,IMU,3313.6971000000003,-2.1875,-0.56640625,8.81640625,-0.12109375,-0,0.1875,0.3759765625,-0.33203125,-0.806640625
1029.375252,info,IMU,3313.7171000000003,-1.75390625,-0.3671875,8.8671875,-0.193359375,-0.02734375,0.181640625,0.3720703125,-0.33203125,-0.806640625
1029.394887,info,IMU,3313.7371000000003,-1.70703125,-0.359375,8.4375,-0.125,-0.19921875,0.19140625,0.3681640625,-0.328125,-0.8095703125
1029.415353,info,IMU,3313.7571000000003,-2,-1.25,8.1171875,-0.228515625,-0.119140625,0.1875,0.365234375,-0.328125,-0.8115234375
1029.435329,info,IMU,3313.7771000000002,-1.66015625,-0.6328125,8.8984375,-0.1796875,-0.21875,0.189453125,0.36328125,-0.3232421875,-0.8115234375
1029.454916,info,IMU,3313.7971000000002,-1.58203125,-0.3828125,9.1796875,-0.224609375,-0.345703125,0.197265625,0.353515625,-0.322265625,-0.8173828125
1029.475149,info,IMU,3313.8171,-1.55859375,-1.046875,7.7265625,-0.279296875,-0.326171875,0.197265625,0.3505859375,-0.318359375,-0.8193359375
1029.495368,info,IMU,3313.8371,-1.578125,-0.5703125,8.796875,-0.21484375,-0.439453125,0.193359375,0.34375,-0.314453125,-0.8193359375
1029.514969,info,IMU,3313.8571,-1.53515625,-0.359375,8.5078125,-0.2421875,-0.3828125,0.197265625,0.333984375,-0.3125,-0.8251953125
1029.535201,info,IMU,3313.8771,-1.4453125,-0.34375,9.19921875,-0.234375,-0.42578125,0.1953125,0.326171875,-0.3076171875,-0.8291015625
1029.555411,info,IMU,3313.8971,-1.671875,-0.6484375,8.4375,-0.173828125,-0.556640625,0.203125,0.3134765625,-0.3037109375,-0.830078125
1029.575007,info,IMU,3313.9171,-1.53125,-1.140625,8.921875,-0.25390625,-0.419921875,0.205078125,0.3037109375,-0.2998046875,-0.833984375
1029.595225,info,IMU,3313.9371,-1.234375,-0.66015625,8.02734375,-0.2734375,-0.5234375,0.2109375,0.2939453125,-0.296875,-0.83984375
1029.614856,info,IMU,3313.9571,-1.3125,-0.5703125,11.02734375,-0.208984375,-0.521484375,0.212890625,0.28125,-0.2958984375,-0.841796875
1029.635071,info,IMU,3313.9771,-1.05078125,-1.046875,8.203125,-0.298828125,-0.556640625,0.2109375,0.26953125,-0.2900390625,-0.8447265625
1029.655303,info,IMU,3313.9971,-1.05078125,-1.04296875,10.421875,-0.177734375,-0.6640625,0.21875,0.2578125,-0.2861328125,-0.84765625
1029.674908,info,IMU,3314.0171,-0.8828125,-0.92578125,8.6484375,-0.306640625,-0.5546875,0.220703125,0.2451171875,-0.2822265625,-0.8486328125
1029.695154,info,IMU,3314.0371,-0.7421875,-0.703125,9.09375,-0.216796875,-0.64453125,0.220703125,0.2294921875,-0.27734375,-0.853515625
1029.715349,info,IMU,3314.0571,-0.40625,-0.8125,11.6328125,-0.275390625,-0.62890625,0.2265625,0.21484375,-0.2744140625,-0.8564453125
1029.734945,info,IMU,3314.0771,-0.33984375,-0.90234375,9.02734375,-0.146484375,-0.642578125,0.224609375,0.2021484375,-0.267578125,-0.861328125
1029.755256,info,IMU,3314.0971,-0.8359375,-1.265625,10.09375,-0.169921875,-0.650390625,0.216796875,0.185546875,-0.267578125,-0.861328125
1029.775423,info,IMU,3314.1171,-0.42578125,-1.02734375,10.2109375,-0.24609375,-0.546875,0.220703125,0.1748046875,-0.26171875,-0.86328125
1029.795003,info,IMU,3314.1371,-0.53125,-1.25,9.3515625,-0.171875,-0.638671875,0.23046875,0.1630859375,-0.25390625,-0.8662109375
1029.815250,info,IMU,3314.1571,-0.609375,-0.8984375,10.734375,-0.13671875,-0.552734375,0.232421875,0.1513671875,-0.2548828125,-0.8671875
1029.834850,info,IMU,3314.1771,0.1328125,-1.01171875,8.9765625,-0.15234375,-0.41796875,0.234375,0.1357421875,-0.2529296875,-0.8701171875
1029.855050,info,IMU,3314.1971000000003,0.34375,-0.88671875,11.453125,-0.16796875,-0.447265625,0.2265625,0.1259765625,-0.251953125,-0.869140625
1029.875301,info,IMU,3314.2171000000003,0.5234375,-1.0625,10.9765625,-0.150390625,-0.4921875,0.23046875,0.115234375,-0.244140625,-0.8720703125
1029.894900,info,IMU,3314.2371000000003,-0.2734375,-1.26171875,10.125,-0.080078125,-0.541015625,0.224609375,0.10546875,-0.2431640625,-0.87109375
1029.915139,info,IMU,3314.2571000000003,-0.76171875,-1.16015625,10.5234375,-0.05078125,-0.404296875,0.22265625,0.0966796875,-0.2421875,-0.87109375
1029.935334,info,IMU,3314.2771000000002,-0.31640625,-1.04296875,10.90625,-0.158203125,-0.134765625,0.224609375,0.087890625,-0.2392578125,-0.8720703125
1029.954963,info,IMU,3314.2971000000002,0.3125,-1.3125,12.79296875,0.00390625,-0.15625,0.228515625,0.078125,-0.23828125,-0.87109375
1029.975196,info,IMU,3314.3171,0.93359375,-0.91015625,13.5234375,-0.09765625,-0.19140625,0.228515625,0.0771484375,-0.236328125,-0.8740234375
1029.995415,info,IMU,3314.3371,0.7109375,-1.0234375,9.50390625,0.09375,-0.318359375,0.2265625,0.072265625,-0.23828125,-0.873046875
1030.015003,info,IMU,3314.3571,-0.48828125,-1.69921875,10.22265625,-0.0625,-0.27734375,0.22265625,0.06640625,-0.234375,-0.87109375
1030.035236,info,IMU,3314.3771,-0.28515625,-0.75390625,9.3671875,-0.1875,-0.091796875,0.2265625,0.0615234375,-0.2353515625,-0.875
1030.054837,info,IMU,3314.3971,-0.52734375,-1.38671875,10.4375,-0.064453125,-0.037109375,0.2265625,0.05859375,-0.2333984375,-0.875
1030.075039,info,IMU,3314.4171,-0.078125,-0.8515625,10.34375,-0.041015625,0.017578125,0.22265625,0.056640625,-0.2314453125,-0.8720703125
1030.095303,info,IMU,3314.4371,0.37890625,-0.21484375,10.078125,-0.0234375,0.00390625,0.228515625,0.0537109375,-0.2314453125,-0.875
1030.114946,info,IMU,3314.4571,0.0546875,-0.98828125,10.47265625,0.072265625,-0.00390625,0.224609375,0.05078125,-0.23046875,-0.873046875
1030.135125,info,IMU,3314.4771,0.14453125,-0.8359375,9.06640625,0.01171875,0.083984375,0.2109375,0.052734375,-0.2314453125,-0.873046875
1030.155344,info,IMU,3314.4971,-0.37890625,-1.34375,9.4921875,0.05859375,0.068359375,0.21484375,0.0556640625,-0.2314453125,-0.8759765625
1030.174922,info,IMU,3314.5171,-0.48046875,-0.54296875,8.77734375,0.01953125,0.07421875,0.220703125,0.052734375,-0.2314453125,-0.873046875
1030.195187,info,IMU,3314.5371,-0.41796875,-0.5,9.1953125,-0.009765625,0.22265625,0.21875,0.0546875,-0.228515625,-0.8759765625
1030.215407,info,IMU,3314.5571,-0.37890625,-1.2421875,8.19140625,0.080078125,0.208984375,0.220703125,0.0595703125,-0.2314453125,-0.873046875
1030.234984,info,IMU,3314.5771,-0.13671875,-0.0546875,11.2421875,-0.025390625,0.275390625,0.21484375,0.0615234375,-0.2314453125,-0.873046875
1030.255214,info,IMU,3314.5971,-0.5703125,-1.10546875,6.98828125,0.017578125,0.275390625,0.20703125,0.06640625,-0.232421875,-0.873046875
1030.274844,info,IMU,3314.6171,-0.42578125,-0.90625,11.890625,0.0078125,0.318359375,0.203125,0.0732421875,-0.234375,-0.8720703125
1030.295038,info,IMU,3314.6371,-0.41796875,-1.01953125,7.1796875,0.015625,0.416015625,0.21484375,0.0751953125,-0.2353515625,-0.875
1030.315293,info,IMU,3314.6571,-0.48046875,-0.83203125,11.45703125,0.0625,0.32421875,0.208984375,0.0810546875,-0.2373046875,-0.8740234375
1030.334890,info,IMU,3314.6771,-0.23828125,-0.453125,7.58984375,0.025390625,0.314453125,0.21875,0.0869140625,-0.240234375,-0.873046875
1030.355126,info,IMU,3314.6971000000003,-0.65234375,-0.66796875,8.890625,0.0546875,0.384765625,0.216796875,0.0927734375,-0.240234375,-0.87109375
1030.375416,info,IMU,3314.7171000000003,-0.42578125,-1.296875,8.13671875,-0.01171875,0.4140625,0.2109375,0.099609375,-0.240234375,-0.873046875
1030.394919,info,IMU,3314.7371000000003,-0.421875,-0.28125,10.203125,0.099609375,0.30078125,0.208984375,0.103515625,-0.2431640625,-0.8720703125
1030.415193,info,IMU,3314.7571000000003,-1.19140625,-1.39453125,9.015625,0.041015625,0.390625,0.212890625,0.11328125,-0.2451171875,-0.869140625
1030.435433,info,IMU,3314.7771000000002,-0.453125,-0.07421875,10.12890625,0.2109375,0.30859375,0.208984375,0.1181640625,-0.248046875,-0.869140625
1030.455001,info,IMU,3314.7971000000002,-0.72265625,-0.96875,8.26171875,0.04296875,0.341796875,0.21875,0.125,-0.2509765625,-0.8681640625
1030.475225,info,IMU,3314.8171,-0.7265625,-0.94921875,9.5625,0.16015625,0.3671875,0.21484375,0.130859375,-0.25390625,-0.869140625
1030.495434,info,IMU,3314.8371,-0.609375,-0.48046875,10.3671875,0.068359375,0.330078125,0.208984375,0.140625,-0.2568359375,-0.8662109375
1030.515031,info,IMU,3314.8571,-1.03125,-1.328125,8.8046875,0.181640625,0.33203125,0.20703125,0.1455078125,-0.2587890625,-0.869140625
1030.535273,info,IMU,3314.8771,-0.98046875,-0.640625,10.33984375,0.1171875,0.3046875,0.205078125,0.150390625,-0.2587890625,-0.8671875
1030.554878,info,IMU,3314.8971,-0.8515625,-0.6875,7.37890625,0.154296875,0.287109375,0.21484375,0.1552734375,-0.263671875,-0.8642578125
1030.575096,info,IMU,3314.9171,-0.875,-0.70703125,10.37109375,0.150390625,0.2734375,0.212890625,0.1591796875,-0.2685546875,-0.8623046875
1030.595294,info,IMU,3314.9371,-0.6328125,-0.58203125,7.83203125,0.158203125,0.19921875,0.2109375,0.162109375,-0.2685546875,-0.86328125
1030.614932,info,IMU,3314.9571,-1.28515625,-0.89453125,10.33984375,0.18359375,0.20703125,0.19921875,0.166015625,-0.2734375,-0.8623046875
1030.635287,info,IMU,3314.9771,-1.37109375,-0.80078125,7.7890625,0.1328125,0.208984375,0.19921875,0.16796875,-0.2783203125,-0.8603515625
1030.655505,info,IMU,3314.9971,-1.55859375,-0.796875,9.19140625,0.228515625,0.173828125,0.201171875,0.1748046875,-0.2822265625,-0.8583984375
1030.675007,info,IMU,3315.0171,-1.53125,-0.953125,7.66015625,0.197265625,0.166015625,0.201171875,0.17578125,-0.28515625,-0.8583984375
1030.695198,info,IMU,3315.0371,-1.33203125,-0.79296875,9.3671875,0.2109375,0.107421875,0.205078125,0.17578125,-0.2900390625,-0.8544921875
1030.715429,info,IMU,3315.0571,-1.3359375,-1.08203125,8.55859375,0.146484375,0.111328125,0.205078125,0.177734375,-0.2919921875,-0.8544921875
1030.735698,info,IMU,3315.0771,-1.15625,-0.578125,10.625,0.208984375,0.072265625,0.1953125,0.177734375,-0.2958984375,-0.85546875
1030.755273,info,IMU,3315.0971,-1.29296875,-0.86328125,9.25,0.1328125,0.048828125,0.189453125,0.1796875,-0.30078125,-0.8544921875
1030.774871,info,IMU,3315.1171,-1.265625,-1.07421875,11.21875,0.1953125,-0.001953125,0.185546875,0.1806640625,-0.3046875,-0.8515625
1030.795092,info,IMU,3315.1371,-0.91015625,-1.01953125,11.23828125,0.203125,0.044921875,0.189453125,0.181640625,-0.30859375,-0.8505859375
1030.815350,info,IMU,3315.1571,-1.08203125,-0.91796875,9.8515625,0.220703125,-0.013671875,0.1875,0.1767578125,-0.310546875,-0.8505859375
1030.836048,info,IMU,3315.1771,-1.37109375,-0.5859375,11.2421875,0.18359375,0.021484375,0.185546875,0.177734375,-0.3154296875,-0.845703125
1030.855146,info,IMU,3315.1971000000003,-1.1953125,-0.32421875,9.0859375,0.12109375,0.009765625,0.17578125,0.177734375,-0.3212890625,-0.84765625
1030.875356,info,IMU,3315.2171000000003,-1.6171875,-0.85546875,10.484375,0.216796875,-0.052734375,0.1640625,0.17578125,-0.3251953125,-0.8466796875
1030.894973,info,IMU,3315.2371000000003,-1.36328125,-0.6015625,8.69140625,0.17578125,-0.02734375,0.1640625,0.1728515625,-0.328125,-0.845703125
1030.915189,info,IMU,3315.2571000000003,-1.17578125,-0.828125,9.640625,0.169921875,-0.060546875,0.162109375,0.1708984375,-0.333984375,-0.84375
1030.936445,info,IMU,3315.2771000000002,-1.421875,-0.58984375,9.78515625,0.1484375,-0.11328125,0.16796875,0.169921875,-0.3330078125,-0.84375
1030.955033,info,IMU,3315.2971000000002,-1.4609375,-0.640625,7.92578125,0.1015625,-0.044921875,0.15625,0.1689453125,-0.3388671875,-0.84375
1030.975243,info,IMU,3315.3171,-1.09375,-0.60546875,10.78515625,0.087890625,0.001953125,0.154296875,0.1650390625,-0.3427734375,-0.8447265625
1030.994889,info,IMU,3315.3371,-0.953125,-0.78515625,10.14453125,0.05859375,-0.041015625,0.154296875,0.1640625,-0.3447265625,-0.84375
1031.015055,info,IMU,3315.3571,-1.296875,-0.67578125,10.82421875,0.162109375,-0.109375,0.140625,0.1591796875,-0.3466796875,-0.8408203125
1031.036796,info,IMU,3315.3771,-1.2109375,-0.7734375,9.87890625,0.0703125,-0.12890625,0.1484375,0.1591796875,-0.34765625,-0.8408203125
1031.054894,info,IMU,3315.3971,-0.8515625,-0.640625,11.44140625,0.119140625,-0.0546875,0.15625,0.1533203125,-0.3515625,-0.8408203125
1031.075131,info,IMU,3315.4171,-0.9609375,-0.70703125,9.16015625,0.140625,-0.173828125,0.150390625,0.154296875,-0.349609375,-0.8388671875
1031.095364,info,IMU,3315.4371,-0.9609375,-0.03125,11.54296875,0.03515625,-0.12109375,0.14453125,0.1494140625,-0.3525390625,-0.83984375
1031.114960,info,IMU,3315.4571,-1.203125,-0.56640625,6.48828125,0.08203125,-0.208984375,0.138671875,0.14453125,-0.3564453125,-0.837890625
1031.137740,info,IMU,3315.4771,-1.421875,-0.75390625,12.5546875,-0.02734375,-0.072265625,0.138671875,0.1416015625,-0.3564453125,-0.8388671875
1031.155504,info,IMU,3315.4971,-0.96484375,-0.69140625,6.01953125,0.052734375,-0.095703125,0.138671875,0.138671875,-0.3564453125,-0.83984375
1031.175039,info,IMU,3315.5171,-1.0859375,-0.3984375,12.67578125,-0.0078125,-0.080078125,0.14453125,0.1337890625,-0.3583984375,-0.8388671875
1031.195229,info,IMU,3315.5371,-0.29296875,-0.44140625,7.9921875,-0.083984375,-0.091796875,0.150390625,0.1318359375,-0.3603515625,-0.83984375
1031.214839,info,IMU,3315.5571,-0.3359375,-0,12.0546875,-0.009765625,-0.142578125,0.140625,0.1279296875,-0.3564453125,-0.837890625
1031.238036,info,IMU,3315.5771,-0.5,-0.6328125,9.75390625,-0.01953125,-0.1484375,0.1328125,0.1259765625,-0.357421875,-0.8388671875
1031.255298,info,IMU,3315.5971,-0.79296875,-0.2890625,10.5078125,-0.044921875,-0.125,0.138671875,0.1181640625,-0.3564453125,-0.8408203125
1031.274910,info,IMU,3315.6171,-1.09765625,-0.94140625,10.0390625,0.009765625,-0.185546875,0.142578125,0.1142578125,-0.35546875,-0.8408203125
1031.295129,info,IMU,3315.6371,-0.6015625,-0.0703125,11.5078125,-0.07421875,-0.220703125,0.15234375,0.109375,-0.35546875,-0.8408203125
1031.315341,info,IMU,3315.6571,-0.4140625,-0.64453125,7.6328125,0.00390625,-0.216796875,0.154296875,0.107421875,-0.3525390625,-0.841796875
1031.334947,info,IMU,3315.6771,-0.55078125,-0.29296875,10.78515625,-0.033203125,-0.2109375,0.14453125,0.103515625,-0.3525390625,-0.841796875
1031.355201,info,IMU,3315.6971000000003,-0.47265625,0.234375,8.19140625,-0.125,-0.19140625,0.142578125,0.0986328125,-0.3505859375,-0.841796875
1031.375407,info,IMU,3315.7171000000003,-1.17578125,-0.6015625,8.88671875,-0.068359375,-0.193359375,0.140625,0.095703125,-0.34765625,-0.8447265625
1031.395017,info,IMU,3315.7371000000003,-0.875,-0.375,9.0546875,-0.1484375,-0.1171875,0.140625,0.0908203125,-0.3427734375,-0.845703125
1031.415256,info,IMU,3315.7571000000003,-0.796875,0.1171875,8.01953125,-0.150390625,-0.150390625,0.15234375,0.0869140625,-0.34375,-0.8447265625
1031.434872,info,IMU,3315.7771000000002,-0.83984375,-0.3984375,10.5390625,-0.171875,-0.091796875,0.146484375,0.0830078125,-0.341796875,-0.8447265625
1031.455046,info,IMU,3315.7971000000002,-0.390625,-0.4140625,8.3828125,-0.2109375,-0.099609375,0.146484375,0.0810546875,-0.3369140625,-0.8466796875
1031.475286,info,IMU,3315.8171,-0.47265625,-0.75390625,11.12890625,-0.208984375,-0.0625,0.146484375,0.0732421875,-0.33203125,-0.8486328125
1031.494899,info,IMU,3315.8371,-0.17578125,-0.37109375,10.08203125,-0.22265625,-0.1171875,0.142578125,0.0712890625,-0.330078125,-0.84765625
1031.515108,info,IMU,3315.8571,-0.5625,-0.29296875,10.52734375,-0.1953125,-0.119140625,0.150390625,0.0712890625,-0.328125,-0.849609375
1031.535331,info,IMU,3315.8771,-0.40234375,-0.875,8.6953125,-0.169921875,-0.08984375,0.154296875,0.064453125,-0.322265625,-0.8505859375
1031.554925,info,IMU,3315.8971,-0.28515625,0.3515625,10.6171875,-0.1875,-0.154296875,0.150390625,0.0595703125,-0.318359375,-0.8505859375
1031.575171,info,IMU,3315.9171,-1.0078125,-0.65625,6.796875,-0.1328125,-0.177734375,0.15234375,0.0615234375,-0.314453125,-0.8505859375
1031.595404,info,IMU,3315.9371,-0.6796875,-0.39453125,10.359375,-0.275390625,-0.064453125,0.150390625,0.0556640625,-0.30859375,-0.8544921875
1031.615000,info,IMU,3315.9571,-0.40625,-0.4375,6.0546875,-0.23046875,-0.119140625,0.1640625,0.05078125,-0.3056640625,-0.857421875
1031.635235,info,IMU,3315.9771,-0.7109375,-0.3203125,11.6875,-0.22265625,-0.01171875,0.1640625,0.0478515625,-0.3017578125,-0.857421875
1031.654847,info,IMU,3315.9971,-0.16796875,-0.359375,6.87890625,-0.23828125,-0.0625,0.162109375,0.048828125,-0.294921875,-0.8564453125
1031.675050,info,IMU,3316.0171,-0.6484375,-1.05078125,10.82421875,-0.224609375,-0.05078125,0.166015625,0.04296875,-0.291015625,-0.857421875
1031.695287,info,IMU,3316.0371,0.1875,-0.828125,8.859375,-0.205078125,-0.119140625,0.162109375,0.0439453125,-0.2880859375,-0.8603515625
1031.714912,info,IMU,3316.0571,-0.515625,-0.36328125,8.78125,-0.146484375,-0.171875,0.171875,0.041015625,-0.2841796875,-0.861328125
1031.735118,info,IMU,3316.0771,-0.21875,-0.94140625,8.5390625,-0.2421875,-0.099609375,0.177734375,0.0390625,-0.2783203125,-0.861328125
1031.755375,info,IMU,3316.0971,-0.05859375,-0.11328125,8.4296875,-0.232421875,-0.150390625,0.185546875,0.0361328125,-0.2744140625,-0.8603515625
1031.774946,info,IMU,3316.1171,-0.6328125,-0.640625,9.44921875,-0.1796875,-0.080078125,0.1796875,0.033203125,-0.2666015625,-0.86328125
1031.795158,info,IMU,3316.1371,-0.9140625,-0.58203125,7.38671875,-0.17578125,-0.078125,0.1796875,0.0302734375,-0.263671875,-0.8642578125
1031.815384,info,IMU,3316.1571,-0.98046875,-0.62109375,9.17578125,-0.16015625,-0.033203125,0.1796875,0.0283203125,-0.259765625,-0.8671875
1031.834984,info,IMU,3316.1771,-0.6796875,-1.31640625,7.70703125,-0.23046875,0.00390625,0.189453125,0.0263671875,-0.2548828125,-0.8671875
1031.855209,info,IMU,3316.1971000000003,-0.33203125,-0.21484375,10.48828125,-0.181640625,-0.033203125,0.205078125,0.0234375,-0.2548828125,-0.8681640625
1031.874827,info,IMU,3316.2171000000003,-0.16015625,-0.36328125,8.703125,-0.2109375,0.01953125,0.193359375,0.021484375,-0.25,-0.87109375
1031.895028,info,IMU,3316.2371000000003,-0.44140625,-0.9921875,9.9765625,-0.134765625,-0.013671875,0.1875,0.0234375,-0.2470703125,-0.869140625
1031.916741,info,IMU,3316.2571000000003,-0.75,-1.38671875,9.5078125,-0.162109375,-0.0390625,0.19140625,0.0185546875,-0.2431640625,-0.8720703125
1031.934879,info,IMU,3316.2771000000002,-0.5625,-1.36328125,10.66796875,-0.103515625,-0.03125,0.201171875,0.015625,-0.244140625,-0.869140625
1031.955093,info,IMU,3316.2971000000002,-0.015625,-1.2421875,11.41015625,-0.134765625,-0.095703125,0.2109375,0.015625,-0.2392578125,-0.8701171875
1031.975313,info,IMU,3316.3171,-0.24609375,-1.23828125,9.4375,0.017578125,-0.126953125,0.212890625,0.0126953125,-0.236328125,-0.87109375
1031.994927,info,IMU,3316.3371,-0.72265625,-1.60546875,9.75,-0.05078125,-0.07421875,0.212890625,0.0087890625,-0.236328125,-0.869140625
1032.015161,info,IMU,3316.3571,-0.3671875,-1.23046875,7.9765625,-0.046875,-0.095703125,0.205078125,0.0078125,-0.232421875,-0.87109375
1032.035367,info,IMU,3316.3771,-0.828125,-1.47265625,10.359375,0.009765625,-0.072265625,0.197265625,0.0068359375,-0.2333984375,-0.869140625
1032.054978,info,IMU,3316.3971,-0.75,-1.22265625,8.81640625,-0.03125,-0.0625,0.216796875,0.001953125,-0.2333984375,-0.8671875
1032.075185,info,IMU,3316.4171,-0.44921875,-1.01171875,10.05859375,0.087890625,-0.052734375,0.2265625,0.001953125,-0.2333984375,-0.87109375
1032.094800,info,IMU,3316.4371,-0.41015625,-0.98828125,10.3359375,0.044921875,-0.0390625,0.216796875,0.0009765625,-0.232421875,-0.8701171875
1032.115018,info,IMU,3316.4571,-0.71484375,-1.14453125,8.40625,0.03515625,-0.060546875,0.216796875,-0.0029296875,-0.234375,-0.8701171875
1032.135263,info,IMU,3316.4771,-0.8671875,-1.05078125,9.53515625,0.080078125,-0.06640625,0.203125,-0.001953125,-0.2314453125,-0.869140625
1032.154864,info,IMU,3316.4971,-0.84765625,-1.01953125,9.58203125,-0.005859375,0.017578125,0.208984375,-0.0068359375,-0.2333984375,-0.8701171875
1032.175092,info,IMU,3316.5171,-1.140625,-1.640625,8.80078125,0.06640625,-0.0078125,0.220703125,-0.0048828125,-0.2333984375,-0.8681640625
1032.195292,info,IMU,3316.5371,-0.5625,-1.46875,11.328125,0.080078125,-0.017578125,0.212890625,-0.0087890625,-0.236328125,-0.869140625
1032.214912,info,IMU,3316.5571,-0.01953125,-1.1796875,10.46484375,0.017578125,0.021484375,0.224609375,-0.009765625,-0.23828125,-0.8681640625
1032.235143,info,IMU,3316.5771,-0.66015625,-1.35546875,10.609375,0.16796875,-0.103515625,0.201171875,-0.0107421875,-0.2392578125,-0.869140625
1032.255380,info,IMU,3316.5971,-1.1171875,-1.12890625,11.515625,0.08984375,-0.009765625,0.1953125,-0.013671875,-0.2431640625,-0.8681640625
1032.274945,info,IMU,3316.6171,-0.9609375,-1.23828125,8.75390625,0.18359375,-0.02734375,0.205078125,-0.015625,-0.2431640625,-0.8662109375
1032.295186,info,IMU,3316.6371,-0.9375,-0.84375,11.77734375,0.19140625,-0.099609375,0.20703125,-0.0146484375,-0.24609375,-0.8642578125
1032.314803,info,IMU,3316.6571,-0.8828125,-1.29296875,8.5234375,0.16015625,-0.03125,0.216796875,-0.0126953125,-0.244140625,-0.8662109375
1032.335062,info,IMU,3316.6771,-0.96875,-1.16796875,10.05078125,0.189453125,-0.029296875,0.20703125,-0.017578125,-0.248046875,-0.8642578125
1032.355259,info,IMU,3316.6971000000003,-1.31640625,-0.92578125,10.58984375,0.111328125,0.044921875,0.1953125,-0.021484375,-0.2529296875,-0.8623046875
1032.375070,info,IMU,3316.7171000000003,-1.24609375,-1.16796875,10.1796875,0.1171875,0.037109375,0.19140625,-0.0166015625,-0.2568359375,-0.8623046875
1032.395079,info,IMU,3316.7371000000003,-0.74609375,-0.69921875,10.6640625,0.173828125,-0.060546875,0.189453125,-0.0224609375,-0.26171875,-0.8603515625
1032.415322,info,IMU,3316.7571000000003,-0.76171875,-0.796875,10.26953125,0.111328125,0.0078125,0.20703125,-0.021484375,-0.263671875,-0.8603515625
1032.435025,info,IMU,3316.7771000000002,-0.859375,-0.83203125,9.76171875,0.234375,-0.01953125,0.197265625,-0.0234375,-0.2646484375,-0.8603515625
1032.455192,info,IMU,3316.7971000000002,-0.69140625,-0.9375,11.203125,0.13671875,0.0390625,0.181640625,-0.0234375,-0.267578125,-0.8583984375
1032.475605,info,IMU,3316.8171,-0.76953125,-0.9609375,10.21484375,0.16015625,-0.021484375,0.169921875,-0.0263671875,-0.2724609375,-0.8583984375
1032.494951,info,IMU,3316.8371,-1.1640625,-1.41015625,11.19921875,0.08203125,-0.015625,0.17578125,-0.02734375,-0.2744140625,-0.8564453125
1032.515190,info,IMU,3316.8571,-1.1484375,-1.0546875,9.96484375,0.23828125,-0.05078125,0.17578125,-0.02734375,-0.2783203125,-0.857421875
1032.534790,info,IMU,3316.8771,-1.1171875,-0.765625,10.75390625,0.125,-0.001953125,0.185546875,-0.029296875,-0.2802734375,-0.8583984375
1032.554986,info,IMU,3316.8971,-0.8046875,-0.625,9.46484375,0.248046875,-0.03515625,0.18359375,-0.0302734375,-0.2822265625,-0.85546875
1032.575237,info,IMU,3316.9171,-0.80859375,-0.54296875,11.73828125,0.095703125,0.021484375,0.171875,-0.03125,-0.2841796875,-0.8564453125
1032.594862,info,IMU,3316.9371,-0.85546875,-1.2890625,8.52734375,0.1953125,-0.01171875,0.162109375,-0.0341796875,-0.2880859375,-0.8525390625
1032.615107,info,IMU,3316.9571,-1.08984375,-0.74609375,12.6484375,0.052734375,0.017578125,0.162109375,-0.033203125,-0.2890625,-0.8505859375
1032.635282,info,IMU,3316.9771,-0.625,-0.55078125,9.9453125,0.08984375,-0.009765625,0.171875,-0.0361328125,-0.2890625,-0.8515625
1032.655336,info,IMU,3316.9971,-0.81640625,-0.3828125,11.953125,0.12109375,-0.072265625,0.16796875,-0.0380859375,-0.2939453125,-0.8525390625
1032.675167,info,IMU,3317.0171,-0.6171875,-0.78125,8.6015625,0.056640625,-0.03125,0.169921875,-0.041015625,-0.2958984375,-0.8505859375
1032.695353,info,IMU,3317.0371,-0.58203125,-0.66015625,11.14453125,0.076171875,-0.046875,0.162109375,-0.0390625,-0.296875,-0.8525390625
1032.714959,info,IMU,3317.0571,-1.15234375,-1.19140625,8.4453125,0.115234375,-0.119140625,0.15234375,-0.0439453125,-0.2978515625,-0.8505859375
1032.735169,info,IMU,3317.0771,-1.4296875,-0.89453125,9.90234375,0.09375,-0.09375,0.15625,-0.04296875,-0.30078125,-0.849609375
1032.754831,info,IMU,3317.0971,-1.1328125,-0.8359375,7.73046875,0.048828125,-0.076171875,0.169921875,-0.044921875,-0.3017578125,-0.8486328125
1032.774970,info,IMU,3317.1171,-0.8359375,-0.39453125,10.234375,0.080078125,-0.07421875,0.177734375,-0.046875,-0.298828125,-0.8486328125
1032.795307,info,IMU,3317.1371,-0.5,-0.40625,9.171875,-0.029296875,-0.00390625,0.177734375,-0.0498046875,-0.302734375,-0.8466796875
1032.814848,info,IMU,3317.1571,-0.48046875,-0.55078125,10.7421875,0.041015625,-0.033203125,0.162109375,-0.0546875,-0.3017578125,-0.8466796875
1032.835087,info,IMU,3317.1771,-0.6953125,-0.6171875,9.40234375,-0.052734375,-0.05859375,0.162109375,-0.0537109375,-0.3017578125,-0.8466796875
1032.855259,info,IMU,3317.1971000000003,-0.78515625,-0.515625,10.5,-0.03515625,-0.025390625,0.16796875,-0.0546875,-0.2998046875,-0.8466796875
1032.874860,info,IMU,3317.2171000000003,-0.6015625,-0.8515625,10.82421875,-0.078125,-0.00390625,0.1796875,-0.060546875,-0.3017578125,-0.8466796875
1032.895121,info,IMU,3317.2371000000003,-0.3984375,-0.68359375,10.41015625,0.017578125,-0.05859375,0.177734375,-0.0615234375,-0.30078125,-0.84765625
1032.915339,info,IMU,3317.2571000000003,-0.2578125,-0.46875,10.875,-0.041015625,-0.056640625,0.181640625,-0.0634765625,-0.298828125,-0.8466796875
1032.934944,info,IMU,3317.2771000000002,-0.40234375,-0.44921875,8.83203125,0.015625,-0.1796875,0.177734375,-0.0654296875,-0.298828125,-0.84765625
1032.955162,info,IMU,3317.2971000000002,-0.68359375,-0.33203125,10.1796875,-0.0703125,-0.150390625,0.17578125,-0.0654296875,-0.296875,-0.845703125
1032.975396,info,IMU,3317.3171,-0.71484375,-0.6953125,7.96484375,-0.068359375,-0.134765625,0.18359375,-0.0693359375,-0.2958984375,-0.84765625
1032.994988,info,IMU,3317.3371,-0.76953125,-0.3828125,9.58203125,-0.02734375,-0.099609375,0.189453125,-0.072265625,-0.2939453125,-0.8466796875
1033.015410,info,IMU,3317.3571,-0.59375,0.03125,8.30078125,-0.111328125,-0.0546875,0.1953125,-0.0771484375,-0.2900390625,-0.84765625
1033.034862,info,IMU,3317.3771,-0.65625,-0.40625,7.32421875,-0.07421875,-0.083984375,0.19140625,-0.0771484375,-0.287109375,-0.8466796875
1033.055053,info,IMU,3317.3971,-0.58984375,-0.7109375,9.39453125,-0.2109375,-0,0.1953125,-0.083984375,-0.2841796875,-0.8486328125
1033.075262,info,IMU,3317.4171,-0.38671875,-0.33984375,8.38671875,-0.140625,0.005859375,0.201171875,-0.08203125,-0.2822265625,-0.84765625
1033.094896,info,IMU,3317.4371,-0.69921875,-0.03125,10.22265625,-0.150390625,-0.009765625,0.1953125,-0.0849609375,-0.27734375,-0.8466796875
1033.115131,info,IMU,3317.4571,-0.21875,-0.5859375,9.1796875,-0.1875,0.03125,0.201171875,-0.0859375,-0.275390625,-0.8486328125
1033.135328,info,IMU,3317.4771,-0.17578125,-0.58203125,9.82421875,-0.171875,-0.017578125,0.21484375,-0.0869140625,-0.26953125,-0.8505859375
1033.154918,info,IMU,3317.4971,-0.359375,-1.203125,10.37109375,-0.1640625,0.025390625,0.20703125,-0.087890625,-0.267578125,-0.8505859375
1033.175146,info,IMU,3317.5171,0.07421875,-0.15234375,11.82421875,-0.19140625,0.017578125,0.20703125,-0.0908203125,-0.26171875,-0.8515625
1033.195381,info,IMU,3317.5371,-0.0234375,-0.3828125,8.515625,-0.111328125,-0.099609375,0.216796875,-0.0927734375,-0.2568359375,-0.8505859375
1033.214973,info,IMU,3317.5571,-0.37109375,-0.546875,9.9453125,-0.2109375,-0.025390625,0.21484375,-0.0947265625,-0.25390625,-0.853515625
1033.235248,info,IMU,3317.5771,-0.0546875,0.12109375,8.03125,-0.19921875,-0.021484375,0.21875,-0.095703125,-0.2509765625,-0.853515625
1033.254842,info,IMU,3317.5971,-0.65625,-0.46875,8.65625,-0.08984375,-0.001953125,0.212890625,-0.0947265625,-0.2470703125,-0.8525390625
1033.275047,info,IMU,3317.6171,-0.48828125,-0.12890625,9.125,-0.1953125,0.107421875,0.216796875,-0.095703125,-0.2421875,-0.8544921875
1033.295273,info,IMU,3317.6371,-0.43359375,-0.02734375,7.53515625,-0.125,-0.0234375,0.21875,-0.095703125,-0.236328125,-0.8564453125
1033.315039,info,IMU,3317.6571,-0.359375,-0.6171875,9.78125,-0.2109375,0.130859375,0.21875,-0.0947265625,-0.234375,-0.85546875
1033.335130,info,IMU,3317.6771,0.28515625,-0.33984375,8.0078125,-0.220703125,0.046875,0.22265625,-0.095703125,-0.23046875,-0.857421875
1033.355324,info,IMU,3317.6971000000003,-0.2734375,-0.5234375,10.65625,-0.1484375,0.0234375,0.224609375,-0.0927734375,-0.2236328125,-0.8603515625
1033.374911,info,IMU,3317.7171000000003,-0.0859375,-0.6796875,10.10546875,-0.205078125,0.107421875,0.2109375,-0.095703125,-0.220703125,-0.8564453125
1033.395154,info,IMU,3317.7371000000003,-0.2109375,-0.23046875,8.07421875,-0.103515625,0.001953125,0.232421875,-0.0908203125,-0.2158203125,-0.861328125
1033.415369,info,IMU,3317.7571000000003,-0.421875,-0.63671875,10.125,-0.126953125,0.1015625,0.220703125,-0.091796875,-0.212890625,-0.8623046875
1033.435086,info,IMU,3317.7771000000002,-0.15234375,0.19921875,7.2109375,-0.189453125,0.1015625,0.224609375,-0.0888671875,-0.2099609375,-0.86328125
1033.455201,info,IMU,3317.7971000000002,-0.84765625,-0.4765625,9.921875,-0.08203125,0.14453125,0.21875,-0.0888671875,-0.20703125,-0.86328125
1033.474802,info,IMU,3317.8171,-0.6328125,-0.46875,8.23046875,-0.12890625,0.205078125,0.21484375,-0.0849609375,-0.2021484375,-0.861328125
1033.495034,info,IMU,3317.8371,-0.6875,-0.2890625,8.71484375,-0.107421875,0.169921875,0.22265625,-0.08203125,-0.1962890625,-0.8662109375
1033.515228,info,IMU,3317.8571,-0.140625,-0.625,9.9765625,-0.1328125,0.20703125,0.216796875,-0.08203125,-0.1962890625,-0.8671875
1033.534853,info,IMU,3317.8771,-0.078125,-0.5234375,10.609375,-0.2109375,0.2265625,0.2265625,-0.0791015625,-0.19140625,-0.8662109375
1033.555096,info,IMU,3317.8971,-0.23828125,-1.09765625,9.328125,-0.005859375,0.150390625,0.21875,-0.0751953125,-0.19140625,-0.8671875
1033.575318,info,IMU,3317.9171,-0.08203125,-0.40625,12.375,-0.162109375,0.23046875,0.21484375,-0.072265625,-0.1865234375,-0.87109375
1033.594916,info,IMU,3317.9371,-0.1328125,-0.38671875,9.51953125,-0.041015625,0.123046875,0.22265625,-0.068359375,-0.18359375,-0.87109375
1033.615120,info,IMU,3317.9571,-0.68359375,-0.80859375,11.68359375,-0.033203125,0.14453125,0.220703125,-0.0673828125,-0.181640625,-0.87109375
1033.635388,info,IMU,3317.9771,-0.54296875,-0.63671875,8.12890625,-0.00390625,0.134765625,0.220703125,-0.0625,-0.1796875,-0.87109375
1033.654987,info,IMU,3317.9971,-1.13671875,-0.88671875,9.46875,-0.005859375,0.130859375,0.220703125,-0.0595703125,-0.1796875,-0.8701171875
1033.675228,info,IMU,3318.0171,-1.07421875,-0.4921875,9.15625,-0.052734375,0.15625,0.21875,-0.056640625,-0.1767578125,-0.8759765625
1033.694800,info,IMU,3318.0371,-1.12890625,-0.41015625,8.65234375,-0.029296875,0.171875,0.220703125,-0.05078125,-0.1748046875,-0.873046875
1033.715007,info,IMU,3318.0571,-0.73828125,-0.89453125,9.5625,0.00390625,0.24609375,0.21484375,-0.0478515625,-0.17578125,-0.875
1033.735233,info,IMU,3318.0771,-0.640625,-1.03515625,8.52734375,-0.0078125,0.232421875,0.2265625,-0.0478515625,-0.1728515625,-0.8759765625
1033.754848,info,IMU,3318.0971,-0.8046875,-0.8515625,10.32421875,0.001953125,0.22265625,0.21484375,-0.044921875,-0.17578125,-0.8759765625
1033.775097,info,IMU,3318.1171,-0.71484375,-1.125,10.32421875,-0.05078125,0.173828125,0.212890625,-0.0419921875,-0.1728515625,-0.873046875
1033.795307,info,IMU,3318.1371,-0.50390625,-1.33203125,10.25390625,0.080078125,0.09375,0.22265625,-0.0390625,-0.1767578125,-0.875
1033.814912,info,IMU,3318.1571,-0.875,-1.9453125,10.8203125,0.037109375,0.1875,0.22265625,-0.0361328125,-0.1748046875,-0.8759765625
1033.835134,info,IMU,3318.1771,-0.71484375,-1.3984375,11.6953125,0.09765625,0.115234375,0.220703125,-0.03515625,-0.1767578125,-0.8759765625
1033.855398,info,IMU,3318.1971000000003,-0.609375,-1.12109375,11.05859375,0.02734375,0.0625,0.21875,-0.03125,-0.1767578125,-0.8779296875
1033.874956,info,IMU,3318.2171000000003,-1.01171875,-1.36328125,11.26953125,0.11328125,0.033203125,0.212890625,-0.0302734375,-0.17578125,-0.8759765625
1033.895180,info,IMU,3318.2371000000003,-1.078125,-1.29296875,9.65234375,0.16015625,0.00390625,0.21484375,-0.03125,-0.1787109375,-0.876953125
1033.914786,info,IMU,3318.2571000000003,-1.48828125,-1.09375,10.42578125,0.146484375,0.015625,0.212890625,-0.0283203125,-0.181640625,-0.876953125
1033.935046,info,IMU,3318.2771000000002,-1.43359375,-1.56640625,9.0234375,0.078125,0.083984375,0.224609375,-0.0283203125,-0.18359375,-0.8759765625
1033.955225,info,IMU,3318.2971000000002,-0.92578125,-1.0625,11.62109375,0.1171875,0.04296875,0.212890625,-0.0283203125,-0.185546875,-0.8759765625
1033.974839,info,IMU,3318.3171,-1.015625,-1.171875,9.2265625,0.138671875,-0.05078125,0.21484375,-0.02734375,-0.1865234375,-0.875
1033.995094,info,IMU,3318.3371,-1.60546875,-0.90234375,10.69921875,0.16796875,-0.0859375,0.20703125,-0.0302734375,-0.1875,-0.876953125
1034.015311,info,IMU,3318.3571,-1.91796875,-1.203125,8.28515625,0.05859375,-0.00390625,0.208984375,-0.029296875,-0.1884765625,-0.8759765625
1034.034896,info,IMU,3318.3771,-1.50390625,-1.4609375,12.25,0.125,0.044921875,0.203125,-0.0322265625,-0.19140625,-0.873046875
1034.055142,info,IMU,3318.3971,-1.00390625,-1.8046875,10.03125,0.091796875,-0.017578125,0.201171875,-0.0341796875,-0.1923828125,-0.8720703125
1034.075366,info,IMU,3318.4171,-1.40234375,-1.4140625,12.19921875,0.12890625,-0.068359375,0.197265625,-0.0380859375,-0.197265625,-0.8740234375
1034.094943,info,IMU,3318.4371,-1.078125,-1.80859375,10.21875,0.0625,-0.013671875,0.197265625,-0.037109375,-0.1953125,-0.8720703125
1034.115175,info,IMU,3318.4571,-0.9453125,-1.359375,14.09375,0.056640625,-0.013671875,0.19140625,-0.0400390625,-0.19921875,-0.8720703125
1034.134776,info,IMU,3318.4771,-1.33203125,-1.5234375,11.30078125,0.10546875,-0.107421875,0.197265625,-0.0439453125,-0.201171875,-0.8720703125
1034.154997,info,IMU,3318.4971,-0.95703125,-1.015625,13.140625,0.15234375,-0.1328125,0.1953125,-0.046875,-0.2021484375,-0.8701171875
1034.175218,info,IMU,3318.5171,-0.640625,-0.6796875,9.828125,0.134765625,-0.23046875,0.19140625,-0.0478515625,-0.2041015625,-0.869140625
1034.194811,info,IMU,3318.5371,-1.30078125,-1.1484375,10.89453125,0.1640625,-0.248046875,0.185546875,-0.0537109375,-0.20703125,-0.87109375
1034.215079,info,IMU,3318.5571,-1.2578125,-1.3046875,9.32421875,0.09765625,-0.24609375,0.177734375,-0.0556640625,-0.205078125,-0.8681640625
1034.235300,info,IMU,3318.5771,-1.2421875,-1.0234375,10.828125,0.11328125,-0.22265625,0.17578125,-0.0615234375,-0.2099609375,-0.8671875
1034.254878,info,IMU,3318.5971,-1.18359375,-0.99609375,10.59765625,0.140625,-0.11328125,0.1796875,-0.0654296875,-0.2119140625,-0.8671875
1034.275109,info,IMU,3318.6171,-1.078125,-0.72265625,10.69140625,0.103515625,-0.1015625,0.177734375,-0.0703125,-0.212890625,-0.8662109375
1034.295343,info,IMU,3318.6371,-1.19140625,-0.87109375,11.078125,0.115234375,-0.15234375,0.1640625,-0.0732421875,-0.212890625,-0.865234375
1034.314931,info,IMU,3318.6571,-1.046875,-1.5390625,10.85546875,-0.00390625,-0.107421875,0.16796875,-0.078125,-0.2138671875,-0.865234375
1034.335169,info,IMU,3318.6771,-0.90625,-1.3203125,12.12890625,0.064453125,-0.173828125,0.15625,-0.0810546875,-0.21484375,-0.8642578125
1034.354798,info,IMU,3318.6971000000003,-1.265625,-1.5703125,13.0625,0.015625,-0.123046875,0.15625,-0.0830078125,-0.216796875,-0.8623046875
1034.374975,info,IMU,3318.7171000000003,-0.71484375,-0.65625,11.19140625,0.11328125,-0.138671875,0.16015625,-0.0859375,-0.2177734375,-0.8603515625
1034.395247,info,IMU,3318.7371000000003,-0.66796875,-0.4140625,12.2890625,0.041015625,-0.1015625,0.15625,-0.0888671875,-0.21875,-0.859375
1034.414816,info,IMU,3318.7571000000003,-0.76171875,-0.44921875,9.3515625,0.193359375,-0.158203125,0.142578125,-0.0908203125,-0.2177734375,-0.8623046875
1034.435070,info,IMU,3318.7771000000002,-1.09375,-0.55078125,10.875,0.01953125,-0.087890625,0.13671875,-0.0947265625,-0.21875,-0.857421875
1034.455297,info,IMU,3318.7971000000002,-0.90625,-1.1484375,9.51953125,0.06640625,-0.0625,0.142578125,-0.0986328125,-0.21875,-0.8603515625
1034.474888,info,IMU,3318.8171,-0.90625,-0.921875,11.734375,-0.052734375,-0.01171875,0.142578125,-0.099609375,-0.220703125,-0.8583984375
1034.495088,info,IMU,3318.8371,-0.4765625,-0.73046875,10.8359375,0.029296875,-0.0546875,0.13671875,-0.1015625,-0.2177734375,-0.8583984375
1034.515334,info,IMU,3318.8571,-0.28515625,-0.71484375,12.3125,-0.046875,0.005859375,0.146484375,-0.103515625,-0.21875,-0.857421875
1034.534920,info,IMU,3318.8771,0.046875,0.02734375,10.7265625,0.080078125,-0.0703125,0.1328125,-0.1064453125,-0.2197265625,-0.8583984375
1034.555169,info,IMU,3318.8971,-0.71484375,-0.4375,11.52734375,0.044921875,-0.095703125,0.130859375,-0.1044921875,-0.2197265625,-0.859375
1034.574751,info,IMU,3318.9171,-0.9453125,-0.71875,8.703125,0.046875,-0.076171875,0.12109375,-0.1064453125,-0.216796875,-0.859375
1034.594967,info,IMU,3318.9371,-1.46875,-0.69140625,10.3671875,-0.02734375,-0.0078125,0.126953125,-0.10546875,-0.2158203125,-0.85546875
1034.615211,info,IMU,3318.9571,-1.08203125,-0.80078125,9.578125,0.021484375,0.083984375,0.1328125,-0.109375,-0.2158203125,-0.857421875
1034.634821,info,IMU,3318.9771,-0.3515625,-0.54296875,9.94921875,-0.017578125,0.0625,0.130859375,-0.109375,-0.216796875,-0.8583984375
1034.655209,info,IMU,3318.9971,-0.1875,-0.50390625,11.08984375,-0.041015625,0.12109375,0.130859375,-0.1083984375,-0.21484375,-0.857421875
1034.675260,info,IMU,3319.0171,0.0234375,-0.703125,8.73828125,-0.0390625,0.068359375,0.12890625,-0.109375,-0.2158203125,-0.8564453125
1034.694871,info,IMU,3319.0371,-0.3046875,-0.125,11.74609375,-0.046875,0.0390625,0.130859375,-0.107421875,-0.2158203125,-0.8583984375
1034.715091,info,IMU,3319.0571,-0.35546875,-0.6171875,8.2578125,-0.03125,0.048828125,0.13671875,-0.10546875,-0.2138671875,-0.857421875
1034.735324,info,IMU,3319.0771,-0.4765625,-0.56640625,10.14453125,0.005859375,-0.017578125,0.138671875,-0.1064453125,-0.212890625,-0.861328125
1034.756239,info,IMU,3319.0971,-0.484375,-0.5390625,10.23046875,0.00390625,-0.0234375,0.14453125,-0.1064453125,-0.2138671875,-0.857421875
1034.775156,info,IMU,3319.1171,-0.265625,-0.515625,9.31640625,-0.048828125,0.025390625,0.146484375,-0.1064453125,-0.212890625,-0.8583984375
1034.794757,info,IMU,3319.1371,-0.14453125,-0.69140625,8.58203125,0.0703125,-0.046875,0.14453125,-0.10546875,-0.208984375,-0.859375
1034.814954,info,IMU,3319.1571,-0.3828125,-0.390625,9.73046875,-0.044921875,0.0390625,0.146484375,-0.1044921875,-0.2109375,-0.857421875
1034.835197,info,IMU,3319.1771,-0.53125,-0.55078125,6.7890625,0.048828125,-0.015625,0.138671875,-0.103515625,-0.2080078125,-0.8623046875
1034.856596,info,IMU,3319.1971000000003,-0.91015625,-0.28125,10.6875,-0.03125,0.052734375,0.1484375,-0.1025390625,-0.2080078125,-0.861328125
1034.875041,info,IMU,3319.2171000000003,-0.5546875,-0.43359375,6.390625,-0.03515625,0.03515625,0.162109375,-0.1044921875,-0.205078125,-0.8623046875
1034.895267,info,IMU,3319.2371000000003,-0.41015625,-0.4140625,10.0234375,-0.03515625,-0.005859375,0.15625,-0.1025390625,-0.2060546875,-0.8603515625
1034.915033,info,IMU,3319.2571000000003,-0.16015625,-0.57421875,7.62109375,-0.052734375,0.119140625,0.166015625,-0.103515625,-0.2060546875,-0.8623046875
1034.935081,info,IMU,3319.2771000000002,-0.54296875,-0.140625,8.85546875,-0.001953125,0.072265625,0.1640625,-0.1025390625,-0.2001953125,-0.859375
1034.956955,info,IMU,3319.2971000000002,-0.60546875,-0.6796875,9.32421875,-0.08203125,0.140625,0.158203125,-0.103515625,-0.201171875,-0.8603515625
1034.974914,info,IMU,3319.3171,-0.3671875,-0.30078125,9.046875,-0.05859375,0.05859375,0.16015625,-0.1015625,-0.197265625,-0.86328125
1034.995147,info,IMU,3319.3371,-0.6171875,-0.796875,10.61328125,-0.037109375,0.064453125,0.171875,-0.099609375,-0.1982421875,-0.86328125
1035.014755,info,IMU,3319.3571,-0.34375,-0.42578125,8.88671875,-0,-0.04296875,0.173828125,-0.1005859375,-0.1962890625,-0.86328125
1035.034937,info,IMU,3319.3771,-1.10546875,-0.58203125,8.0390625,-0.046875,-0.0234375,0.181640625,-0.1005859375,-0.1962890625,-0.8642578125
1035.057468,info,IMU,3319.3971,-0.57421875,-0.54296875,8.02734375,-0.017578125,0.044921875,0.173828125,-0.0986328125,-0.1923828125,-0.8623046875
1035.075078,info,IMU,3319.4171,-0.62890625,0.0625,8.5703125,-0.111328125,0.041015625,0.1796875,-0.103515625,-0.193359375,-0.8642578125
1035.095038,info,IMU,3319.4371,-0.69140625,-0.75390625,7.5703125,-0.033203125,0.09375,0.1796875,-0.1025390625,-0.1904296875,-0.8662109375
1035.115277,info,IMU,3319.4571,-0.6875,-0.3125,9.75390625,-0.076171875,0.05078125,0.177734375,-0.099609375,-0.1865234375,-0.86328125
1035.134843,info,IMU,3319.4771,-0.875,-0.4453125,7.46875,-0.078125,0.056640625,0.1875,-0.1005859375,-0.1845703125,-0.8642578125
1035.157859,info,IMU,3319.4971,-0.3984375,-0.40234375,11.015625,-0.095703125,0.095703125,0.1953125,-0.1025390625,-0.1875,-0.865234375
1035.175300,info,IMU,3319.5171,-0.3359375,-0.57421875,8.44921875,-0.09765625,-0.0078125,0.197265625,-0.1025390625,-0.181640625,-0.865234375
1035.194880,info,IMU,3319.5371,-0.5703125,-0.78515625,10.8828125,-0.029296875,0.0625,0.193359375,-0.10546875,-0.1787109375,-0.8671875
1035.215113,info,IMU,3319.5571,-0.23046875,-0.62109375,8.83203125,-0.078125,-0.05078125,0.189453125,-0.10546875,-0.177734375,-0.8671875
1035.235334,info,IMU,3319.5771,-0.66796875,-0.6953125,10.33203125,-0.052734375,-0.03515625,0.201171875,-0.1015625,-0.173828125,-0.865234375
1035.254942,info,IMU,3319.5971,-0.59375,-1.11328125,7.4375,-0.07421875,-0.044921875,0.203125,-0.1044921875,-0.1728515625,-0.8662109375
1035.275164,info,IMU,3319.6171,-0.3984375,-0.390625,9.75390625,-0.080078125,-0.083984375,0.20703125,-0.103515625,-0.169921875,-0.865234375
1035.294789,info,IMU,3319.6371,-0.44921875,-0.86328125,6.8515625,-0.0234375,-0.076171875,0.208984375,-0.1044921875,-0.1689453125,-0.8662109375
1035.316608,info,IMU,3319.6571,-0.7421875,-0.125,10.34375,-0.080078125,-0.06640625,0.205078125,-0.109375,-0.1669921875,-0.8662109375
1035.335252,info,IMU,3319.6771,-0.94140625,-0.94140625,5.671875,-0.111328125,-0.09765625,0.205078125,-0.1064453125,-0.1650390625,-0.8671875
1035.354818,info,IMU,3319.6971000000003,-0.7578125,-1.04296875,10.3515625,-0.1015625,0.01953125,0.205078125,-0.1064453125,-0.1630859375,-0.865234375
1035.375061,info,IMU,3319.7171000000003,-0.25,-0.70703125,8.8671875,-0.126953125,0.009765625,0.2109375,-0.11328125,-0.1591796875,-0.8662109375
1035.395302,info,IMU,3319.7371000000003,-0.82421875,-1.2109375,9.80859375,-0.080078125,-0.046875,0.216796875,-0.115234375,-0.1572265625,-0.865234375
1035.414898,info,IMU,3319.7571000000003,-0.4609375,-1.50390625,8.9296875,-0.056640625,-0.072265625,0.2109375,-0.1162109375,-0.1533203125,-0.8642578125
1035.435138,info,IMU,3319.7771000000002,-0.5234375,-1.0390625,9.6640625,-0.109375,-0.146484375,0.21875,-0.1201171875,-0.1533203125,-0.8662109375
1035.455323,info,IMU,3319.7971000000002,-0.65625,-1.52734375,7.83984375,-0.009765625,-0.193359375,0.224609375,-0.1201171875,-0.150390625,-0.8681640625
1035.474918,info,IMU,3319.8171,-0.5,-0.68359375,9.19140625,-0.09765625,-0.173828125,0.228515625,-0.1240234375,-0.1474609375,-0.865234375
1035.495154,info,IMU,3319.8371,-0.6953125,-0.890625,7.140625,-0.05078125,-0.185546875,0.232421875,-0.1279296875,-0.146484375,-0.8662109375
1035.514782,info,IMU,3319.8571,-0.82421875,-0.8828125,8.265625,-0.08984375,-0.138671875,0.228515625,-0.1279296875,-0.140625,-0.86328125
1035.535025,info,IMU,3319.8771,-0.59765625,-0.8203125,8.28515625,-0.091796875,-0.060546875,0.228515625,-0.1318359375,-0.138671875,-0.8642578125
1035.555237,info,IMU,3319.8971,-0.41796875,-0.95703125,8.984375,-0.099609375,-0.07421875,0.23046875,-0.1376953125,-0.138671875,-0.8642578125
1035.574806,info,IMU,3319.9171,-0.29296875,-1.10546875,9.921875,-0.037109375,-0.01953125,0.23046875,-0.140625,-0.1357421875,-0.86328125
1035.595057,info,IMU,3319.9371,-0.16015625,-0.7421875,8.26171875,-0.046875,-0.1171875,0.236328125,-0.142578125,-0.130859375,-0.8623046875
1035.615286,info,IMU,3319.9571,-0.33984375,-1.140625,10.85546875,-0.0859375,-0.078125,0.236328125,-0.1455078125,-0.126953125,-0.86328125
1035.634891,info,IMU,3319.9771,0.046875,-1.1484375,9.8671875,-0.095703125,-0.150390625,0.244140625,-0.1494140625,-0.126953125,-0.86328125
1035.655098,info,IMU,3319.9971,-0.5625,-1.30078125,10.85546875,-0.025390625,-0.166015625,0.25,-0.154296875,-0.1279296875,-0.86328125
1035.675320,info,IMU,3320.0171,-0.4375,-1.06640625,9.59765625,0.03515625,-0.154296875,0.2421875,-0.1552734375,-0.123046875,-0.861328125
1035.694913,info,IMU,3320.0371,-0.5390625,-0.765625,9.078125,-0.044921875,-0.154296875,0.2578125,-0.158203125,-0.125,-0.8623046875
1035.715163,info,IMU,3320.0571,-0.375,-1.21875,9.23828125,0.029296875,-0.0859375,0.2578125,-0.1591796875,-0.119140625,-0.861328125
1035.734775,info,IMU,3320.0771,-0.34765625,-0.60546875,7.921875,-0.041015625,-0.111328125,0.25390625,-0.1611328125,-0.1171875,-0.861328125
1035.755037,info,IMU,3320.0971,-0.44921875,-1.00390625,9.6796875,0.0078125,-0.05859375,0.251953125,-0.166015625,-0.1171875,-0.8603515625
1035.775216,info,IMU,3320.1171,-0.4765625,-1.14453125,8.5859375,-0.041015625,-0.078125,0.26171875,-0.1689453125,-0.1171875,-0.8564453125
1035.794814,info,IMU,3320.1371,-0.45703125,-0.828125,11.08203125,0.0078125,-0.0546875,0.26171875,-0.1708984375,-0.1162109375,-0.85546875
1035.815063,info,IMU,3320.1571,-0.18359375,-1.16796875,9.015625,-0.09765625,-0,0.26171875,-0.169921875,-0.111328125,-0.85546875
1035.835277,info,IMU,3320.1771,0.0859375,-0.765625,11.38671875,0.0078125,-0.0703125,0.263671875,-0.173828125,-0.1103515625,-0.8603515625
1035.854873,info,IMU,3320.1971000000003,-0.17578125,-0.890625,9.55859375,-0.056640625,-0.0859375,0.267578125,-0.1748046875,-0.1064453125,-0.857421875
1035.875098,info,IMU,3320.2171000000003,-0.59375,-1.5,10.41015625,0.1015625,-0.103515625,0.267578125,-0.1787109375,-0.111328125,-0.85546875
1035.895320,info,IMU,3320.2371000000003,-0.58203125,-1.26953125,8.82421875,0.056640625,-0.126953125,0.267578125,-0.177734375,-0.1083984375,-0.859375
1035.914920,info,IMU,3320.2571000000003,-1.01171875,-0.796875,10.6640625,-0.025390625,-0.029296875,0.27734375,-0.177734375,-0.10546875,-0.85546875
1035.935160,info,IMU,3320.2771000000002,-0.97265625,-0.94140625,7.96484375,0.12109375,-0.03125,0.26953125,-0.177734375,-0.1044921875,-0.85546875
1035.954805,info,IMU,3320.2971000000002,-0.8046875,-0.19921875,11.51953125,-0.021484375,0.072265625,0.267578125,-0.181640625,-0.1025390625,-0.85546875
1035.975013,info,IMU,3320.3171,-0.6640625,-1.046875,8.16796875,0.0546875,0.041015625,0.2734375,-0.181640625,-0.103515625,-0.8564453125
1035.995211,info,IMU,3320.3371,-0.35546875,-0.48046875,12.296875,0.01171875,-0.046875,0.265625,-0.181640625,-0.1025390625,-0.85546875
1036.014807,info,IMU,3320.3571,-0.5625,-1.015625,9.0234375,-0.048828125,0.025390625,0.26953125,-0.1826171875,-0.099609375,-0.85546875
1036.035040,info,IMU,3320.3771,-0.875,-1.15234375,10.84375,0.033203125,0.01953125,0.267578125,-0.1826171875,-0.1015625,-0.857421875
1036.055271,info,IMU,3320.3971,-0.8359375,-0.96484375,9.890625,-0.021484375,0.05859375,0.26171875,-0.181640625,-0.099609375,-0.85546875
1036.074864,info,IMU,3320.4171,-0.70703125,-0.7578125,12.28125,0.021484375,0.0234375,0.263671875,-0.1875,-0.0986328125,-0.853515625
1036.095081,info,IMU,3320.4371,-0.46875,-0.65234375,9.5,0.021484375,-0.076171875,0.259765625,-0.1845703125,-0.0986328125,-0.85546875
1036.115311,info,IMU,3320.4571,-1.16796875,-0.6796875,10.23828125,0.080078125,-0.08203125,0.263671875,-0.18359375,-0.09765625,-0.85546875
1036.134906,info,IMU,3320.4771,-1.13671875,-0.36328125,8.87109375,0.01171875,-0.021484375,0.255859375,-0.1875,-0.0966796875,-0.85546875
1036.155151,info,IMU,3320.4971,-1.0703125,-0.44921875,9.90625,0.037109375,-0.00390625,0.248046875,-0.1875,-0.09375,-0.85546875
1036.174744,info,IMU,3320.5171,-0.98828125,-0.671875,9.46484375,0.017578125,-0.015625,0.251953125,-0.1884765625,-0.09375,-0.857421875
1036.194994,info,IMU,3320.5371,-0.7109375,-0.4921875,9.91796875,0.033203125,-0.087890625,0.251953125,-0.1875,-0.09375,-0.8544921875
1036.215188,info,IMU,3320.5571,-0.96484375,-0.30078125,8.37890625,0.037109375,-0.109375,0.248046875,-0.1884765625,-0.08984375,-0.8583984375
1036.234807,info,IMU,3320.5771,-1.46484375,-0.20703125,9.1875,-0.04296875,0.01171875,0.23828125,-0.189453125,-0.0859375,-0.85546875
1036.255053,info,IMU,3320.5971,-1.203125,-0.359375,9.03515625,-0.08984375,-0,0.23046875,-0.1884765625,-0.0869140625,-0.85546875
1036.275244,info,IMU,3320.6171,-1.203125,-0.60546875,10.40234375,-0.041015625,-0.05078125,0.224609375,-0.1923828125,-0.0849609375,-0.8544921875
1036.294897,info,IMU,3320.6371,-1.0859375,-0.8203125,9.47265625,-0.046875,0.009765625,0.228515625,-0.1923828125,-0.080078125,-0.8544921875
1036.315531,info,IMU,3320.6571,-1.234375,-0.24609375,8.90234375,-0.0078125,-0.07421875,0.21875,-0.193359375,-0.0810546875,-0.85546875
1036.335646,info,IMU,3320.6771,-0.9140625,-0.328125,11.453125,-0.125,-0.001953125,0.2109375,-0.1953125,-0.078125,-0.853515625
1036.354898,info,IMU,3320.6971000000003,-0.36328125,-0.1015625,10.13671875,-0.119140625,-0.04296875,0.20703125,-0.197265625,-0.07421875,-0.853515625
1036.375135,info,IMU,3320.7171000000003,-0.91015625,-0.6015625,11.140625,-0.0078125,-0.087890625,0.205078125,-0.197265625,-0.07421875,-0.8544921875
1036.394756,info,IMU,3320.7371000000003,-0.71484375,-0.234375,9.62109375,-0.01953125,-0.064453125,0.1953125,-0.2001953125,-0.0703125,-0.853515625
1036.415016,info,IMU,3320.7571000000003,-0.6640625,0.0546875,9.5625,-0.06640625,-0.1015625,0.1953125,-0.2001953125,-0.0673828125,-0.8515625
1036.435179,info,IMU,3320.7771000000002,-0.765625,-0.36328125,9.671875,-0.009765625,-0.150390625,0.189453125,-0.203125,-0.064453125,-0.853515625
1036.454778,info,IMU,3320.7971000000002,-0.8828125,-0.12890625,8.8671875,-0.14453125,-0.111328125,0.181640625,-0.2041015625,-0.064453125,-0.8515625
1036.475042,info,IMU,3320.8171,-1,-0.66796875,8.69921875,-0.0546875,-0.12109375,0.173828125,-0.2041015625,-0.05859375,-0.8525390625
1036.495261,info,IMU,3320.8371,-0.54296875,0.03125,10.2578125,-0.115234375,-0.119140625,0.16796875,-0.208984375,-0.0576171875,-0.849609375
1036.514832,info,IMU,3320.8571,-0.9765625,-0.51171875,7.890625,-0.09375,-0.091796875,0.17578125,-0.2099609375,-0.0546875,-0.8505859375
1036.535059,info,IMU,3320.8771,-0.82421875,-0.48046875,10.01171875,-0.060546875,-0.08984375,0.158203125,-0.208984375,-0.0498046875,-0.8515625
1036.555293,info,IMU,3320.8971,-0.90234375,-0.71875,9.37109375,-0.18359375,-0.01171875,0.16015625,-0.2119140625,-0.0478515625,-0.8515625
1036.574876,info,IMU,3320.9171,-1.08984375,-0.9765625,9.421875,-0.033203125,-0.09765625,0.150390625,-0.21484375,-0.044921875,-0.849609375
1036.595134,info,IMU,3320.9371,-0.93359375,-0.91796875,11.07421875,-0.181640625,-0.048828125,0.15234375,-0.2138671875,-0.04296875,-0.84765625
1036.614861,info,IMU,3320.9571,-0.6640625,-0.9375,7.734375,-0.029296875,-0.1015625,0.15625,-0.21484375,-0.0380859375,-0.849609375
1036.634951,info,IMU,3320.9771,-1.09375,-0.87109375,12.04296875,-0.09765625,-0.107421875,0.1484375,-0.2158203125,-0.0361328125,-0.8486328125
1036.655186,info,IMU,3320.9971,-1.046875,-0.96875,6.40625,-0.0625,-0.13671875,0.14453125,-0.2158203125,-0.0341796875,-0.849609375
1036.674935,info,IMU,3321.0171,-0.98828125,-1.0390625,11.6640625,-0.126953125,-0.0234375,0.142578125,-0.2177734375,-0.0322265625,-0.84765625
1036.695042,info,IMU,3321.0371,-0.6171875,-0.92578125,7.42578125,-0.0390625,-0.005859375,0.14453125,-0.2177734375,-0.0283203125,-0.8486328125
1036.715287,info,IMU,3321.0571,-0.9765625,-0.69140625,11.0234375,-0.087890625,-0.013671875,0.138671875,-0.2197265625,-0.02734375,-0.8466796875
1036.734842,info,IMU,3321.0771,-0.3515625,-1.46875,8.74609375,-0.083984375,-0.005859375,0.130859375,-0.220703125,-0.0234375,-0.845703125
1036.755082,info,IMU,3321.0971,-0.171875,-0.609375,11.40234375,-0.052734375,-0.10546875,0.134765625,-0.2216796875,-0.0234375,-0.84765625
1036.775309,info,IMU,3321.1171,-0.6953125,-1.88671875,9.26953125,-0.08203125,0.0078125,0.1328125,-0.2216796875,-0.0205078125,-0.8466796875
1036.794865,info,IMU,3321.1371,-0.12109375,-0.9453125,11.44921875,0.056640625,-0.017578125,0.126953125,-0.2255859375,-0.017578125,-0.84765625
1036.815118,info,IMU,3321.1571,-0.23828125,-1.421875,9.83984375,-0.07421875,0.0234375,0.140625,-0.2216796875,-0.0185546875,-0.84765625
1036.834724,info,IMU,3321.1771,-0.21875,-1.0078125,10.4609375,0.076171875,0.01953125,0.13671875,-0.224609375,-0.015625,-0.8466796875
1036.854950,info,IMU,3321.1971000000003,-0.45703125,-0.87890625,10.37109375,-0.06640625,0.064453125,0.134765625,-0.224609375,-0.013671875,-0.8466796875
1036.875154,info,IMU,3321.2171000000003,-0.63671875,-1.421875,9.3515625,0.03515625,0.052734375,0.1328125,-0.22265625,-0.01171875,-0.84765625
1036.894770,info,IMU,3321.2371000000003,-0.34375,-1.5390625,10.75390625,-0.11328125,0.083984375,0.146484375,-0.220703125,-0.0107421875,-0.84765625
1036.915029,info,IMU,3321.2571000000003,-0.046875,-1.1875,10.08203125,-0.01953125,0.05078125,0.14453125,-0.22265625,-0.0107421875,-0.84765625
1036.935245,info,IMU,3321.2771000000002,-0.03125,-0.5234375,12.20703125,-0.029296875,0.013671875,0.150390625,-0.2216796875,-0.0146484375,-0.845703125
1036.954849,info,IMU,3321.2971000000002,0.109375,-0.93359375,8.390625,0.126953125,-0.01953125,0.146484375,-0.2158203125,-0.009765625,-0.8486328125
1036.975039,info,IMU,3321.3171,-0.66015625,-0.78515625,11.27734375,-0.01953125,0.03515625,0.154296875,-0.21484375,-0.0087890625,-0.8486328125
1036.995308,info,IMU,3321.3371,-0.6015625,-1.0859375,7.97265625,0.029296875,0.05078125,0.154296875,-0.21484375,-0.0087890625,-0.8486328125
1037.014995,info,IMU,3321.3571,-0.5546875,-1,11.12109375,-0.044921875,0.16015625,0.15234375,-0.2138671875,-0.0048828125,-0.84765625
1037.035103,info,IMU,3321.3771,-0.31640625,-1.59375,9.3125,0.04296875,0.216796875,0.162109375,-0.2119140625,-0.005859375,-0.8505859375
1037.054749,info,IMU,3321.3971,0.23828125,-1.03125,12.390625,0.060546875,0.16796875,0.171875,-0.2099609375,-0.0068359375,-0.8515625
1037.074936,info,IMU,3321.4171,0.1875,-0.84765625,9.29296875,0.009765625,0.04296875,0.1875,-0.20703125,-0.005859375,-0.849609375
1037.095156,info,IMU,3321.4371,-0.28515625,-1.09765625,10.3125,0.056640625,0.021484375,0.1875,-0.205078125,-0.0048828125,-0.8525390625
1037.114760,info,IMU,3321.4571,-0.33203125,-0.32421875,8.97265625,-0.080078125,0.08984375,0.1875,-0.203125,-0.0048828125,-0.853515625
1037.135046,info,IMU,3321.4771,-0.59765625,-0.72265625,10.79296875,0.0234375,0.1328125,0.1875,-0.19921875,-0.0029296875,-0.853515625
1037.155228,info,IMU,3321.4971,-0.6171875,-1.09765625,10.16015625,0.005859375,0.1796875,0.19140625,-0.1953125,-0.00390625,-0.85546875
1037.174801,info,IMU,3321.5171,-0.41796875,-0.5859375,9.703125,0.115234375,0.103515625,0.201171875,-0.19140625,-0.0009765625,-0.8544921875
1037.195048,info,IMU,3321.5371,-0.9765625,-0.65234375,10.41796875,0.06640625,0.138671875,0.20703125,-0.1904296875,-0,-0.857421875
1037.215289,info,IMU,3321.5571,-0.76171875,-0.578125,7.92578125,0.00390625,0.18359375,0.208984375,-0.1875,-0.0029296875,-0.8564453125
1037.234857,info,IMU,3321.5771,-0.96484375,-0.59765625,10.70703125,0.01953125,0.16796875,0.21484375,-0.185546875,-0.001953125,-0.857421875
1037.255102,info,IMU,3321.5971,-1.1328125,-0.6484375,8.375,-0.005859375,0.181640625,0.216796875,-0.18359375,-0,-0.859375
1037.274706,info,IMU,3321.6171,-0.7109375,-0.640625,9.078125,-0.015625,0.181640625,0.220703125,-0.1796875,0.0029296875,-0.857421875
1037.294909,info,IMU,3321.6371,-0.7265625,-0.80078125,10.19140625,-0.064453125,0.1328125,0.234375,-0.177734375,0.0048828125,-0.8583984375
1037.315138,info,IMU,3321.6571,-0.7109375,-0.671875,8.58984375,-0.0078125,0.046875,0.2421875,-0.1767578125,0.005859375,-0.861328125
1037.334749,info,IMU,3321.6771,-0.8515625,-0.3671875,11.1484375,-0.09765625,0.107421875,0.23828125,-0.1708984375,0.009765625,-0.8603515625
1037.355005,info,IMU,3321.6971000000003,-0.21484375,-0.5859375,10.17578125,-0.107421875,0.111328125,0.24609375,-0.173828125,0.0107421875,-0.861328125
1037.375216,info,IMU,3321.7171000000003,-0.5859375,-0.72265625,11.66015625,-0.048828125,0.0546875,0.2421875,-0.169921875,0.01171875,-0.8603515625
1037.394809,info,IMU,3321.7371000000003,-0.46875,-0.76953125,11.46875,-0.0390625,0.064453125,0.2421875,-0.1708984375,0.015625,-0.8623046875
1037.415041,info,IMU,3321.7571000000003,-0.7265625,-0.21875,10.9609375,0.03125,-0.0859375,0.251953125,-0.16796875,0.017578125,-0.8583984375
1037.435279,info,IMU,3321.7771000000002,-1.09375,-1.125,11.48046875,-0.111328125,-0.0390625,0.251953125,-0.1689453125,0.0166015625,-0.8623046875
1037.454978,info,IMU,3321.7971000000002,-0.8515625,-0.16015625,9.3671875,-0.005859375,-0.095703125,0.248046875,-0.16796875,0.021484375,-0.8603515625
1037.475124,info,IMU,3321.8171,-1.2734375,-0.44921875,10.2578125,-0.1015625,-0.076171875,0.251953125,-0.1708984375,0.0244140625,-0.8623046875
1037.494697,info,IMU,3321.8371,-1.4921875,-0.421875,8.484375,-0.099609375,-0.05078125,0.244140625,-0.1708984375,0.02734375,-0.859375
1037.514907,info,IMU,3321.8571,-1.32421875,-0.01171875,8.68359375,-0.142578125,-0.06640625,0.24609375,-0.16796875,0.0322265625,-0.8603515625
1037.535168,info,IMU,3321.8771,-1.3828125,-0.15234375,8.6328125,-0.05859375,-0.080078125,0.244140625,-0.1748046875,0.0302734375,-0.8583984375
1037.554745,info,IMU,3321.8971,-1.38671875,-0.55078125,7.265625,-0.171875,-0.125,0.248046875,-0.1767578125,0.0400390625,-0.8564453125
1037.574991,info,IMU,3321.9171,-0.8203125,-0.25,9.01953125,-0.123046875,-0.15234375,0.244140625,-0.1787109375,0.044921875,-0.859375
1037.595216,info,IMU,3321.9371,-0.9921875,-0.80859375,8.4765625,-0.203125,-0.1328125,0.24609375,-0.1796875,0.044921875,-0.8583984375
1037.616912,info,IMU,3321.9571,-1,-0.45703125,9.59375,-0.060546875,-0.158203125,0.236328125,-0.1826171875,0.05078125,-0.857421875
1037.635910,info,IMU,3321.9771,-1.23046875,-0.52734375,9.9921875,-0.189453125,-0.11328125,0.236328125,-0.1904296875,0.0517578125,-0.857421875
1037.655560,info,IMU,3321.9971,-0.8203125,-0.85546875,9.44921875,-0.076171875,-0.154296875,0.24609375,-0.1904296875,0.056640625,-0.8544921875
1037.674896,info,IMU,3322.0171,-0.6171875,-0.6484375,11.6875,-0.146484375,-0.09765625,0.244140625,-0.193359375,0.060546875,-0.8515625
1037.695084,info,IMU,3322.0371,-0.46875,-0.640625,10.1875,-0.126953125,-0.15234375,0.23046875,-0.19921875,0.0634765625,-0.8515625
1037.715274,info,IMU,3322.0571,-0.67578125,-0.70703125,11.60546875,-0.11328125,-0.1875,0.228515625,-0.2021484375,0.0693359375,-0.849609375
1037.734897,info,IMU,3322.0771,-0.58984375,-0.57421875,11.26953125,-0.138671875,-0.126953125,0.220703125,-0.201171875,0.0703125,-0.8505859375
1037.755177,info,IMU,3322.0971,-0.93359375,-0.68359375,10.328125,-0.076171875,-0.12890625,0.228515625,-0.205078125,0.0771484375,-0.84765625
1037.774729,info,IMU,3322.1171,-0.609375,-0.390625,11.51171875,-0.056640625,-0.12890625,0.21484375,-0.2080078125,0.0791015625,-0.8486328125
1037.794969,info,IMU,3322.1371,-0.578125,-0.765625,8.6328125,-0.07421875,-0.08203125,0.21875,-0.20703125,0.08203125,-0.845703125
1037.815190,info,IMU,3322.1571,-0.78515625,-0.83203125,10.7890625,-0.017578125,-0.056640625,0.20703125,-0.208984375,0.0830078125,-0.8447265625
1037.834785,info,IMU,3322.1771,-0.9375,-0.46484375,8.30859375,-0.080078125,-0.087890625,0.19921875,-0.2080078125,0.0849609375,-0.8466796875
1037.855022,info,IMU,3322.1971000000003,-0.8828125,-0.70703125,9.2109375,-0.048828125,-0.06640625,0.1953125,-0.21484375,0.0869140625,-0.8427734375
1037.875243,info,IMU,3322.2171000000003,-0.84765625,-0.41015625,8.921875,-0.08203125,-0.052734375,0.197265625,-0.2138671875,0.091796875,-0.8447265625
1037.894862,info,IMU,3322.2371000000003,-0.78515625,-0.62109375,7.82421875,-0.01171875,-0.048828125,0.19140625,-0.2158203125,0.091796875,-0.8427734375
1037.915082,info,IMU,3322.2571000000003,-0.390625,-1.00390625,8.73046875,0.005859375,-0.033203125,0.1796875,-0.212890625,0.0927734375,-0.845703125
1037.935298,info,IMU,3322.2771000000002,-0.38671875,-1.015625,7.86328125,0.0078125,-0.091796875,0.177734375,-0.21484375,0.0947265625,-0.8447265625
1037.954895,info,IMU,3322.2971000000002,-0.96484375,-2.05078125,9.3828125,0.02734375,-0.064453125,0.169921875,-0.21484375,0.0947265625,-0.83984375
1037.975138,info,IMU,3322.3171,-0.4921875,-1.6484375,10.078125,0.05078125,-0.076171875,0.16796875,-0.2158203125,0.09375,-0.841796875
1037.994745,info,IMU,3322.3371,-0.63671875,-1.44921875,8.2265625,0.150390625,-0.083984375,0.1796875,-0.216796875,0.0966796875,-0.8408203125
1038.015097,info,IMU,3322.3571,-0.515625,-1.2109375,9.08203125,0.0859375,-0.00390625,0.173828125,-0.2177734375,0.095703125,-0.8427734375
1038.035201,info,IMU,3322.3771,-0.47265625,-0.7109375,8.984375,0.09375,-0.009765625,0.1640625,-0.2158203125,0.09375,-0.84375
1038.054775,info,IMU,3322.3971,-0.7265625,-1.78125,9.66796875,0.142578125,-0.00390625,0.162109375,-0.2138671875,0.0927734375,-0.83984375
1038.076250,info,IMU,3322.4171,-0.62890625,-1.79296875,9.796875,0.169921875,0.009765625,0.162109375,-0.2158203125,0.0908203125,-0.8427734375
1038.095244,info,IMU,3322.4371,-0.70703125,-1.2109375,9.76171875,0.169921875,0.056640625,0.171875,-0.2158203125,0.08984375,-0.8408203125
1038.114914,info,IMU,3322.4571,-0.44140625,-1.3046875,9.45703125,0.16796875,0.06640625,0.171875,-0.21484375,0.087890625,-0.841796875
1038.135065,info,IMU,3322.4771,-0.08984375,-1.33984375,9.546875,0.20703125,0.06640625,0.1640625,-0.2119140625,0.0830078125,-0.841796875
1038.155270,info,IMU,3322.4971,-0.23046875,-1.578125,9.7578125,0.216796875,0.06640625,0.158203125,-0.212890625,0.076171875,-0.8427734375
1038.174896,info,IMU,3322.5171,-0.51953125,-2.015625,10.15625,0.208984375,0.025390625,0.158203125,-0.2099609375,0.076171875,-0.841796875
1038.195124,info,IMU,3322.5371,-0.26171875,-2.2421875,9.92578125,0.203125,0.00390625,0.1640625,-0.2109375,0.07421875,-0.8447265625
1038.214722,info,IMU,3322.5571,-0.09375,-1.74609375,10.46484375,0.259765625,0.05078125,0.1796875,-0.2109375,0.0703125,-0.8466796875
1038.234947,info,IMU,3322.5771,-0.07421875,-1.63671875,10.35546875,0.240234375,-0.041015625,0.1796875,-0.208984375,0.0673828125,-0.84765625
1038.255168,info,IMU,3322.5971,-0.234375,-2.0234375,10.1796875,0.24609375,-0.005859375,0.177734375,-0.2099609375,0.0615234375,-0.8466796875
1038.274764,info,IMU,3322.6171,-0.55859375,-1.78515625,9.55078125,0.2578125,-0.072265625,0.177734375,-0.212890625,0.056640625,-0.845703125
1038.295020,info,IMU,3322.6371,-0.46875,-2.296875,10.15625,0.279296875,-0.017578125,0.18359375,-0.2138671875,0.052734375,-0.84765625
1038.315258,info,IMU,3322.6571,-0.4609375,-2.046875,8.6171875,0.23828125,0.021484375,0.19140625,-0.2109375,0.048828125,-0.8486328125
1038.334843,info,IMU,3322.6771,-0.078125,-2.1796875,9.66796875,0.25,0.01171875,0.2109375,-0.2138671875,0.044921875,-0.8466796875
1038.355052,info,IMU,3322.6971000000003,-0.2109375,-1.76171875,8.4140625,0.244140625,-0.048828125,0.20703125,-0.212890625,0.0419921875,-0.84765625
1038.375299,info,IMU,3322.7171000000003,-0.1171875,-1.68359375,10.796875,0.26953125,-0.01953125,0.203125,-0.212890625,0.03515625,-0.8466796875
1038.394865,info,IMU,3322.7371000000003,-0.49609375,-2.4453125,8.30859375,0.279296875,-0.025390625,0.20703125,-0.2138671875,0.03125,-0.8505859375
1038.415148,info,IMU,3322.7571000000003,0.23828125,-2.30078125,12.328125,0.294921875,-0.111328125,0.2109375,-0.21484375,0.025390625,-0.84765625
1038.434731,info,IMU,3322.7771000000002,0.2578125,-2.46484375,11.86328125,0.287109375,-0.09765625,0.220703125,-0.2158203125,0.025390625,-0.849609375
1038.454972,info,IMU,3322.7971000000002,-0.34375,-2.37109375,10.2734375,0.25,-0.0234375,0.2265625,-0.21484375,0.017578125,-0.8486328125
1038.475149,info,IMU,3322.8171,0.33984375,-2.328125,11.30859375,0.251953125,0.021484375,0.2265625,-0.21484375,0.015625,-0.84765625
1038.494750,info,IMU,3322.8371,0.5390625,-2.0625,14.390625,0.251953125,-0.0703125,0.220703125,-0.216796875,0.0126953125,-0.8486328125
1038.514993,info,IMU,3322.8571,-0.10546875,-1.51171875,12.62109375,0.1953125,-0.044921875,0.212890625,-0.2177734375,0.01171875,-0.849609375
1038.535312,info,IMU,3322.8771,-0.88671875,-2.02734375,10.44921875,0.203125,-0.05078125,0.21484375,-0.2177734375,0.0068359375,-0.849609375
1038.554823,info,IMU,3322.8971,-0.92578125,-1.90625,10.42578125,0.181640625,-0.005859375,0.224609375,-0.21875,0.0048828125,-0.8505859375
1038.575069,info,IMU,3322.9171,-0.38671875,-2.44921875,10.1171875,0.158203125,0.0078125,0.22265625,-0.2197265625,0.0048828125,-0.84765625
1038.595272,info,IMU,3322.9371,-0.31640625,-2.02734375,12.05859375,0.142578125,-0.001953125,0.21875,-0.220703125,0.001953125,-0.84765625
1038.614854,info,IMU,3322.9571,-0.11328125,-1.83203125,11.625,0.0390625,-0.029296875,0.212890625,-0.220703125,-0.0009765625,-0.84765625
1038.635124,info,IMU,3322.9771,0.05078125,-1.64453125,11.8984375,0.0546875,-0.04296875,0.20703125,-0.2236328125,0.0009765625,-0.849609375
1038.654752,info,IMU,3322.9971,-0.69921875,-1.5859375,10.7890625,0.103515625,-0.07421875,0.208984375,-0.22265625,-0.0029296875,-0.84765625
1038.674968,info,IMU,3323.0171,-1.37890625,-1.7421875,10.296875,0.02734375,-0.01953125,0.20703125,-0.2236328125,-0.0009765625,-0.8486328125
1038.695139,info,IMU,3323.0371,-0.33203125,-1.9296875,10.43359375,0.08203125,-0.00390625,0.203125,-0.22265625,-0.0009765625,-0.84765625
1038.714851,info,IMU,3323.0571,-0.109375,-1.7265625,12.56640625,0.015625,0.013671875,0.197265625,-0.224609375,-0.001953125,-0.84765625
1038.735004,info,IMU,3323.0771,-0.52734375,-1.59765625,11.16796875,-0.06640625,-0.041015625,0.1875,-0.2265625,0.0009765625,-0.8466796875
1038.755207,info,IMU,3323.0971,-0.5390625,-2.00390625,12.33203125,-0.0859375,0.017578125,0.173828125,-0.2275390625,-0,-0.845703125
1038.774807,info,IMU,3323.1171,-0.09375,-1.02734375,12.3984375,-0.091796875,0.015625,0.1640625,-0.2275390625,0.005859375,-0.849609375
1038.795034,info,IMU,3323.1371,-0.5078125,-1.69140625,11.36328125,-0.142578125,-0.0390625,0.166015625,-0.2255859375,0.0068359375,-0.84765625
1038.815274,info,IMU,3323.1571,-1.10546875,-1.328125,9.640625,-0.056640625,0.009765625,0.16015625,-0.2275390625,0.0087890625,-0.84765625
1038.834834,info,IMU,3323.1771,-0.3515625,-0.703125,10.67578125,-0.154296875,-0.01171875,0.150390625,-0.2255859375,0.0166015625,-0.845703125
1038.855073,info,IMU,3323.1971000000003,-0.9453125,-1.4765625,10.984375,-0.09765625,-0,0.134765625,-0.2265625,0.0146484375,-0.845703125
1038.874727,info,IMU,3323.2171000000003,-1.19140625,-1.38671875,9.48828125,-0.232421875,-0.01171875,0.125,-0.2265625,0.01953125,-0.845703125
1038.894923,info,IMU,3323.2371000000003,-0.62109375,-1.04296875,11.5390625,-0.17578125,0.01953125,0.115234375,-0.2275390625,0.0263671875,-0.8466796875
1038.915142,info,IMU,3323.2571000000003,-0.7890625,-1.125,8.5078125,-0.201171875,-0.005859375,0.111328125,-0.2255859375,0.03125,-0.845703125
1038.934737,info,IMU,3323.2771000000002,-1.18359375,-1.48828125,11.14453125,-0.134765625,-0.044921875,0.099609375,-0.228515625,0.03515625,-0.8427734375
1038.955006,info,IMU,3323.2971000000002,-0.48828125,-1.1640625,11.51953125,-0.296875,-0.015625,0.095703125,-0.228515625,0.0380859375,-0.8447265625
1038.975207,info,IMU,3323.3171,-0.3828125,-1.24609375,8.125,-0.13671875,0.00390625,0.083984375,-0.2275390625,0.041015625,-0.845703125
1038.994834,info,IMU,3323.3371,-0.92578125,-1.02734375,9.5546875,-0.24609375,-0.064453125,0.068359375,-0.2265625,0.048828125,-0.8427734375
1039.015065,info,IMU,3323.3571,-0.81640625,-1.6640625,10.2578125,-0.296875,-0.02734375,0.0625,-0.228515625,0.056640625,-0.8408203125
1039.035262,info,IMU,3323.3771,-0.578125,-1.109375,10.578125,-0.2578125,0.05859375,0.056640625,-0.2275390625,0.0595703125,-0.841796875
1039.054857,info,IMU,3323.3971,-0.27734375,-0.8671875,8.33203125,-0.29296875,0.068359375,0.048828125,-0.2314453125,0.06640625,-0.841796875
1039.075094,info,IMU,3323.4171,-0.4296875,-1.1015625,10.8828125,-0.2265625,-0.0234375,0.037109375,-0.2294921875,0.0703125,-0.841796875
1039.094706,info,IMU,3323.4371,-0.43359375,-1.40625,10.58203125,-0.259765625,-0.00390625,0.03125,-0.228515625,0.0751953125,-0.83984375
1039.115094,info,IMU,3323.4571,-0.859375,-1.234375,7.3515625,-0.21484375,0.00390625,0.021484375,-0.2275390625,0.08203125,-0.837890625
1039.135125,info,IMU,3323.4771,-0.89453125,-1.140625,10.25,-0.298828125,0.02734375,0.013671875,-0.2294921875,0.0888671875,-0.83984375
1039.154748,info,IMU,3323.4971,-0.38671875,-1.25390625,10.06640625,-0.27734375,0.0703125,0.013671875,-0.2275390625,0.0927734375,-0.8427734375
1039.174985,info,IMU,3323.5171,-0.4765625,-1.37890625,7.19921875,-0.25,-0.04296875,0.005859375,-0.224609375,0.0966796875,-0.83984375
1039.195235,info,IMU,3323.5371,-0.39453125,-1.4453125,10.41015625,-0.1875,-0.0078125,-0.00390625,-0.224609375,0.1005859375,-0.837890625
1039.215848,info,IMU,3323.5571,-0.18359375,-1.49609375,8.796875,-0.2578125,0.109375,-0.0078125,-0.224609375,0.107421875,-0.8388671875
1039.235073,info,IMU,3323.5771,-0.8671875,-1.5,7.65234375,-0.169921875,-0.017578125,-0.015625,-0.2265625,0.1083984375,-0.837890625
1039.255270,info,IMU,3323.5971,-0.49609375,-1.15625,11.03515625,-0.232421875,0.05859375,-0.013671875,-0.2236328125,0.111328125,-0.83984375
1039.274854,info,IMU,3323.6171,-0.078125,-1.06640625,6.59375,-0.138671875,-0.005859375,-0.01953125,-0.2236328125,0.1181640625,-0.8369140625
1039.295072,info,IMU,3323.6371,-0.953125,-1.2109375,9.42578125,-0.255859375,0.029296875,-0.025390625,-0.2255859375,0.12109375,-0.837890625
1039.316905,info,IMU,3323.6571,-0.140625,-1.42578125,9.88671875,-0.130859375,0.169921875,-0.029296875,-0.2236328125,0.123046875,-0.8349609375
1039.334899,info,IMU,3323.6771,-0.03515625,-0.95703125,8.41796875,-0.12109375,-0.103515625,-0.029296875,-0.2216796875,0.126953125,-0.8349609375
1039.355184,info,IMU,3323.6971000000003,-1.125,-1.28515625,8.9296875,-0.125,0.017578125,-0.033203125,-0.22265625,0.1318359375,-0.8369140625
1039.374720,info,IMU,3323.7171000000003,-0.2421875,-1.15234375,6.46484375,-0.169921875,0.09375,-0.03515625,-0.21875,0.1318359375,-0.8359375
1039.394971,info,IMU,3323.7371000000003,-0.26953125,-0.9296875,10.13671875,-0.13671875,0.10546875,-0.0390625,-0.2197265625,0.134765625,-0.8349609375
1039.417000,info,IMU,3323.7571000000003,0.21875,-1.34375,8.61328125,-0.05078125,0.056640625,-0.033203125,-0.216796875,0.1376953125,-0.8359375
1039.434818,info,IMU,3323.7771000000002,-0.34765625,-1.21484375,8.13671875,-0.015625,-0.01953125,-0.041015625,-0.216796875,0.1376953125,-0.8359375
1039.455002,info,IMU,3323.7971000000002,-0.234375,-1.2578125,7.96875,-0.07421875,0.076171875,-0.041015625,-0.216796875,0.140625,-0.8349609375
1039.475246,info,IMU,3323.8171,-0.5546875,-1.28125,9.578125,-0.068359375,0.0390625,-0.041015625,-0.216796875,0.138671875,-0.8349609375
1039.494874,info,IMU,3323.8371,-0.29296875,-1.44140625,8.54296875,0.033203125,0.052734375,-0.03515625,-0.2158203125,0.1396484375,-0.837890625
1039.517201,info,IMU,3323.8571,0.2578125,-0.3203125,9.79296875,0.046875,0.072265625,-0.033203125,-0.2099609375,0.1396484375,-0.8349609375
1039.534671,info,IMU,3323.8771,-0.1171875,-1.1015625,7.52734375,0.095703125,-0.00390625,-0.044921875,-0.2099609375,0.138671875,-0.837890625
1039.554876,info,IMU,3323.8971,-0.65234375,-1.1484375,9.31640625,0.025390625,0.046875,-0.048828125,-0.2099609375,0.140625,-0.837890625
1039.575118,info,IMU,3323.9171,-0.73828125,-1.33984375,7.0234375,0.087890625,0.12890625,-0.048828125,-0.2099609375,0.138671875,-0.8388671875
1039.594705,info,IMU,3323.9371,-0.94140625,-1.20703125,9.953125,0.091796875,0.107421875,-0.04296875,-0.208984375,0.1357421875,-0.8408203125
1039.617620,info,IMU,3323.9571,-0.41796875,-1.21875,7.8515625,0.0546875,0.130859375,-0.0390625,-0.20703125,0.134765625,-0.83984375
1039.637604,info,IMU,3323.9771,-0.01953125,-0.66796875,11.04296875,0.103515625,0.095703125,-0.037109375,-0.2041015625,0.1337890625,-0.83984375
1039.654789,info,IMU,3323.9971,-0.1171875,-1.51171875,7.80859375,0.1171875,0.0546875,-0.0390625,-0.2041015625,0.1337890625,-0.841796875
1039.675044,info,IMU,3324.0171,-0.14453125,-0.9375,10.53515625,0.0546875,0.0703125,-0.044921875,-0.2021484375,0.1279296875,-0.8388671875
1039.695236,info,IMU,3324.0371,-0.32421875,-1.46875,8.47265625,0.0703125,0.0234375,-0.04296875,-0.2021484375,0.1298828125,-0.841796875
1039.717936,info,IMU,3324.0571,-0.33203125,-0.921875,10.1953125,0.130859375,-0.0234375,-0.03515625,-0.2001953125,0.123046875,-0.8427734375
1039.735067,info,IMU,3324.0771,-0.23046875,-0.8046875,7.52734375,0.087890625,0.001953125,-0.029296875,-0.201171875,0.12109375,-0.841796875
1039.754657,info,IMU,3324.0971,-0.57421875,-1.1171875,9.98046875,0.12109375,0.029296875,-0.037109375,-0.2001953125,0.1171875,-0.845703125
1039.774853,info,IMU,3324.1171,-0.40625,-0.765625,8.71484375,0.087890625,0.0546875,-0.0390625,-0.19921875,0.115234375,-0.8427734375
1039.795120,info,IMU,3324.1371,-1.22265625,-1.4375,8.5078125,0.162109375,0.025390625,-0.04296875,-0.1953125,0.1162109375,-0.84375
1039.814737,info,IMU,3324.1571,-1.125,-1.0703125,8.05859375,0.109375,0.0625,-0.04296875,-0.2001953125,0.1123046875,-0.84375
1039.834952,info,IMU,3324.1771,-0.765625,-0.8046875,8.5234375,0.095703125,0.134765625,-0.03515625,-0.1943359375,0.1103515625,-0.8447265625
1039.855148,info,IMU,3324.1971000000003,-0.53515625,-0.75,10.08203125,0.03515625,0.1015625,-0.03125,-0.197265625,0.1083984375,-0.845703125
1039.874758,info,IMU,3324.2171000000003,-0.62890625,-0.65234375,8.3828125,0.0703125,0.06640625,-0.033203125,-0.1923828125,0.107421875,-0.845703125
1039.894995,info,IMU,3324.2371000000003,-0.94921875,-1.00390625,9.53515625,0.056640625,0.1328125,-0.044921875,-0.193359375,0.1044921875,-0.8486328125
1039.915258,info,IMU,3324.2571000000003,-0.7421875,-0.98046875,9.2734375,-0.005859375,0.1015625,-0.037109375,-0.193359375,0.1044921875,-0.84765625
1039.934818,info,IMU,3324.2771000000002,-0.55078125,-0.2265625,12,0.013671875,0.037109375,-0.02734375,-0.1943359375,0.1025390625,-0.84765625
1039.955069,info,IMU,3324.2971000000002,-0.16015625,-0.9375,9.8671875,0.060546875,0.005859375,-0.025390625,-0.193359375,0.1005859375,-0.84765625
1039.974653,info,IMU,3324.3171,-0.453125,-0.5078125,10.8515625,0.1171875,-0.0390625,-0.029296875,-0.19140625,0.0986328125,-0.84765625
1039.994906,info,IMU,3324.3371,-0.2890625,-0.7421875,10.2109375,0.056640625,-0.05859375,-0.03125,-0.1923828125,0.099609375,-0.8505859375
1040.015115,info,IMU,3324.3571,-0.4609375,-0.6328125,10.83984375,0.01953125,-0.078125,-0.02734375,-0.193359375,0.0966796875,-0.8505859375
1040.035124,info,IMU,3324.3771,-0.55859375,-0.796875,10.5546875,0.033203125,-0.041015625,-0.025390625,-0.1923828125,0.0947265625,-0.849609375
1040.054950,info,IMU,3324.3971,-0.53125,-0.296875,10.25390625,0.1171875,-0.115234375,-0.02734375,-0.1943359375,0.0927734375,-0.8486328125
1040.075174,info,IMU,3324.4171,-0.8359375,-0.296875,8.90625,0.03125,-0.064453125,-0.01953125,-0.1943359375,0.09375,-0.8486328125
1040.094759,info,IMU,3324.4371,-0.8203125,-0.76953125,8.0234375,0.048828125,-0.03125,-0.0234375,-0.1943359375,0.09375,-0.84765625
1040.114984,info,IMU,3324.4571,-1.01171875,-0.375,10.7890625,-0.044921875,0.0078125,-0.03125,-0.19921875,0.0908203125,-0.8486328125
1040.135253,info,IMU,3324.4771,-0.90625,-1.078125,7.2890625,-0.04296875,0.037109375,-0.025390625,-0.1962890625,0.0908203125,-0.84765625
1040.154810,info,IMU,3324.4971,-0.4765625,-0.5546875,12.578125,-0.025390625,-0,-0.03125,-0.1953125,0.08984375,-0.8486328125
1040.175024,info,IMU,3324.5171,-0.5078125,-0.71484375,8.94921875,-0.119140625,-0.046875,-0.0234375,-0.2021484375,0.08984375,-0.8466796875
1040.195240,info,IMU,3324.5371,-0.68359375,-0.5625,11.015625,0.08984375,-0.091796875,-0.025390625,-0.201171875,0.09375,-0.8447265625
1040.214873,info,IMU,3324.5571,-0.34375,-0.234375,9.078125,-0.052734375,-0.138671875,-0.029296875,-0.20703125,0.09375,-0.8466796875
1040.235095,info,IMU,3324.5771,-0.59375,-0.328125,9.66796875,-0.017578125,-0.138671875,-0.01953125,-0.2041015625,0.09375,-0.8466796875
1040.254716,info,IMU,3324.5971,-0.55859375,-0.796875,9.40625,-0.001953125,-0.134765625,-0.029296875,-0.205078125,0.091796875,-0.8466796875
1040.274917,info,IMU,3324.6171,-0.37890625,-0.14453125,9.75,-0.052734375,-0.146484375,-0.021484375,-0.2080078125,0.0908203125,-0.8447265625
1040.295159,info,IMU,3324.6371,-0.7421875,-0.76171875,9.31640625,-0.017578125,-0.134765625,-0.0234375,-0.2119140625,0.0947265625,-0.8447265625
1040.314762,info,IMU,3324.6571,-0.72265625,-0.55078125,9.51171875,-0.052734375,-0.11328125,-0.041015625,-0.21484375,0.09375,-0.8427734375
1040.334982,info,IMU,3324.6771,-0.87890625,-1.06640625,9.484375,-0.1015625,-0.04296875,-0.03515625,-0.2177734375,0.0947265625,-0.8427734375
1040.355199,info,IMU,3324.6971000000003,-0.32421875,-1.15234375,10.45703125,-0.04296875,-0.0859375,-0.044921875,-0.21875,0.0947265625,-0.8388671875
1040.374791,info,IMU,3324.7171000000003,-0.00390625,-0.44921875,11.6484375,-0.052734375,-0.021484375,-0.037109375,-0.22265625,0.0966796875,-0.8408203125
1040.395052,info,IMU,3324.7371000000003,-0.01953125,-0.6796875,11.19921875,0.013671875,-0.080078125,-0.04296875,-0.2236328125,0.09375,-0.8408203125
1040.415289,info,IMU,3324.7571000000003,0.01953125,-0.2421875,10.41015625,-0.060546875,-0.16796875,-0.05078125,-0.2265625,0.0966796875,-0.8408203125
1040.434859,info,IMU,3324.7771000000002,-0.20703125,-0.5078125,9.12109375,-0.033203125,-0.138671875,-0.046875,-0.2275390625,0.09765625,-0.83984375
1040.455136,info,IMU,3324.7971000000002,-0.47265625,-1.00390625,8.4765625,-0.025390625,-0.138671875,-0.05078125,-0.2294921875,0.09765625,-0.83984375
1040.474700,info,IMU,3324.8171,-0.32421875,-0.1875,9.984375,-0.01171875,-0.09375,-0.0546875,-0.2333984375,0.09765625,-0.837890625
1040.494925,info,IMU,3324.8371,-0.46875,-0.8125,9.03125,0.015625,-0.04296875,-0.056640625,-0.234375,0.09765625,-0.837890625
1040.515134,info,IMU,3324.8571,-0.15625,-0.66015625,10.17578125,0.001953125,-0.078125,-0.0625,-0.23828125,0.0966796875,-0.837890625
1040.534754,info,IMU,3324.8771,-0.1796875,-0.39453125,8.80859375,0.033203125,-0.107421875,-0.0703125,-0.23828125,0.0986328125,-0.8369140625
1040.554970,info,IMU,3324.8971,-0.3984375,-0.4765625,10.38671875,-0.03125,-0.0625,-0.07421875,-0.2412109375,0.09765625,-0.8369140625
1040.575188,info,IMU,3324.9171,-0.46875,-0.59375,8.34375,-0.06640625,-0.015625,-0.068359375,-0.23828125,0.0966796875,-0.8349609375
1040.594838,info,IMU,3324.9371,-0.3046875,-0.74609375,11.0703125,-0.015625,0.00390625,-0.083984375,-0.2412109375,0.0986328125,-0.8349609375
1040.615029,info,IMU,3324.9571,-0.03515625,-0.91796875,9.57421875,-0.078125,0.044921875,-0.0859375,-0.2431640625,0.095703125,-0.833984375
1040.635269,info,IMU,3324.9771,-0.07421875,-0.2265625,10.5546875,0.06640625,-0.044921875,-0.095703125,-0.2421875,0.0966796875,-0.833984375
1040.654857,info,IMU,3324.9971,-0.37890625,-0.44921875,10.34375,-0.005859375,-0.01953125,-0.095703125,-0.2431640625,0.09375,-0.8330078125
1040.675075,info,IMU,3325.0171,-0.40234375,-0.078125,8.7421875,0.09375,-0.078125,-0.1015625,-0.2431640625,0.091796875,-0.833984375
1040.694671,info,IMU,3325.0371,-0.5546875,-0.27734375,9.2109375,0.013671875,-0.0078125,-0.107421875,-0.2451171875,0.0908203125,-0.8369140625
1040.714921,info,IMU,3325.0571,-0.3515625,-0.29296875,8.24609375,0.015625,0.021484375,-0.115234375,-0.2431640625,0.0869140625,-0.8330078125
1040.735285,info,IMU,3325.0771,-0.6640625,-0.25,9.421875,0.015625,0.06640625,-0.12109375,-0.244140625,0.0888671875,-0.8349609375
1040.754748,info,IMU,3325.0971,-0.62109375,-0.6015625,9.37890625,-0.0078125,0.14453125,-0.126953125,-0.244140625,0.0888671875,-0.833984375
1040.774959,info,IMU,3325.1171,-0.48046875,-0.23046875,10.1796875,-0.0390625,0.099609375,-0.12890625,-0.2412109375,0.0888671875,-0.8349609375
1040.795230,info,IMU,3325.1371,-0.07421875,-0.140625,10.1328125,-0.01171875,0.095703125,-0.130859375,-0.240234375,0.0869140625,-0.8369140625
1040.815041,info,IMU,3325.1571,-0.0234375,-0.1796875,9.94140625,-0.00390625,0.0546875,-0.138671875,-0.2412109375,0.0859375,-0.8359375
1040.835002,info,IMU,3325.1771,-0.28125,-0.4765625,9.75,-0.015625,0.056640625,-0.146484375,-0.2392578125,0.0859375,-0.837890625
1040.855228,info,IMU,3325.1971000000003,-0.40625,-0.4609375,10.71875,-0.005859375,0.08984375,-0.154296875,-0.2373046875,0.0830078125,-0.8359375
1040.874810,info,IMU,3325.2171000000003,-0.51171875,-0.40234375,10.35546875,-0.013671875,0.029296875,-0.158203125,-0.2373046875,0.0810546875,-0.833984375
1040.895056,info,IMU,3325.2371000000003,-0.38671875,-0.21875,10.734375,0.029296875,0.060546875,-0.1640625,-0.234375,0.0810546875,-0.8408203125
1040.914676,info,IMU,3325.2571000000003,-0.328125,0.08203125,9.8359375,0.041015625,0.017578125,-0.171875,-0.2353515625,0.080078125,-0.83984375
1040.934888,info,IMU,3325.2771000000002,-0.83984375,-0.19921875,9.078125,0.046875,0.025390625,-0.171875,-0.2314453125,0.0771484375,-0.837890625
1040.955136,info,IMU,3325.2971000000002,-0.828125,-0.01171875,8.515625,-0.00390625,0.076171875,-0.1875,-0.2333984375,0.0771484375,-0.8359375
1040.974715,info,IMU,3325.3171,-0.87890625,0.078125,9.80078125,0.00390625,0.099609375,-0.197265625,-0.228515625,0.0751953125,-0.8408203125
1040.994980,info,IMU,3325.3371,-0.97265625,-0.44140625,8.91796875,-0,0.109375,-0.19921875,-0.228515625,0.076171875,-0.8388671875
1041.015178,info,IMU,3325.3571,-0.87890625,-0.06640625,9.78515625,-0.009765625,0.09375,-0.201171875,-0.2255859375,0.0751953125,-0.8408203125
1041.034782,info,IMU,3325.3771,-0.578125,0.203125,9.9375,-0.060546875,0.119140625,-0.205078125,-0.2255859375,0.07421875,-0.8408203125
1041.054991,info,IMU,3325.3971,-0.73046875,0.0234375,9.53125,-0.072265625,0.126953125,-0.21875,-0.224609375,0.0703125,-0.8427734375
1041.075274,info,IMU,3325.4171,-0.84375,-0.6328125,10.1796875,-0.099609375,0.123046875,-0.2265625,-0.224609375,0.0751953125,-0.8427734375
1041.094826,info,IMU,3325.4371,-0.59375,-0.0390625,11.25,-0.099609375,0.083984375,-0.234375,-0.224609375,0.0732421875,-0.841796875
1041.115076,info,IMU,3325.4571,-0.8984375,-0.34765625,10.3515625,-0.091796875,0.083984375,-0.23828125,-0.22265625,0.072265625,-0.84375
1041.134666,info,IMU,3325.4771,-0.6953125,-0.4296875,10.22265625,-0.07421875,0.078125,-0.2421875,-0.220703125,0.072265625,-0.84375
1041.154917,info,IMU,3325.4971,-0.55859375,-0.01953125,9.35546875,-0.076171875,0.06640625,-0.244140625,-0.2197265625,0.07421875,-0.8447265625
1041.175084,info,IMU,3325.5171,-0.94140625,-0.02734375,9.6953125,-0.017578125,0.04296875,-0.25390625,-0.2197265625,0.0732421875,-0.8427734375
1041.194713,info,IMU,3325.5371,-1,0.125,8.85546875,-0.078125,0.041015625,-0.26171875,-0.21875,0.072265625,-0.841796875
1041.214972,info,IMU,3325.5571,-1.02734375,0.07421875,9.2578125,-0.064453125,0.05078125,-0.26953125,-0.2158203125,0.07421875,-0.8427734375
1041.235189,info,IMU,3325.5771,-0.94921875,0.19140625,8.92578125,-0.115234375,0.009765625,-0.26953125,-0.21875,0.07421875,-0.845703125
1041.254755,info,IMU,3325.5971,-0.76953125,0.24609375,9.19921875,-0.115234375,0.05859375,-0.2734375,-0.2197265625,0.0732421875,-0.8427734375
1041.274993,info,IMU,3325.6171,-0.7421875,-0.27734375,8.76953125,-0.095703125,0.03515625,-0.28125,-0.21875,0.07421875,-0.8447265625
1041.295247,info,IMU,3325.6371,-0.8125,-0.25,8.859375,-0.09375,0.017578125,-0.283203125,-0.21875,0.07421875,-0.84375
1041.314864,info,IMU,3325.6571,-1,-0.45703125,9.4453125,-0.173828125,0.005859375,-0.287109375,-0.220703125,0.076171875,-0.8447265625
1041.335061,info,IMU,3325.6771,-0.59765625,-0.5078125,10.3203125,-0.119140625,-0.044921875,-0.2890625,-0.220703125,0.076171875,-0.8427734375
1041.354698,info,IMU,3325.6971000000003,-0.19140625,-0.125,10.87109375,-0.1640625,-0.0546875,-0.28515625,-0.2216796875,0.0771484375,-0.8427734375
1041.374873,info,IMU,3325.7171000000003,-0.47265625,-0.5703125,7.78125,0.0078125,-0.197265625,-0.2890625,-0.2216796875,0.0791015625,-0.84375
1041.395077,info,IMU,3325.7371000000003,-0.48828125,0.09375,10.7421875,-0.140625,-0.201171875,-0.291015625,-0.228515625,0.0751953125,-0.83984375
1041.414719,info,IMU,3325.7571000000003,-0.3984375,-1.10546875,7.94921875,-0.125,-0.142578125,-0.28125,-0.228515625,0.078125,-0.841796875
1041.434940,info,IMU,3325.7771000000002,-0.8515625,-0.7265625,10.2578125,0.0703125,-0.302734375,-0.296875,-0.232421875,0.0751953125,-0.83984375
1041.455251,info,IMU,3325.7971000000002,-0.83984375,-0.2578125,8.9765625,-0.134765625,-0.16796875,-0.28515625,-0.2353515625,0.0751953125,-0.8388671875
1041.474787,info,IMU,3325.8171,-0.2578125,-0.61328125,9.66796875,-0.046875,-0.140625,-0.287109375,-0.2392578125,0.07421875,-0.837890625
1041.494977,info,IMU,3325.8371,-0.23046875,-0.15234375,11,-0.080078125,-0.244140625,-0.2890625,-0.2451171875,0.0751953125,-0.8388671875
1041.515218,info,IMU,3325.8571,-0.42578125,-0.3671875,10.87109375,-0.109375,-0.083984375,-0.283203125,-0.248046875,0.07421875,-0.8349609375
1041.534810,info,IMU,3325.8771,0.1953125,-0.86328125,10.4296875,-0.05859375,-0.138671875,-0.294921875,-0.251953125,0.07421875,-0.833984375
1041.555026,info,IMU,3325.8971,0.0859375,-0.56640625,11.22265625,-0.025390625,-0.232421875,-0.283203125,-0.2578125,0.0703125,-0.830078125
1041.574654,info,IMU,3325.9171,-0.26953125,-1.0625,10.15625,-0.099609375,-0.072265625,-0.271484375,-0.259765625,0.0732421875,-0.8310546875
1041.594873,info,IMU,3325.9371,0.1015625,-0.79296875,9.63671875,-0.017578125,-0.236328125,-0.27734375,-0.265625,0.0703125,-0.830078125
1041.615083,info,IMU,3325.9571,0.00390625,-0.421875,11.36328125,-0.115234375,-0.111328125,-0.26171875,-0.2666015625,0.0693359375,-0.830078125
1041.634687,info,IMU,3325.9771,0.40234375,-0.7109375,8.2265625,0.013671875,-0.09765625,-0.271484375,-0.2705078125,0.06640625,-0.826171875
1041.654973,info,IMU,3325.9971,0.015625,-0.48828125,11.296875,0.033203125,-0.150390625,-0.27734375,-0.2744140625,0.0654296875,-0.826171875
1041.675159,info,IMU,3326.0171,-0.08984375,-1.11328125,8.83984375,0.01171875,-0.044921875,-0.271484375,-0.2734375,0.064453125,-0.826171875
1041.694770,info,IMU,3326.0371,0.44140625,-0.7734375,11.03515625,0.078125,-0.109375,-0.271484375,-0.279296875,0.064453125,-0.8271484375
1041.714980,info,IMU,3326.0571,0.484375,-0.74609375,10.53515625,0.05859375,-0.07421875,-0.25390625,-0.2822265625,0.0595703125,-0.82421875
1041.735243,info,IMU,3326.0771,0.45703125,-0.703125,9.65234375,0.0546875,0.041015625,-0.25,-0.28515625,0.0576171875,-0.82421875
1041.754789,info,IMU,3326.0971,0.6015625,-0.5078125,10.44921875,0.076171875,-0.009765625,-0.263671875,-0.283203125,0.0537109375,-0.8232421875
1041.775040,info,IMU,3326.1171,-0,-1.04296875,9.79296875,0.033203125,0.068359375,-0.255859375,-0.28125,0.0537109375,-0.8251953125
1041.794690,info,IMU,3326.1371,0.1796875,-1.09765625,10.1953125,0.0859375,0.126953125,-0.26171875,-0.283203125,0.048828125,-0.8251953125
1041.814845,info,IMU,3326.1571,0.296875,-0.9765625,10.69140625,0.1015625,0.103515625,-0.25390625,-0.2822265625,0.046875,-0.8232421875
1041.835076,info,IMU,3326.1771,0.5390625,-0.94140625,11.4453125,0.01171875,0.205078125,-0.232421875,-0.283203125,0.046875,-0.82421875
1041.854685,info,IMU,3326.1971000000003,0.9453125,-0.78125,10.3046875,0.087890625,0.1015625,-0.234375,-0.279296875,0.0419921875,-0.8271484375
1041.874912,info,IMU,3326.2171000000003,0.67578125,-0.4375,12.77734375,0.072265625,0.169921875,-0.24609375,-0.275390625,0.0380859375,-0.826171875
1041.895152,info,IMU,3326.2371000000003,0.78515625,-0.94140625,9.5546875,0.068359375,0.224609375,-0.25,-0.2705078125,0.0341796875,-0.828125
1041.914739,info,IMU,3326.2571000000003,0.1796875,-0.98046875,12.90234375,0.078125,0.19921875,-0.248046875,-0.26953125,0.0302734375,-0.8310546875
1041.936758,info,IMU,3326.2771000000002,0.6015625,-0.9921875,10.03515625,0.08203125,0.22265625,-0.2421875,-0.2666015625,0.02734375,-0.830078125
1041.955211,info,IMU,3326.2971000000002,0.60546875,-0.58984375,11.03515625,0.203125,0.208984375,-0.244140625,-0.2607421875,0.0244140625,-0.83203125
1041.974793,info,IMU,3326.3171,0.43359375,-0.421875,8.63671875,0.123046875,0.220703125,-0.244140625,-0.2548828125,0.0224609375,-0.8359375
1041.995057,info,IMU,3326.3371,0.2734375,-0.4375,8.74609375,0.056640625,0.3671875,-0.251953125,-0.25,0.017578125,-0.8369140625
1042.014921,info,IMU,3326.3571,0.06640625,-0.6484375,8.96875,0.140625,0.33984375,-0.26171875,-0.2421875,0.013671875,-0.8388671875
1042.034841,info,IMU,3326.3771,-0.12109375,-0.48046875,9.0625,0.1875,0.341796875,-0.263671875,-0.232421875,0.0107421875,-0.841796875
1042.055098,info,IMU,3326.3971,0.01953125,-0.36328125,8.36328125,0.08203125,0.43359375,-0.255859375,-0.2275390625,0.0078125,-0.8447265625
1042.074743,info,IMU,3326.4171,0.1484375,-0.4453125,9.59375,0.05078125,0.474609375,-0.251953125,-0.2158203125,0.0029296875,-0.84765625
1042.095046,info,IMU,3326.4371,0.1796875,-0.2890625,11.0859375,0.072265625,0.498046875,-0.265625,-0.2099609375,-0.001953125,-0.849609375
1042.115138,info,IMU,3326.4571,-0.1171875,-1,9.35546875,0.087890625,0.484375,-0.2734375,-0.2001953125,-0.0029296875,-0.853515625
1042.134716,info,IMU,3326.4771,-0.40625,-0.6796875,12.07421875,0.07421875,0.48828125,-0.2734375,-0.189453125,-0.0068359375,-0.8564453125
1042.154953,info,IMU,3326.4971,-0.796875,-1.19921875,9.78515625,0.078125,0.517578125,-0.2734375,-0.1845703125,-0.0078125,-0.8564453125
1042.175180,info,IMU,3326.5171,-0.9140625,-0.5234375,11.85546875,0.138671875,0.4609375,-0.28125,-0.1708984375,-0.013671875,-0.859375
1042.194790,info,IMU,3326.5371,-0.70703125,-0.33203125,10.0234375,0.068359375,0.392578125,-0.28515625,-0.1630859375,-0.0166015625,-0.86328125
1042.215010,info,IMU,3326.5571,-1.70703125,-0.3359375,7.25390625,0.21484375,0.16015625,-0.29296875,-0.1552734375,-0.021484375,-0.865234375
1042.234631,info,IMU,3326.5771,-1.546875,-0.3125,10.90234375,-0.041015625,0.306640625,-0.2890625,-0.1513671875,-0.0244140625,-0.8642578125
1042.254821,info,IMU,3326.5971,-0.83984375,-0.48828125,7.3828125,0.10546875,0.24609375,-0.27734375,-0.1455078125,-0.0283203125,-0.8671875
1042.275053,info,IMU,3326.6171,-1.24609375,-0.66796875,10.75390625,0.197265625,0.166015625,-0.291015625,-0.1416015625,-0.0302734375,-0.8701171875
1042.294684,info,IMU,3326.6371,-1.3828125,-0.703125,6.0546875,0.07421875,0.169921875,-0.298828125,-0.1357421875,-0.03515625,-0.869140625
1042.314931,info,IMU,3326.6571,-1.88671875,-0.7421875,10.41796875,0.056640625,0.111328125,-0.3046875,-0.134765625,-0.03515625,-0.8681640625
1042.335118,info,IMU,3326.6771,-1.8828125,-0.7734375,8.02734375,0.10546875,0.021484375,-0.30859375,-0.126953125,-0.0400390625,-0.87109375
1042.354744,info,IMU,3326.6971000000003,-1.59765625,0.109375,10.3671875,0.05859375,-0.080078125,-0.30078125,-0.12890625,-0.0439453125,-0.87109375
1042.374928,info,IMU,3326.7171000000003,-1.26171875,-1.15625,7.64453125,0.087890625,-0.208984375,-0.30078125,-0.134765625,-0.0458984375,-0.8701171875
1042.395200,info,IMU,3326.7371000000003,-0.9921875,-0.62890625,15.234375,-0.107421875,-0.052734375,-0.294921875,-0.1357421875,-0.05078125,-0.87109375
1042.414770,info,IMU,3326.7571000000003,-1.06640625,-1.16796875,6.24609375,0.291015625,-0.240234375,-0.318359375,-0.1376953125,-0.0517578125,-0.8681640625
1042.435013,info,IMU,3326.7771000000002,-1.15625,0.8984375,16.67578125,0.0859375,-0.275390625,-0.341796875,-0.1474609375,-0.060546875,-0.8681640625
1042.454643,info,IMU,3326.7971000000002,-0.68359375,-1.23828125,5.078125,0.01953125,-0.21484375,-0.32421875,-0.1484375,-0.060546875,-0.8662109375
1042.474807,info,IMU,3326.8171,-0.75390625,-0.45703125,15.6796875,0.1953125,-0.291015625,-0.337890625,-0.1533203125,-0.064453125,-0.8662109375
1042.495055,info,IMU,3326.8371,-1.66796875,-0.55859375,7.96875,0.029296875,-0.181640625,-0.3359375,-0.1552734375,-0.06640625,-0.865234375
1042.514669,info,IMU,3326.8571,-2.05859375,-0.60546875,10.9765625,0.197265625,-0.353515625,-0.349609375,-0.1630859375,-0.0712890625,-0.861328125
1042.534912,info,IMU,3326.8771,-0.52734375,-0.05859375,11.4140625,0.1015625,-0.330078125,-0.35546875,-0.171875,-0.0732421875,-0.861328125
1042.555130,info,IMU,3326.8971,-0.66015625,-0.18359375,10.69140625,0.0390625,-0.240234375,-0.333984375,-0.1767578125,-0.0791015625,-0.861328125
1042.574697,info,IMU,3326.9171,-1.06640625,-0.4609375,9.8125,0.248046875,-0.365234375,-0.369140625,-0.1826171875,-0.083984375,-0.8583984375
1042.594946,info,IMU,3326.9371,-1.453125,0.35546875,12.15234375,-0.021484375,-0.205078125,-0.384765625,-0.1884765625,-0.087890625,-0.8564453125
1042.615157,info,IMU,3326.9571,-0.27734375,-0.828125,8.54296875,0.11328125,-0.244140625,-0.38671875,-0.193359375,-0.0908203125,-0.8564453125
1042.634741,info,IMU,3326.9771,-0.6796875,-0.6796875,12.8984375,0.08203125,-0.30859375,-0.37890625,-0.2001953125,-0.0947265625,-0.8525390625
1042.654988,info,IMU,3326.9971,-0.79296875,-0.828125,8.8515625,0.029296875,-0.166015625,-0.3671875,-0.2041015625,-0.099609375,-0.8505859375
1042.675211,info,IMU,3327.0171,-0.31640625,-0.9296875,10.421875,0.185546875,-0.326171875,-0.390625,-0.2119140625,-0.1044921875,-0.849609375
1042.694841,info,IMU,3327.0371,-0.0234375,-0.33203125,13.14453125,0.0625,-0.248046875,-0.390625,-0.2138671875,-0.1064453125,-0.845703125
1042.715076,info,IMU,3327.0571,-0.16015625,-1.0703125,9.19140625,0.048828125,-0.19921875,-0.396484375,-0.216796875,-0.1064453125,-0.845703125
1042.734662,info,IMU,3327.0771,-0.390625,-0.23046875,13.04296875,0.21875,-0.27734375,-0.4140625,-0.2216796875,-0.111328125,-0.8427734375
1042.755016,info,IMU,3327.0971,-0.296875,-0.421875,10.46484375,-0.01171875,-0.103515625,-0.408203125,-0.224609375,-0.119140625,-0.8408203125
1042.775093,info,IMU,3327.1171,-0.08984375,-1.078125,10.0859375,0.150390625,-0.130859375,-0.40625,-0.2275390625,-0.1220703125,-0.84375
1042.794691,info,IMU,3327.1371,-0.33984375,-0.71484375,11.5859375,0.0625,-0.095703125,-0.400390625,-0.23046875,-0.1259765625,-0.83984375
1042.814930,info,IMU,3327.1571,-0.22265625,-0.3515625,9.06640625,0.046875,0.0546875,-0.408203125,-0.228515625,-0.130859375,-0.8388671875
1042.835217,info,IMU,3327.1771,0.28125,-0.38671875,9.62109375,0.0859375,-0,-0.427734375,-0.2294921875,-0.1328125,-0.83984375
1042.854747,info,IMU,3327.1971000000003,-0.02734375,0.37890625,11.6328125,-0.107421875,0.138671875,-0.421875,-0.2314453125,-0.1376953125,-0.837890625
1042.874983,info,IMU,3327.2171000000003,0.2578125,-0.6953125,9.01953125,-0.017578125,0.15234375,-0.421875,-0.2265625,-0.1396484375,-0.841796875
1042.895187,info,IMU,3327.2371000000003,0.12890625,-0.77734375,10.89453125,0.07421875,0.138671875,-0.4375,-0.224609375,-0.142578125,-0.841796875
1042.914796,info,IMU,3327.2571000000003,0.453125,-0.61328125,8.4375,-0.072265625,0.302734375,-0.412109375,-0.2236328125,-0.1455078125,-0.8408203125
1042.935039,info,IMU,3327.2771000000002,0.875,-0.85546875,9.92578125,-0.01171875,0.255859375,-0.41796875,-0.2197265625,-0.150390625,-0.841796875
1042.954651,info,IMU,3327.2971000000002,1.06640625,-0.7890625,11.73046875,-0.01171875,0.28125,-0.423828125,-0.21484375,-0.150390625,-0.84375
1042.974893,info,IMU,3327.3171,0.79296875,-0.92578125,9.7109375,0.015625,0.3046875,-0.42578125,-0.2080078125,-0.1552734375,-0.8427734375
1042.995075,info,IMU,3327.3371,0.57421875,-1.01171875,11.13671875,0.091796875,0.2734375,-0.439453125,-0.2001953125,-0.1572265625,-0.845703125
1043.014682,info,IMU,3327.3571,0.7578125,-0.84375,11.7890625,-0.04296875,0.3125,-0.43359375,-0.19140625,-0.158203125,-0.8466796875
1043.034911,info,IMU,3327.3771,0.87109375,-0.9375,10.49609375,0.017578125,0.361328125,-0.416015625,-0.1826171875,-0.162109375,-0.8486328125
1043.055209,info,IMU,3327.3971,0.8046875,-0.46484375,11.57421875,0.033203125,0.396484375,-0.427734375,-0.173828125,-0.1640625,-0.853515625
1043.074759,info,IMU,3327.4171,0.31640625,-0.2890625,8.9375,-0.017578125,0.482421875,-0.44140625,-0.1630859375,-0.16796875,-0.8544921875
1043.094990,info,IMU,3327.4371,0.4609375,-0.5390625,10.08984375,-0.00390625,0.51171875,-0.458984375,-0.1513671875,-0.16796875,-0.853515625
1043.115201,info,IMU,3327.4571,0.125,-0.69140625,9.109375,-0.03125,0.52734375,-0.44140625,-0.138671875,-0.1669921875,-0.85546875
1043.134795,info,IMU,3327.4771,-0.4765625,-0.44921875,8.9609375,0.001953125,0.552734375,-0.4375,-0.12890625,-0.169921875,-0.859375
1043.155029,info,IMU,3327.4971,-0.3203125,-0.16015625,8.58203125,-0.025390625,0.556640625,-0.451171875,-0.1162109375,-0.171875,-0.8642578125
1043.174631,info,IMU,3327.5171,-0.1796875,-0.40625,8.4609375,-0.099609375,0.556640625,-0.44921875,-0.099609375,-0.173828125,-0.8642578125
1043.194872,info,IMU,3327.5371,-0.55078125,-0.48828125,8.21875,-0.037109375,0.517578125,-0.4375,-0.08984375,-0.17578125,-0.865234375
1043.215078,info,IMU,3327.5571,-1.16796875,-0.640625,7.3359375,-0.015625,0.513671875,-0.44140625,-0.078125,-0.1748046875,-0.8701171875
1043.234668,info,IMU,3327.5771,-1.2578125,-0.5625,8.67578125,-0.060546875,0.45703125,-0.443359375,-0.064453125,-0.177734375,-0.869140625
1043.254975,info,IMU,3327.5971,-0.984375,-1.15625,8.2578125,-0.044921875,0.447265625,-0.43359375,-0.0556640625,-0.1787109375,-0.8720703125
1043.275134,info,IMU,3327.6171,-0.7578125,-0.7421875,8.77734375,0.005859375,0.404296875,-0.43359375,-0.048828125,-0.181640625,-0.873046875
1043.295508,info,IMU,3327.6371,-0.83984375,-0.2578125,9.578125,-0.029296875,0.330078125,-0.431640625,-0.0400390625,-0.1845703125,-0.87109375
1043.315031,info,IMU,3327.6571,-1,-0.83984375,9.08203125,-0.021484375,0.228515625,-0.439453125,-0.03515625,-0.1806640625,-0.8740234375
1043.335183,info,IMU,3327.6771,-0.73046875,-0.99609375,9.15234375,0.01171875,0.14453125,-0.4375,-0.029296875,-0.1845703125,-0.8759765625
1043.354760,info,IMU,3327.6971000000003,-0.84765625,-0.58203125,11.42578125,0.0078125,0.23828125,-0.42578125,-0.0244140625,-0.1875,-0.8759765625
1043.375013,info,IMU,3327.7171000000003,-0.78125,-1.2734375,8.7109375,0.060546875,0.111328125,-0.42578125,-0.0205078125,-0.185546875,-0.875
1043.394652,info,IMU,3327.7371000000003,-1.265625,-0.484375,10.84765625,0.078125,0.064453125,-0.4375,-0.015625,-0.189453125,-0.875
1043.414871,info,IMU,3327.7571000000003,-1.54296875,-0.74609375,7.94140625,-0.03515625,0.056640625,-0.4375,-0.0166015625,-0.1904296875,-0.876953125
1043.435049,info,IMU,3327.7771000000002,-1.328125,-0.88671875,9.3984375,0.1484375,0.0234375,-0.44140625,-0.0166015625,-0.1904296875,-0.8759765625
1043.454801,info,IMU,3327.7971000000002,-1.20703125,-0.43359375,7.16796875,0.01953125,-0.076171875,-0.43359375,-0.0126953125,-0.1962890625,-0.873046875
1043.474937,info,IMU,3327.8171,-1.19140625,-1.40625,8.40234375,0.013671875,-0.076171875,-0.4296875,-0.0107421875,-0.2001953125,-0.8779296875
1043.495127,info,IMU,3327.8371,-0.54296875,-1.08203125,9.45703125,0.001953125,-0.1484375,-0.435546875,-0.01171875,-0.2001953125,-0.876953125
1043.514738,info,IMU,3327.8571,-1.1484375,-1.74609375,9.42578125,0.068359375,-0.208984375,-0.435546875,-0.0126953125,-0.2021484375,-0.873046875
1043.535070,info,IMU,3327.8771,-1.04296875,-1.6796875,11.765625,0.15234375,-0.15234375,-0.4375,-0.0166015625,-0.2021484375,-0.875
1043.555170,info,IMU,3327.8971,-0.9921875,-1.125,9.6484375,0.099609375,-0.21875,-0.4296875,-0.01953125,-0.2060546875,-0.8740234375
1043.574766,info,IMU,3327.9171,-0.7265625,-2.0625,10.359375,0.068359375,-0.2578125,-0.423828125,-0.01953125,-0.205078125,-0.873046875
1043.595025,info,IMU,3327.9371,-0.06640625,-1.79296875,12.55078125,0.0859375,-0.267578125,-0.419921875,-0.0244140625,-0.2119140625,-0.8720703125
1043.614891,info,IMU,3327.9571,-0.66015625,-2.015625,10.33984375,0.01171875,-0.20703125,-0.419921875,-0.02734375,-0.2138671875,-0.8720703125
1043.637329,info,IMU,3327.9771,-1.08984375,-2.1484375,9.87890625,0.103515625,-0.2890625,-0.42578125,-0.033203125,-0.212890625,-0.87109375
1043.655064,info,IMU,3327.9971,-0.87890625,-2.3828125,11.44140625,0.03515625,-0.248046875,-0.419921875,-0.0361328125,-0.2177734375,-0.869140625
1043.674666,info,IMU,3328.0171,-0.27734375,-2.30078125,9.57421875,0.083984375,-0.2734375,-0.40234375,-0.0400390625,-0.2177734375,-0.869140625
1043.694908,info,IMU,3328.0371,-0.6796875,-1.9765625,10.7421875,0.07421875,-0.337890625,-0.400390625,-0.0458984375,-0.22265625,-0.8701171875
1043.715127,info,IMU,3328.0571,-0.65625,-2.5625,8.7890625,-0.021484375,-0.267578125,-0.396484375,-0.0517578125,-0.224609375,-0.8662109375
1043.736127,info,IMU,3328.0771,0.01953125,-2.66015625,10.47265625,0.064453125,-0.275390625,-0.396484375,-0.052734375,-0.224609375,-0.8642578125
1043.754944,info,IMU,3328.0971,-0.546875,-2.8515625,10.4453125,0.103515625,-0.31640625,-0.388671875,-0.056640625,-0.228515625,-0.865234375
1043.775163,info,IMU,3328.1171,-0.62109375,-3.16015625,8.02734375,0.115234375,-0.3203125,-0.380859375,-0.0634765625,-0.232421875,-0.8642578125
1043.794764,info,IMU,3328.1371,-0.28515625,-2.28515625,11.75390625,0.111328125,-0.28515625,-0.37890625,-0.0703125,-0.234375,-0.861328125
1043.815058,info,IMU,3328.1571,-0.1328125,-3.26171875,10.734375,0.021484375,-0.296875,-0.359375,-0.072265625,-0.2373046875,-0.859375
1043.836444,info,IMU,3328.1771,-0.5,-2.8671875,11.84765625,0.162109375,-0.25,-0.361328125,-0.076171875,-0.2392578125,-0.859375
1043.854876,info,IMU,3328.1971000000003,0.00390625,-2.609375,9.7734375,0.099609375,-0.28515625,-0.357421875,-0.078125,-0.2451171875,-0.857421875
1043.875048,info,IMU,3328.2171000000003,-0.32421875,-2.53125,10.8359375,0.06640625,-0.19140625,-0.349609375,-0.0830078125,-0.24609375,-0.853515625
1043.894638,info,IMU,3328.2371000000003,-0.390625,-3.046875,9.1484375,0.078125,-0.220703125,-0.3359375,-0.083984375,-0.2490234375,-0.85546875
1043.914888,info,IMU,3328.2571000000003,-0.3046875,-2.73828125,11.3125,0.072265625,-0.126953125,-0.333984375,-0.0849609375,-0.2509765625,-0.853515625
1043.935169,info,IMU,3328.2771000000002,0.04296875,-2.765625,9.6484375,0.09375,-0.138671875,-0.330078125,-0.087890625,-0.2568359375,-0.853515625
1043.954737,info,IMU,3328.2971000000002,-0.43359375,-2.78125,10.0546875,0.025390625,-0.169921875,-0.330078125,-0.0927734375,-0.2587890625,-0.8544921875
1043.974943,info,IMU,3328.3171,-0.12109375,-2.96484375,10.1953125,0.04296875,-0.05859375,-0.314453125,-0.08984375,-0.2607421875,-0.853515625
1043.995165,info,IMU,3328.3371,0.171875,-2.4921875,10.078125,0.08984375,-0.0859375,-0.30859375,-0.09375,-0.2626953125,-0.8525390625
1044.014801,info,IMU,3328.3571,-0.453125,-2.32421875,9.4921875,0.140625,-0.1171875,-0.306640625,-0.09375,-0.2685546875,-0.849609375
1044.037837,info,IMU,3328.3771,0.29296875,-2.4140625,9.421875,0.033203125,0.0234375,-0.294921875,-0.0927734375,-0.267578125,-0.8505859375
1044.054667,info,IMU,3328.3971,0.078125,-2.39453125,9.203125,0.123046875,-0.068359375,-0.2890625,-0.091796875,-0.2705078125,-0.849609375
1044.074884,info,IMU,3328.4171,-0.61328125,-2.43359375,11.16015625,0.07421875,0.064453125,-0.28515625,-0.08984375,-0.2734375,-0.8505859375
1044.095066,info,IMU,3328.4371,-0.25390625,-2.16015625,7.76171875,0.068359375,-0.01953125,-0.291015625,-0.0888671875,-0.2744140625,-0.8486328125
1044.114647,info,IMU,3328.4571,-0.4453125,-2.1328125,11.0546875,0.052734375,0.041015625,-0.28125,-0.087890625,-0.27734375,-0.8486328125
1044.137735,info,IMU,3328.4771,0.02734375,-2.51171875,7.78515625,0.005859375,0.048828125,-0.267578125,-0.0810546875,-0.2783203125,-0.8486328125
1044.155100,info,IMU,3328.4971,-0.07421875,-2.01953125,9.8515625,0.0703125,0.0390625,-0.26953125,-0.0810546875,-0.28515625,-0.84765625
1044.174679,info,IMU,3328.5171,0.3515625,-2.32421875,9.28125,0.07421875,0.130859375,-0.275390625,-0.0771484375,-0.2841796875,-0.8466796875
1044.194930,info,IMU,3328.5371,-0.015625,-2.2578125,9.01171875,-0.025390625,0.169921875,-0.267578125,-0.072265625,-0.2880859375,-0.8505859375
1044.215134,info,IMU,3328.5571,0.00390625,-2.70703125,11.08203125,0.11328125,0.22265625,-0.259765625,-0.0654296875,-0.2880859375,-0.8486328125
1044.234752,info,IMU,3328.5771,-0.22265625,-2.2578125,10.078125,0.001953125,0.2109375,-0.248046875,-0.0625,-0.29296875,-0.8486328125
1044.254979,info,IMU,3328.5971,-0.8359375,-2.3203125,9.9921875,0.15234375,0.212890625,-0.259765625,-0.05859375,-0.2919921875,-0.84765625
1044.274588,info,IMU,3328.6171,-0.2109375,-1.9609375,11.80078125,-0.017578125,0.24609375,-0.248046875,-0.0498046875,-0.294921875,-0.8505859375
1044.294821,info,IMU,3328.6371,-0.34765625,-1.953125,9.859375,0.05078125,0.291015625,-0.251953125,-0.0458984375,-0.294921875,-0.849609375
1044.315079,info,IMU,3328.6571,-0.203125,-2.1015625,9.75,0.03125,0.263671875,-0.25390625,-0.0380859375,-0.2958984375,-0.8515625
1044.334653,info,IMU,3328.6771,-0.12109375,-2.0078125,10.234375,-0.0234375,0.365234375,-0.255859375,-0.0283203125,-0.296875,-0.8515625
1044.354906,info,IMU,3328.6971000000003,0.109375,-2.2421875,8.41015625,-0.005859375,0.4375,-0.24609375,-0.0205078125,-0.296875,-0.8515625
1044.375115,info,IMU,3328.7171000000003,-0.265625,-2.11328125,9.65234375,0.013671875,0.423828125,-0.25,-0.01171875,-0.2998046875,-0.8525390625
1044.395746,info,IMU,3328.7371000000003,-1.296875,-1.86328125,8.96875,-0.025390625,0.46484375,-0.2578125,-0.0048828125,-0.296875,-0.8544921875
1044.414937,info,IMU,3328.7571000000003,-1.06640625,-1.98046875,7.85546875,0.03515625,0.42578125,-0.25390625,0.00390625,-0.30078125,-0.853515625
1044.435176,info,IMU,3328.7771000000002,-1.15234375,-1.5,9.15625,-0.052734375,0.333984375,-0.251953125,0.0166015625,-0.298828125,-0.8525390625
1044.454740,info,IMU,3328.7971000000002,-1.34375,-1.71875,8.3046875,-0.041015625,0.37109375,-0.248046875,0.0244140625,-0.296875,-0.8544921875
1044.474957,info,IMU,3328.8171,-1.0703125,-1.953125,7.46484375,-0.05859375,0.32421875,-0.26171875,0.03515625,-0.296875,-0.8583984375
1044.494614,info,IMU,3328.8371,-0.79296875,-1.4609375,9.484375,-0.123046875,0.43359375,-0.25,0.0419921875,-0.2978515625,-0.859375
1044.514840,info,IMU,3328.8571,-0.828125,-1.61328125,7.01953125,-0.044921875,0.35546875,-0.25,0.052734375,-0.296875,-0.857421875
1044.534999,info,IMU,3328.8771,-1.65625,-1.87890625,9.23828125,-0.076171875,0.380859375,-0.251953125,0.06640625,-0.2958984375,-0.8583984375
1044.554623,info,IMU,3328.8971,-0.94140625,-1.97265625,6.77734375,-0.025390625,0.3828125,-0.2578125,0.072265625,-0.2939453125,-0.8603515625
1044.574870,info,IMU,3328.9171,-1.6484375,-1.796875,8.80078125,-0.0625,0.283203125,-0.25390625,0.0791015625,-0.29296875,-0.861328125
1044.595097,info,IMU,3328.9371,-1.5390625,-2.19921875,8.41796875,-0.0625,0.314453125,-0.23828125,0.087890625,-0.29296875,-0.8583984375
1044.614679,info,IMU,3328.9571,-1.5546875,-1.84375,6.9140625,-0.033203125,0.208984375,-0.2421875,0.0986328125,-0.287109375,-0.859375
1044.634949,info,IMU,3328.9771,-1.85546875,-1.91015625,9.03125,-0.080078125,0.1953125,-0.2421875,0.1005859375,-0.287109375,-0.8603515625
1044.655154,info,IMU,3328.9971,-1.21875,-2,6.6796875,-0.05859375,0.166015625,-0.236328125,0.107421875,-0.2841796875,-0.8623046875
1044.674736,info,IMU,3329.0171,-1.5078125,-1.79296875,9.6796875,-0.033203125,0.08984375,-0.23828125,0.1123046875,-0.2861328125,-0.8642578125
1044.694976,info,IMU,3329.0371,-1.80078125,-2.1328125,6.8125,-0.052734375,0.017578125,-0.234375,0.115234375,-0.283203125,-0.859375
1044.714899,info,IMU,3329.0571,-1.55078125,-1.76171875,10.45703125,-0.080078125,-0.01171875,-0.2421875,0.1162109375,-0.283203125,-0.86328125
1044.734819,info,IMU,3329.0771,-1.2421875,-2.5,8.27734375,-0.052734375,-0.009765625,-0.228515625,0.1181640625,-0.2841796875,-0.861328125
1044.755027,info,IMU,3329.0971,-2.234375,-2.09765625,9.41015625,-0.013671875,-0.158203125,-0.23046875,0.1181640625,-0.27734375,-0.8623046875
1044.774600,info,IMU,3329.1171,-1.640625,-2.5234375,7.97265625,0.03125,-0.111328125,-0.236328125,0.119140625,-0.279296875,-0.86328125
1044.794841,info,IMU,3329.1371,-1.41796875,-1.94921875,8.3515625,-0.0546875,-0.15625,-0.23828125,0.1171875,-0.2763671875,-0.8603515625
1044.815095,info,IMU,3329.1571,-1.36328125,-2.03515625,9.578125,-0.01171875,-0.1484375,-0.232421875,0.1162109375,-0.2783203125,-0.86328125
1044.834667,info,IMU,3329.1771,-1.03515625,-1.3046875,9.24609375,-0.052734375,-0.1796875,-0.232421875,0.1123046875,-0.275390625,-0.86328125
1044.854925,info,IMU,3329.1971000000003,-1.6640625,-1.734375,9.49609375,-0.083984375,-0.205078125,-0.236328125,0.109375,-0.2744140625,-0.865234375
1044.875121,info,IMU,3329.2171000000003,-1.328125,-2.1953125,10.37109375,-0.041015625,-0.234375,-0.23828125,0.1064453125,-0.275390625,-0.8642578125
1044.894708,info,IMU,3329.2371000000003,-1.41015625,-2.1640625,9.4765625,-0.12109375,-0.26171875,-0.232421875,0.099609375,-0.2724609375,-0.8671875
1044.914951,info,IMU,3329.2571000000003,-1.890625,-2.21484375,10.47265625,0.0234375,-0.326171875,-0.21875,0.0986328125,-0.26953125,-0.865234375
1044.934619,info,IMU,3329.2771000000002,-1.9296875,-1.2109375,9.32421875,-0.125,-0.328125,-0.220703125,0.091796875,-0.2685546875,-0.8671875
1044.954799,info,IMU,3329.2971000000002,-1.6796875,-1.15625,9.14453125,-0.025390625,-0.40234375,-0.224609375,0.083984375,-0.2666015625,-0.8642578125
1044.975020,info,IMU,3329.3171,-1.2890625,-1.94140625,8.66015625,-0.130859375,-0.41015625,-0.2265625,0.078125,-0.2685546875,-0.8662109375
1044.994620,info,IMU,3329.3371,-1.53125,-1.8515625,7.96875,-0.06640625,-0.40234375,-0.22265625,0.068359375,-0.2646484375,-0.8681640625
1045.014899,info,IMU,3329.3571,-1.0078125,-2.453125,8.1171875,-0.0546875,-0.3828125,-0.216796875,0.0625,-0.265625,-0.8681640625
1045.035078,info,IMU,3329.3771,-1.23828125,-2.1015625,7.16796875,-0.03125,-0.439453125,-0.212890625,0.0537109375,-0.263671875,-0.86328125
1045.054697,info,IMU,3329.3971,-1.46875,-2.265625,8.5078125,-0.072265625,-0.462890625,-0.205078125,0.046875,-0.263671875,-0.865234375
1045.074884,info,IMU,3329.4171,-1.10546875,-2.328125,8.2109375,-0,-0.466796875,-0.205078125,0.041015625,-0.265625,-0.8662109375
1045.095129,info,IMU,3329.4371,-0.82421875,-1.96875,10.28515625,-0.03125,-0.521484375,-0.20703125,0.0322265625,-0.2626953125,-0.8642578125
1045.114698,info,IMU,3329.4571,-0.44921875,-2.23046875,9.58203125,-0.00390625,-0.443359375,-0.1953125,0.0224609375,-0.263671875,-0.8662109375
1045.134968,info,IMU,3329.4771,-0.27734375,-2.0390625,10.80078125,-0.00390625,-0.494140625,-0.1953125,0.017578125,-0.263671875,-0.8662109375
1045.155150,info,IMU,3329.4971,-0.0390625,-2.078125,12.1875,-0.0234375,-0.38671875,-0.193359375,0.0078125,-0.2626953125,-0.865234375
1045.174785,info,IMU,3329.5171,-0.33203125,-2.171875,10.40234375,0.033203125,-0.380859375,-0.193359375,0.00390625,-0.26171875,-0.8642578125
1045.195009,info,IMU,3329.5371,-0.51171875,-1.90625,11.515625,-0.02734375,-0.322265625,-0.185546875,-0.0078125,-0.2607421875,-0.8623046875
1045.214595,info,IMU,3329.5571,-0.1015625,-2.0703125,10.96875,0.013671875,-0.306640625,-0.18359375,-0.0107421875,-0.2607421875,-0.8623046875
1045.234848,info,IMU,3329.5771,-0.22265625,-1.6171875,11.3046875,-0.068359375,-0.306640625,-0.185546875,-0.017578125,-0.2587890625,-0.8642578125
1045.255082,info,IMU,3329.5971,-0.56640625,-2.375,10.109375,-0.03125,-0.228515625,-0.1796875,-0.0185546875,-0.2607421875,-0.8623046875
1045.274673,info,IMU,3329.6171,-0.46484375,-1.984375,10.2890625,-0.0625,-0.28515625,-0.1796875,-0.0244140625,-0.26171875,-0.86328125
1045.294891,info,IMU,3329.6371,-0.44140625,-1.85546875,10.5625,-0.021484375,-0.171875,-0.171875,-0.03125,-0.265625,-0.859375
1045.315119,info,IMU,3329.6571,-0.27734375,-2.015625,9.5,-0.052734375,-0.19921875,-0.1640625,-0.0361328125,-0.259765625,-0.8603515625
1045.334703,info,IMU,3329.6771,-0.63671875,-1.2109375,10.6640625,-0.01171875,-0.24609375,-0.1640625,-0.0380859375,-0.259765625,-0.859375
1045.354925,info,IMU,3329.6971000000003,-0.3359375,-2.0078125,11,-0.05078125,-0.1328125,-0.158203125,-0.04296875,-0.2607421875,-0.8603515625
1045.375167,info,IMU,3329.7171000000003,-0.29296875,-1.65625,9,-0.0625,-0.2109375,-0.158203125,-0.04296875,-0.2607421875,-0.859375
1045.394819,info,IMU,3329.7371000000003,-0.20703125,-2.0234375,11.453125,-0.072265625,-0.0859375,-0.158203125,-0.0478515625,-0.2607421875,-0.859375
1045.414994,info,IMU,3329.7571000000003,-0.4765625,-2.375,8.5078125,-0.107421875,-0.08203125,-0.142578125,-0.0478515625,-0.2587890625,-0.8603515625
1045.434589,info,IMU,3329.7771000000002,-0.25,-1.6953125,11.67578125,0.0078125,-0.041015625,-0.150390625,-0.05078125,-0.259765625,-0.8564453125
1045.454826,info,IMU,3329.7971000000002,-0.3046875,-1.640625,10.02734375,-0.083984375,-0.029296875,-0.14453125,-0.0498046875,-0.2578125,-0.8564453125
1045.475050,info,IMU,3329.8171,-0.72265625,-1.30859375,9.86328125,-0.015625,-0.0859375,-0.14453125,-0.0517578125,-0.2568359375,-0.8603515625
1045.494646,info,IMU,3329.8371,-0.296875,-1.7265625,9.84765625,-0.123046875,-0.04296875,-0.142578125,-0.0498046875,-0.2568359375,-0.8603515625
1045.514876,info,IMU,3329.8571,0.0390625,-1.93359375,10.953125,-0.04296875,0.044921875,-0.138671875,-0.0498046875,-0.2548828125,-0.861328125
1045.535240,info,IMU,3329.8771,0.0625,-2.265625,8.1328125,-0.125,0.0546875,-0.1328125,-0.0458984375,-0.2529296875,-0.861328125
1045.554725,info,IMU,3329.8971,-0.41015625,-2.06640625,11.2890625,-0.01953125,0.1015625,-0.138671875,-0.044921875,-0.2529296875,-0.8583984375
1045.574924,info,IMU,3329.9171,0.19140625,-1.97265625,9.5703125,-0.0546875,0.181640625,-0.1328125,-0.04296875,-0.2529296875,-0.8603515625
1045.595183,info,IMU,3329.9371,-0.64453125,-2.26171875,9.67578125,-0,0.078125,-0.1328125,-0.0380859375,-0.251953125,-0.8623046875
1045.614890,info,IMU,3329.9571,-1.04296875,-2.10546875,10.2265625,-0.037109375,0.125,-0.130859375,-0.037109375,-0.251953125,-0.861328125
1045.635009,info,IMU,3329.9771,-0.12890625,-1.421875,10.390625,-0.0546875,0.21484375,-0.1328125,-0.0302734375,-0.2509765625,-0.861328125
1045.654604,info,IMU,3329.9971,-0.13671875,-1.83984375,8.88671875,-0.041015625,0.158203125,-0.12890625,-0.0263671875,-0.25,-0.8623046875
1045.674817,info,IMU,3330.0171,0.15234375,-2.31640625,11.9765625,-0.060546875,0.294921875,-0.126953125,-0.021484375,-0.2490234375,-0.8642578125
1045.695057,info,IMU,3330.0371,0.3046875,-2.16015625,7.41796875,-0.044921875,0.296875,-0.12109375,-0.0166015625,-0.2490234375,-0.8642578125
1045.714638,info,IMU,3330.0571,-0.3515625,-1.96484375,11.84375,-0.013671875,0.333984375,-0.126953125,-0.01171875,-0.248046875,-0.8642578125
1045.734885,info,IMU,3330.0771,-0.33203125,-1.95703125,9.01953125,-0.052734375,0.400390625,-0.12109375,-0.0048828125,-0.2470703125,-0.8662109375
1045.755099,info,IMU,3330.0971,-0.98046875,-1.828125,9.94140625,-0,0.3203125,-0.12109375,0.0009765625,-0.248046875,-0.8662109375
1045.774673,info,IMU,3330.1171,-1.1640625,-1.71484375,8.66796875,-0.04296875,0.3359375,-0.119140625,0.0126953125,-0.24609375,-0.8671875
1045.794897,info,IMU,3330.1371,-1.03515625,-1.6015625,8.09765625,-0.05078125,0.306640625,-0.119140625,0.017578125,-0.2451171875,-0.869140625
1045.815131,info,IMU,3330.1571,-0.83984375,-1.84375,6.8515625,-0.037109375,0.3203125,-0.119140625,0.0263671875,-0.244140625,-0.87109375
1045.834782,info,IMU,3330.1771,-0.3125,-1.6953125,6.2890625,-0.044921875,0.35546875,-0.109375,0.0322265625,-0.2451171875,-0.869140625
1045.854964,info,IMU,3330.1971000000003,-0.51171875,-2.12890625,7.51171875,-0.041015625,0.369140625,-0.111328125,0.0419921875,-0.2421875,-0.8701171875
1045.874580,info,IMU,3330.2171000000003,-1.2265625,-2.08203125,7.91796875,0.01953125,0.419921875,-0.109375,0.0498046875,-0.248046875,-0.8701171875
1045.894811,info,IMU,3330.2371000000003,-1.5859375,-2.0234375,6.62109375,0.009765625,0.3203125,-0.107421875,0.05859375,-0.244140625,-0.8701171875
1045.915089,info,IMU,3330.2571000000003,-2.52734375,-1.7421875,10.00390625,0.015625,0.236328125,-0.107421875,0.064453125,-0.248046875,-0.87109375
1045.934640,info,IMU,3330.2771000000002,-1.5703125,-1.9375,6.5703125,0.029296875,0.21875,-0.10546875,0.0703125,-0.244140625,-0.87109375
1045.955003,info,IMU,3330.2971000000002,-1.0390625,-1.30859375,7.96875,0.052734375,0.1015625,-0.111328125,0.076171875,-0.2451171875,-0.8701171875
1045.975087,info,IMU,3330.3171,-0.84765625,-2.21875,8.63671875,0.03515625,0.2421875,-0.103515625,0.0830078125,-0.2470703125,-0.873046875
1045.994683,info,IMU,3330.3371,-0.6171875,-1.41015625,8.140625,-0.044921875,0.224609375,-0.111328125,0.0869140625,-0.2470703125,-0.873046875
1046.014916,info,IMU,3330.3571,-1.01171875,-2.44140625,9.54296875,0.15625,0.265625,-0.111328125,0.0908203125,-0.24609375,-0.87109375
1046.035146,info,IMU,3330.3771,-1.38671875,-1.65625,7.1015625,-0.021484375,0.15625,-0.11328125,0.095703125,-0.248046875,-0.8701171875
1046.056901,info,IMU,3330.3971,-2.46484375,-1.6796875,10.3359375,0.15234375,0.138671875,-0.115234375,0.09765625,-0.25,-0.869140625
1046.074982,info,IMU,3330.4171,-2.16796875,-1.30859375,6.76171875,-0.03125,0.041015625,-0.11328125,0.1005859375,-0.2490234375,-0.8701171875
1046.094552,info,IMU,3330.4371,-2.203125,-1.2890625,9.171875,0.107421875,-0.056640625,-0.12109375,0.1025390625,-0.2509765625,-0.8681640625
1046.114851,info,IMU,3330.4571,-1.17578125,-2.21484375,8.30859375,0.017578125,0.060546875,-0.12109375,0.10546875,-0.25390625,-0.8681640625
1046.135022,info,IMU,3330.4771,-0.73046875,-1.390625,5.67578125,0.033203125,-0.025390625,-0.123046875,0.1064453125,-0.25390625,-0.869140625
1046.154611,info,IMU,3330.4971,-1.44921875,-2.05078125,10.5625,0.08984375,0.1015625,-0.12890625,0.10546875,-0.25390625,-0.8681640625
1046.174849,info,IMU,3330.5171,-1.37890625,-1.42578125,6.18359375,0.0078125,0.02734375,-0.1171875,0.103515625,-0.2568359375,-0.8701171875
1046.195065,info,IMU,3330.5371,-2.51171875,-1.90625,8.640625,0.09765625,-0.064453125,-0.125,0.10546875,-0.2587890625,-0.8681640625
1046.214729,info,IMU,3330.5571,-2.0078125,-1.9140625,7.94921875,0.052734375,-0.0859375,-0.119140625,0.1083984375,-0.259765625,-0.8681640625
1046.234952,info,IMU,3330.5771,-1.76171875,-1.40234375,6.046875,0.04296875,-0.23828125,-0.125,0.10546875,-0.2607421875,-0.8681640625
1046.255118,info,IMU,3330.5971,-1.421875,-1.80078125,11.32421875,0.01953125,-0.138671875,-0.12109375,0.103515625,-0.26171875,-0.87109375
1046.274751,info,IMU,3330.6171,-0.56640625,-1.484375,6.2890625,0.04296875,-0.169921875,-0.115234375,0.1015625,-0.2607421875,-0.865234375
1046.295293,info,IMU,3330.6371,-1.171875,-1.578125,10.10546875,0.009765625,-0.146484375,-0.12109375,0.099609375,-0.2646484375,-0.8671875
1046.314575,info,IMU,3330.6571,-1.02734375,-2.24609375,8.9140625,0.041015625,-0.0390625,-0.1171875,0.0966796875,-0.2646484375,-0.869140625
1046.334823,info,IMU,3330.6771,-1.3046875,-1.8671875,8.5390625,0.0625,-0.23828125,-0.115234375,0.0947265625,-0.2646484375,-0.8671875
1046.355019,info,IMU,3330.6971000000003,-2.02734375,-1.765625,11.56640625,0.033203125,-0.1484375,-0.10546875,0.0869140625,-0.2626953125,-0.8671875
1046.374616,info,IMU,3330.7171000000003,-1.33203125,-1.390625,7.02734375,0.0234375,-0.236328125,-0.103515625,0.0849609375,-0.263671875,-0.8662109375
1046.394853,info,IMU,3330.7371000000003,-1.75,-1.36328125,11.30859375,0.005859375,-0.291015625,-0.1171875,0.08203125,-0.2646484375,-0.8671875
1046.415314,info,IMU,3330.7571000000003,-1.25390625,-1.84375,8.390625,-0.02734375,-0.24609375,-0.109375,0.078125,-0.265625,-0.8681640625
1046.434673,info,IMU,3330.7771000000002,-1.46484375,-1.74609375,9.76171875,-0.052734375,-0.333984375,-0.109375,0.0712890625,-0.265625,-0.8671875
1046.454930,info,IMU,3330.7971000000002,-0.8359375,-2.46875,9.328125,0.02734375,-0.2421875,-0.103515625,0.0693359375,-0.2646484375,-0.865234375
1046.475119,info,IMU,3330.8171,-1.02734375,-1.96484375,9.00390625,-0.083984375,-0.294921875,-0.1015625,0.064453125,-0.2646484375,-0.8662109375
1046.494757,info,IMU,3330.8371,-1.078125,-1.96875,11.27734375,0.060546875,-0.326171875,-0.1015625,0.056640625,-0.263671875,-0.8671875
1046.514929,info,IMU,3330.8571,-0.7421875,-1.64453125,9.94140625,-0.041015625,-0.26953125,-0.091796875,0.052734375,-0.2646484375,-0.865234375
1046.534559,info,IMU,3330.8771,-0.89453125,-1.953125,10.19140625,0.064453125,-0.38671875,-0.09375,0.0478515625,-0.265625,-0.8662109375
1046.554789,info,IMU,3330.8971,-0.86328125,-1.859375,12.66015625,-0.0390625,-0.267578125,-0.087890625,0.041015625,-0.2646484375,-0.8642578125
1046.575002,info,IMU,3330.9171,-0.54296875,-1.7890625,8.71875,0.0234375,-0.36328125,-0.0859375,0.033203125,-0.2607421875,-0.86328125
1046.594603,info,IMU,3330.9371,-0.69140625,-1.52734375,13.671875,-0.0390625,-0.30859375,-0.08203125,0.0302734375,-0.2607421875,-0.865234375
1046.614846,info,IMU,3330.9571,-0,-1.76171875,10.33203125,-0.076171875,-0.2109375,-0.078125,0.0263671875,-0.26171875,-0.865234375
1046.636812,info,IMU,3330.9771,0.1015625,-1.9765625,11.41796875,-0.0390625,-0.25,-0.080078125,0.017578125,-0.2607421875,-0.86328125
1046.654757,info,IMU,3330.9971,0.34375,-2.61328125,13.47265625,-0.033203125,-0.09375,-0.076171875,0.0146484375,-0.2607421875,-0.8662109375
1046.674964,info,IMU,3331.0171,0.15625,-1.91015625,11.18359375,-0.01953125,-0.08984375,-0.068359375,0.015625,-0.2587890625,-0.8662109375
1046.695105,info,IMU,3331.0371,-1.01171875,-1.79296875,12.63671875,0.017578125,-0.138671875,-0.072265625,0.0087890625,-0.26171875,-0.8662109375
1046.714728,info,IMU,3331.0571,-0.90234375,-1.78515625,11.11328125,-0.0546875,-0.09375,-0.060546875,0.0048828125,-0.2578125,-0.865234375
1046.734932,info,IMU,3331.0771,-0.515625,-1.6875,8.83984375,-0.05859375,-0.19921875,-0.052734375,0.00390625,-0.2578125,-0.8662109375
1046.754553,info,IMU,3331.0971,-0.02734375,-1.36328125,11.1953125,-0.099609375,-0.11328125,-0.0546875,0.001953125,-0.2568359375,-0.8662109375
1046.774769,info,IMU,3331.1171,0.66015625,-1.8984375,9.1875,-0.126953125,0.01171875,-0.044921875,0.0009765625,-0.2548828125,-0.8642578125
1046.794994,info,IMU,3331.1371,0.1328125,-2.46484375,10.3359375,-0.01953125,-0.03515625,-0.044921875,0.0009765625,-0.255859375,-0.8642578125
1046.814616,info,IMU,3331.1571,-0.34765625,-2.375,12.39453125,-0.068359375,0.111328125,-0.029296875,0.001953125,-0.25390625,-0.8671875
1046.834850,info,IMU,3331.1771,-0.73828125,-2.36328125,9.015625,-0.01171875,0.041015625,-0.021484375,-0,-0.25,-0.8662109375
1046.855075,info,IMU,3331.1971000000003,-0.8828125,-1.984375,11.9140625,-0.029296875,-0.013671875,-0.02734375,0.001953125,-0.2529296875,-0.8642578125
1046.874643,info,IMU,3331.2171000000003,0.4765625,-1.8515625,11.37109375,-0.0078125,0.044921875,-0.013671875,0.005859375,-0.2509765625,-0.865234375
1046.895868,info,IMU,3331.2371000000003,0.9453125,-1.7109375,10.4140625,-0.060546875,0.099609375,-0.009765625,0.0078125,-0.25390625,-0.8671875
1046.915083,info,IMU,3331.2571000000003,0.23046875,-2.1171875,13.07421875,-0.0390625,0.205078125,-0.01171875,0.009765625,-0.2509765625,-0.869140625
1046.934743,info,IMU,3331.2771000000002,0.09765625,-2.125,11.9609375,-0.0546875,0.28515625,-0.0078125,0.01171875,-0.25,-0.8671875
1046.954938,info,IMU,3331.2971000000002,-0.4765625,-1.97265625,12.30859375,0.025390625,0.220703125,0.00390625,0.0166015625,-0.2490234375,-0.8681640625
1046.974570,info,IMU,3331.3171,-0.80859375,-1.82421875,10.3828125,-0.048828125,0.205078125,0.009765625,0.01953125,-0.2470703125,-0.8681640625
1046.996369,info,IMU,3331.3371,-0.9453125,-1.8984375,9.06640625,-0.064453125,0.125,0.009765625,0.0244140625,-0.2490234375,-0.87109375
1047.015031,info,IMU,3331.3571,-0.390625,-2.09375,10.203125,-0.0625,0.216796875,0.015625,0.0283203125,-0.2451171875,-0.8662109375
1047.034591,info,IMU,3331.3771,0.3359375,-1.49609375,8.69140625,-0.0390625,0.244140625,0.0234375,0.033203125,-0.244140625,-0.8681640625
1047.054816,info,IMU,3331.3971,-0.32421875,-1.765625,10.08203125,-0.015625,0.2109375,0.025390625,0.0390625,-0.2470703125,-0.8701171875
1047.075052,info,IMU,3331.4171,-0.05859375,-1.69921875,11.51171875,-0.107421875,0.34375,0.029296875,0.041015625,-0.24609375,-0.8701171875
1047.096570,info,IMU,3331.4371,-0.97265625,-2.203125,9.05859375,-0.021484375,0.193359375,0.03515625,0.0498046875,-0.24609375,-0.8720703125
1047.114953,info,IMU,3331.4571,-1.79296875,-1.88671875,12.81640625,0.021484375,0.205078125,0.03515625,0.0517578125,-0.244140625,-0.8701171875
1047.135137,info,IMU,3331.4771,-0.83203125,-2.12890625,6.234375,-0.0234375,0.181640625,0.03125,0.0556640625,-0.2412109375,-0.87109375
1047.154716,info,IMU,3331.4971,-0.2734375,-1.78515625,12.69921875,-0.009765625,0.1328125,0.03125,0.064453125,-0.2451171875,-0.8720703125
1047.174918,info,IMU,3331.5171,0.8046875,-2.1328125,10.9765625,-0.06640625,0.345703125,0.037109375,0.0673828125,-0.2431640625,-0.8720703125
1047.196948,info,IMU,3331.5371,0.57421875,-1.34375,10.55859375,0.013671875,0.333984375,0.03515625,0.0703125,-0.2421875,-0.8701171875
1047.214779,info,IMU,3331.5571,-0.97265625,-2.28515625,12.16015625,-0,0.326171875,0.02734375,0.07421875,-0.2392578125,-0.8720703125
1047.234998,info,IMU,3331.5771,-1.47265625,-1.5390625,11.671875,-0.029296875,0.34765625,0.0234375,0.0830078125,-0.23828125,-0.873046875
1047.254580,info,IMU,3331.5971,-1.58984375,-1.8125,8.421875,-0.015625,0.232421875,0.037109375,0.0908203125,-0.2392578125,-0.87109375
1047.274788,info,IMU,3331.6171,-0.9453125,-1.64453125,9.98828125,-0.01953125,0.1640625,0.0390625,0.09375,-0.2392578125,-0.8720703125
1047.297345,info,IMU,3331.6371,0.109375,-1.3984375,8.4140625,-0.09375,0.248046875,0.0390625,0.1015625,-0.2373046875,-0.873046875
1047.314681,info,IMU,3331.6571,-0.17578125,-1.80078125,10.24609375,-0.0546875,0.296875,0.03125,0.1044921875,-0.2392578125,-0.8720703125
1047.334879,info,IMU,3331.6771,-0.54296875,-2.21484375,9.94140625,-0.052734375,0.3515625,0.04296875,0.1103515625,-0.236328125,-0.873046875
1047.355119,info,IMU,3331.6971000000003,-1.9140625,-1.93359375,9.7265625,0.0234375,0.21484375,0.033203125,0.1142578125,-0.2353515625,-0.87109375
1047.374683,info,IMU,3331.7171000000003,-2.30078125,-1.984375,10.1328125,0.01953125,0.146484375,0.041015625,0.1162109375,-0.234375,-0.8720703125
1047.394963,info,IMU,3331.7371000000003,-1.33203125,-1.4453125,9.07421875,-0.0546875,0.076171875,0.044921875,0.123046875,-0.2353515625,-0.873046875
1047.415167,info,IMU,3331.7571000000003,-0.765625,-1.71875,10.734375,-0.005859375,0.115234375,0.0390625,0.1220703125,-0.236328125,-0.8759765625
1047.434760,info,IMU,3331.7771000000002,0.078125,-1.796875,10.73828125,-0.044921875,0.17578125,0.041015625,0.1279296875,-0.2353515625,-0.873046875
1047.454974,info,IMU,3331.7971000000002,-0.19921875,-2.02734375,10.140625,-0.052734375,0.197265625,0.03515625,0.1318359375,-0.2353515625,-0.87109375
1047.474557,info,IMU,3331.8171,-0.90625,-2.21484375,12.87890625,0.03125,0.216796875,0.0390625,0.1328125,-0.2373046875,-0.8720703125
1047.494824,info,IMU,3331.8371,-1.859375,-2.03515625,7.11328125,-0.009765625,0.16015625,0.04296875,0.138671875,-0.232421875,-0.8720703125
1047.517031,info,IMU,3331.8571,-2.2421875,-1.40625,10.85546875,0.041015625,0.0625,0.037109375,0.1376953125,-0.2333984375,-0.873046875
1047.534613,info,IMU,3331.8771,-1.42578125,-1.1875,8.23046875,-0.083984375,0.02734375,0.04296875,0.1396484375,-0.2314453125,-0.873046875
1047.554903,info,IMU,3331.8971,-0.8515625,-0.984375,7.51171875,-0.046875,-0.09765625,0.041015625,0.1435546875,-0.2314453125,-0.875
1047.575086,info,IMU,3331.9171,-0.65234375,-1.51953125,9.8515625,-0.1171875,0.0390625,0.041015625,0.140625,-0.2294921875,-0.8720703125
1047.594696,info,IMU,3331.9371,0.14453125,-1.66015625,7.328125,-0.064453125,0.087890625,0.0390625,0.142578125,-0.2294921875,-0.8720703125
1047.614905,info,IMU,3331.9571,-0.515625,-2.48828125,10.30078125,-0.025390625,0.04296875,0.044921875,0.142578125,-0.228515625,-0.873046875
1047.634504,info,IMU,3331.9771,-1.35546875,-2.29296875,9.6640625,0.033203125,0.06640625,0.0546875,0.142578125,-0.2314453125,-0.873046875
1047.654770,info,IMU,3331.9971,-1.76171875,-1.625,9.0078125,0.068359375,-0.0546875,0.0546875,0.1396484375,-0.2314453125,-0.87109375
1047.674956,info,IMU,3332.0171,-1.5234375,-1.64453125,10.375,0.048828125,-0.107421875,0.04296875,0.140625,-0.2294921875,-0.8720703125
1047.694537,info,IMU,3332.0371,-0.41796875,-1.66015625,10.125,-0.029296875,-0.07421875,0.046875,0.1455078125,-0.23046875,-0.8740234375
1047.714814,info,IMU,3332.0571,-0.1328125,-1.94921875,9.765625,0.033203125,-0.080078125,0.0390625,0.140625,-0.23046875,-0.875
1047.735045,info,IMU,3332.0771,0.01953125,-1.80078125,12.2109375,-0.009765625,0.052734375,0.048828125,0.1376953125,-0.2314453125,-0.8720703125
1047.755099,info,IMU,3332.0971,0.21484375,-1.8671875,8.96875,0.017578125,0.091796875,0.05078125,0.13671875,-0.23046875,-0.873046875
1047.774819,info,IMU,3332.1171,-0.56640625,-1.8671875,12.09375,0.0703125,0.0546875,0.05078125,0.1396484375,-0.232421875,-0.8720703125
1047.795042,info,IMU,3332.1371,-1.51171875,-2.015625,7.93359375,0.05859375,-0.0234375,0.044921875,0.1376953125,-0.232421875,-0.8720703125
1047.814675,info,IMU,3332.1571,-1.59375,-1.60546875,10.8203125,0.01953125,-0.07421875,0.04296875,0.1376953125,-0.2314453125,-0.8720703125
1047.834895,info,IMU,3332.1771,-0.87109375,-1.640625,7.47265625,0.0078125,-0.099609375,0.048828125,0.13671875,-0.2353515625,-0.873046875
1047.855102,info,IMU,3332.1971000000003,-0.34765625,-1.5,10.078125,0.009765625,-0.04296875,0.056640625,0.134765625,-0.2353515625,-0.875
1047.874720,info,IMU,3332.2171000000003,-0.0546875,-1.84375,8.76953125,-0.00390625,0.0078125,0.0546875,0.1357421875,-0.234375,-0.873046875
1047.894939,info,IMU,3332.2371000000003,-0.71875,-1.89453125,10.16015625,0.052734375,-0.044921875,0.0546875,0.1328125,-0.2373046875,-0.87109375
1047.914548,info,IMU,3332.2571000000003,-0.8046875,-1.63671875,9.83203125,0.0390625,-0.08984375,0.048828125,0.1328125,-0.236328125,-0.87109375
1047.937072,info,IMU,3332.2771000000002,-0.9296875,-1.7265625,11.55859375,0.0078125,-0.03515625,0.05078125,0.1298828125,-0.236328125,-0.873046875
1047.955017,info,IMU,3332.2971000000002,-0.16796875,-1.765625,9.671875,0.060546875,-0.060546875,0.05078125,0.12890625,-0.23828125,-0.87109375
1047.974601,info,IMU,3332.3171,-0.16015625,-1.33984375,11.5234375,0.017578125,-0.021484375,0.05078125,0.12890625,-0.2392578125,-0.873046875
1047.994830,info,IMU,3332.3371,-0.37890625,-1.89453125,12.1484375,-0.013671875,0.078125,0.05078125,0.1318359375,-0.2392578125,-0.8720703125
1048.015072,info,IMU,3332.3571,-0.13671875,-1.53125,10.9609375,-0,0.064453125,0.041015625,0.1318359375,-0.236328125,-0.875
1048.034671,info,IMU,3332.3771,-0.79296875,-1.71875,11.859375,-0.005859375,0.05859375,0.04296875,0.1298828125,-0.2412109375,-0.8720703125
1048.054928,info,IMU,3332.3971,-0.9375,-1.50390625,10.24609375,-0.044921875,0.015625,0.05078125,0.1298828125,-0.23828125,-0.87109375
1048.075118,info,IMU,3332.4171,-0.7578125,-1.46484375,10.24609375,-0.005859375,-0.015625,0.044921875,0.12890625,-0.2392578125,-0.87109375
1048.094747,info,IMU,3332.4371,-0.42578125,-2.171875,8.37890625,-0.111328125,0.01953125,0.048828125,0.1259765625,-0.23828125,-0.873046875
1048.114940,info,IMU,3332.4571,-0.00390625,-1.62890625,10.7890625,0.00390625,-0.001953125,0.0390625,0.130859375,-0.236328125,-0.8740234375
1048.134559,info,IMU,3332.4771,-0.1796875,-1.97265625,10.41015625,-0.08203125,0.052734375,0.044921875,0.12890625,-0.2392578125,-0.87109375
1048.154771,info,IMU,3332.4971,-0.3671875,-1.6875,11.24609375,-0.00390625,0.05859375,0.0546875,0.1298828125,-0.2373046875,-0.875
1048.174986,info,IMU,3332.5171,-0.7109375,-2.359375,10.42578125,0.0234375,0.056640625,0.052734375,0.1328125,-0.234375,-0.8720703125
1048.194608,info,IMU,3332.5371,-0.7890625,-1.7578125,10.5,-0.029296875,0.044921875,0.0546875,0.1328125,-0.236328125,-0.8720703125
1048.214964,info,IMU,3332.5571,-0.73046875,-1.5703125,11.6953125,0.0859375,0.001953125,0.04296875,0.1328125,-0.234375,-0.87109375
1048.235036,info,IMU,3332.5771,-0.46875,-1.30078125,8.9375,-0.037109375,-0.001953125,0.04296875,0.134765625,-0.2333984375,-0.869140625
1048.254662,info,IMU,3332.5971,-0.23828125,-1.73046875,11.75,-0.044921875,0.056640625,0.04296875,0.13671875,-0.23828125,-0.873046875
1048.274879,info,IMU,3332.6171,0.17578125,-1.890625,11.48046875,-0.01953125,0.126953125,0.05078125,0.13671875,-0.2373046875,-0.8720703125
1048.295074,info,IMU,3332.6371,-0.21484375,-1.61328125,10.4140625,-0.01953125,0.16015625,0.048828125,0.1357421875,-0.234375,-0.869140625
1048.314754,info,IMU,3332.6571,-0.68359375,-1.75390625,10.84375,0.005859375,0.1640625,0.041015625,0.1376953125,-0.236328125,-0.873046875
1048.334920,info,IMU,3332.6771,-1.05859375,-1.38671875,11.09765625,-0.01171875,0.107421875,0.03125,0.140625,-0.232421875,-0.8720703125
1048.354515,info,IMU,3332.6971000000003,-1.41015625,-1.3359375,8.81640625,-0.048828125,0.013671875,0.025390625,0.1416015625,-0.234375,-0.8701171875
1048.374781,info,IMU,3332.7171000000003,-1.1640625,-1.1484375,10.97265625,-0.087890625,-0.00390625,0.03125,0.140625,-0.2353515625,-0.87109375
1048.395029,info,IMU,3332.7371000000003,-0.140625,-1.92578125,9.921875,-0.0703125,0.07421875,0.03515625,0.1435546875,-0.2333984375,-0.87109375
1048.414775,info,IMU,3332.7571000000003,0.42578125,-1.37109375,10.234375,-0.0703125,0.068359375,0.037109375,0.1484375,-0.23046875,-0.8720703125
1048.434820,info,IMU,3332.7771000000002,-0.1484375,-2.15234375,11.08984375,-0.0703125,0.142578125,0.029296875,0.1494140625,-0.2314453125,-0.8701171875
1048.455035,info,IMU,3332.7971000000002,-0.2890625,-2.04296875,10.88671875,-0.0546875,0.15234375,0.01953125,0.1513671875,-0.23046875,-0.873046875
1048.474650,info,IMU,3332.8171,-0.91015625,-1.765625,11.63671875,-0.017578125,0.099609375,0.013671875,0.1533203125,-0.2265625,-0.8720703125
1048.494873,info,IMU,3332.8371,-1.06640625,-1.9921875,11.2421875,-0.048828125,0.09375,0.015625,0.154296875,-0.2265625,-0.8740234375
1048.515104,info,IMU,3332.8571,-0.26953125,-1.35546875,11.265625,-0.05859375,0.109375,0.01953125,0.158203125,-0.2255859375,-0.8720703125
1048.534725,info,IMU,3332.8771,0.203125,-1.5078125,10.34765625,-0.07421875,0.1484375,0.0234375,0.16015625,-0.2236328125,-0.8720703125
1048.554907,info,IMU,3332.8971,-0.34375,-1.44921875,11.92578125,-0.0390625,0.123046875,0.01171875,0.1630859375,-0.22265625,-0.87109375
1048.574508,info,IMU,3332.9171,-0.65234375,-1.71875,9.21875,-0.0625,0.140625,0.001953125,0.1630859375,-0.2216796875,-0.873046875
1048.594771,info,IMU,3332.9371,-1.1171875,-1.80859375,9.7578125,-0.095703125,0.154296875,0.001953125,0.1689453125,-0.22265625,-0.873046875
1048.615001,info,IMU,3332.9571,-1.140625,-1.625,9.26953125,-0.0859375,0.1015625,0.0078125,0.1689453125,-0.2177734375,-0.8740234375
1048.640742,info,IMU,3332.9771,-0.60546875,-1.42578125,10.98828125,-0.0703125,0.119140625,0.013671875,0.171875,-0.2177734375,-0.8720703125
1048.654812,info,IMU,3332.9971,-0.58984375,-1.7109375,7.828125,-0.0859375,0.099609375,0.0078125,0.173828125,-0.2158203125,-0.8720703125
1048.675053,info,IMU,3333.0171,-0.375,-1.578125,10.4296875,-0.056640625,0.0703125,-0,0.17578125,-0.216796875,-0.8701171875
1048.694607,info,IMU,3333.0371,-0.59765625,-2.15625,9.66796875,-0.044921875,0.10546875,0.001953125,0.1796875,-0.21484375,-0.873046875
1048.714871,info,IMU,3333.0571,-0.96875,-1.73828125,8.7734375,-0.0234375,0.0546875,0.001953125,0.1806640625,-0.212890625,-0.873046875
1048.735104,info,IMU,3333.0771,-0.921875,-1.515625,9.71875,0.001953125,0.068359375,-0,0.18359375,-0.212890625,-0.8740234375
1048.754716,info,IMU,3333.0971,-0.55859375,-1.94140625,9.4375,-0.07421875,0.103515625,0.001953125,0.1845703125,-0.2099609375,-0.8720703125
1048.774896,info,IMU,3333.1171,-0.42578125,-1.30859375,9.6015625,-0.01953125,0.0546875,-0,0.1865234375,-0.2099609375,-0.8740234375
1048.794505,info,IMU,3333.1371,-0.9140625,-1.61328125,9.56640625,-0.0546875,0.103515625,-0.00390625,0.1875,-0.2109375,-0.8720703125
1048.814769,info,IMU,3333.1571,-0.98828125,-1.7109375,8.7421875,0.013671875,0.046875,-0.015625,0.185546875,-0.2099609375,-0.873046875
1048.834988,info,IMU,3333.1771,-0.91796875,-1.55078125,8.734375,-0.04296875,0.033203125,-0.025390625,0.19140625,-0.208984375,-0.8740234375
1048.854563,info,IMU,3333.1971000000003,-1.03125,-1.69140625,8.0546875,-0.01171875,0.029296875,-0.01953125,0.1884765625,-0.2099609375,-0.8740234375
1048.874794,info,IMU,3333.2171000000003,-0.74609375,-1.56640625,7.31640625,-0.029296875,-0.02734375,-0.017578125,0.1904296875,-0.2080078125,-0.873046875
1048.895026,info,IMU,3333.2371000000003,-0.59765625,-1.05859375,8.42578125,0.01953125,0.01171875,-0.0234375,0.189453125,-0.208984375,-0.875
1048.914611,info,IMU,3333.2571000000003,-1.20703125,-2.30859375,6.2109375,0.015625,0.00390625,-0.02734375,0.19140625,-0.208984375,-0.875
1048.934874,info,IMU,3333.2771000000002,-1.19921875,-2.05078125,7.53515625,0.1015625,-0.01953125,-0.03125,0.1884765625,-0.2099609375,-0.8720703125
1048.955109,info,IMU,3333.2971000000002,-1.07421875,-1.38671875,5.94140625,0.01953125,-0.0390625,-0.03125,0.1884765625,-0.2099609375,-0.8720703125
1048.974689,info,IMU,3333.3171,-1.04296875,-1.9453125,6.77734375,0.07421875,-0.107421875,-0.03125,0.19140625,-0.2119140625,-0.8740234375
1048.994915,info,IMU,3333.3371,-0.2890625,-1.79296875,8.8671875,0.01953125,-0.04296875,-0.037109375,0.1875,-0.2119140625,-0.8720703125
1049.014498,info,IMU,3333.3571,-0.265625,-1.25,7.02734375,0.052734375,-0.044921875,-0.033203125,0.1875,-0.2138671875,-0.873046875
1049.034771,info,IMU,3333.3771,-0.9140625,-1.66796875,8.08984375,0.09375,-0.0625,-0.037109375,0.1845703125,-0.2158203125,-0.873046875
1049.054961,info,IMU,3333.3971,-0.8125,-1.66796875,7.23828125,0.044921875,-0.103515625,-0.0390625,0.185546875,-0.2158203125,-0.8701171875
1049.074572,info,IMU,3333.4171,-0.58984375,-1.859375,9.14453125,0.0546875,-0.076171875,-0.037109375,0.1826171875,-0.2158203125,-0.873046875
1049.094946,info,IMU,3333.4371,-0.234375,-1.73046875,7.94140625,0.052734375,-0.12890625,-0.033203125,0.1845703125,-0.216796875,-0.873046875
1049.115105,info,IMU,3333.4571,-0.33203125,-1.21875,8.66796875,0.044921875,-0.126953125,-0.03125,0.1806640625,-0.21875,-0.873046875
1049.134604,info,IMU,3333.4771,-0.984375,-1.93359375,7.765625,0.0234375,-0.103515625,-0.029296875,0.177734375,-0.220703125,-0.8720703125
1049.154838,info,IMU,3333.4971,-0.76171875,-1.4140625,11.171875,0.037109375,-0.119140625,-0.03125,0.1728515625,-0.2216796875,-0.8740234375
1049.175043,info,IMU,3333.5171,-0.48046875,-1.015625,5.9140625,0.048828125,-0.1640625,-0.0234375,0.1728515625,-0.2177734375,-0.8720703125
1049.194664,info,IMU,3333.5371,-0.6953125,-1.36328125,10.06640625,-0.00390625,-0.16015625,-0.02734375,0.16796875,-0.224609375,-0.8720703125
1049.214896,info,IMU,3333.5571,-0.30859375,-2.046875,8.0390625,0.001953125,-0.111328125,-0.03125,0.1669921875,-0.220703125,-0.8720703125
1049.234483,info,IMU,3333.5771,-0.69921875,-1.4140625,9.34375,-0.01171875,-0.1640625,-0.03515625,0.1611328125,-0.22265625,-0.875
1049.254776,info,IMU,3333.5971,-1.515625,-2.01171875,9.1171875,0.056640625,-0.12109375,-0.025390625,0.16015625,-0.22265625,-0.87109375
1049.274960,info,IMU,3333.6171,-1.17578125,-0.921875,8.234375,-0.009765625,-0.1953125,-0.03125,0.158203125,-0.224609375,-0.873046875
1049.294563,info,IMU,3333.6371,-1.4453125,-1.16015625,7.0078125,-0.03515625,-0.265625,-0.033203125,0.1533203125,-0.224609375,-0.8740234375
1049.314824,info,IMU,3333.6571,-1.21875,-1.27734375,9.1484375,-0.044921875,-0.259765625,-0.041015625,0.146484375,-0.2216796875,-0.8759765625
1049.335022,info,IMU,3333.6771,-0.65234375,-1.31640625,6.296875,-0.041015625,-0.29296875,-0.046875,0.1455078125,-0.224609375,-0.873046875
1049.354620,info,IMU,3333.6971000000003,-0.3125,-1.81640625,8.94921875,-0.056640625,-0.23046875,-0.037109375,0.1357421875,-0.2216796875,-0.875
1049.374825,info,IMU,3333.7171000000003,0.14453125,-1.796875,6.94140625,-0.04296875,-0.189453125,-0.02734375,0.1318359375,-0.2216796875,-0.8759765625
1049.395082,info,IMU,3333.7371000000003,-0.8125,-2.29296875,8.5625,-0.001953125,-0.220703125,-0.037109375,0.130859375,-0.220703125,-0.8759765625
1049.414672,info,IMU,3333.7571000000003,-1.50390625,-1.89453125,8.40625,-0.021484375,-0.23828125,-0.037109375,0.1220703125,-0.2197265625,-0.8759765625
1049.434894,info,IMU,3333.7771000000002,-1.25,-1.375,8.33203125,0.033203125,-0.341796875,-0.046875,0.12109375,-0.21875,-0.876953125
1049.454548,info,IMU,3333.7971000000002,-0.96484375,-1.37890625,9.375,-0.033203125,-0.421875,-0.037109375,0.111328125,-0.2177734375,-0.87890625
1049.474721,info,IMU,3333.8171,0.33203125,-1.42578125,8.578125,-0.013671875,-0.30859375,-0.03515625,0.10546875,-0.2158203125,-0.876953125
1049.494988,info,IMU,3333.8371,0.69140625,-1.56640625,8.83984375,-0.080078125,-0.275390625,-0.037109375,0.103515625,-0.216796875,-0.876953125
1049.514542,info,IMU,3333.8571,0.2578125,-1.87890625,10.74609375,0.029296875,-0.208984375,-0.037109375,0.0966796875,-0.2158203125,-0.876953125
1049.534771,info,IMU,3333.8771,-0.234375,-1.94921875,8.078125,-0.041015625,-0.177734375,-0.04296875,0.0888671875,-0.2158203125,-0.8759765625
1049.555019,info,IMU,3333.8971,-0.7734375,-1.51953125,10.19140625,0.06640625,-0.2578125,-0.0390625,0.0830078125,-0.21484375,-0.876953125
1049.574581,info,IMU,3333.9171,-1.23828125,-1.1640625,8.57421875,-0.033203125,-0.291015625,-0.037109375,0.076171875,-0.21875,-0.875
1049.594828,info,IMU,3333.9371,-0.9375,-1.34375,8.42578125,0.017578125,-0.3671875,-0.041015625,0.0693359375,-0.216796875,-0.87890625
1049.615044,info,IMU,3333.9571,-0.42578125,-1.34375,8.1484375,-0.0703125,-0.333984375,-0.04296875,0.0634765625,-0.2177734375,-0.876953125
1049.634655,info,IMU,3333.9771,-0.17578125,-1.734375,8.60546875,0.029296875,-0.318359375,-0.04296875,0.0576171875,-0.216796875,-0.87890625
1049.654903,info,IMU,3333.9971,-0.390625,-2.20703125,7.9921875,0.005859375,-0.26953125,-0.04296875,0.052734375,-0.2177734375,-0.8759765625
1049.674471,info,IMU,3334.0171,-0.86328125,-1.90625,8.40234375,0.05078125,-0.30078125,-0.037109375,0.0478515625,-0.2177734375,-0.876953125
1049.694739,info,IMU,3334.0371,-0.99609375,-1.87890625,8.75390625,0.076171875,-0.34375,-0.04296875,0.0400390625,-0.21875,-0.8759765625
1049.714906,info,IMU,3334.0571,-0.59375,-1.65234375,8,0.0546875,-0.302734375,-0.04296875,0.033203125,-0.220703125,-0.876953125
1049.734549,info,IMU,3334.0771,-0.17578125,-1.60546875,8.0859375,0.109375,-0.33984375,-0.048828125,0.0283203125,-0.2197265625,-0.8740234375
1049.754760,info,IMU,3334.0971,-0.1484375,-1.5,9.546875,0.083984375,-0.302734375,-0.052734375,0.01953125,-0.22265625,-0.873046875
1049.775024,info,IMU,3334.1171,0.12890625,-1.671875,7.89453125,0.037109375,-0.2734375,-0.046875,0.0185546875,-0.2236328125,-0.873046875
1049.794631,info,IMU,3334.1371,-0.0625,-1.40234375,8.8984375,0.083984375,-0.283203125,-0.04296875,0.009765625,-0.2255859375,-0.8720703125
1049.814868,info,IMU,3334.1571,0.09375,-1.83203125,9.53125,0.109375,-0.203125,-0.037109375,0.00390625,-0.2265625,-0.87109375
1049.835056,info,IMU,3334.1771,-0.08203125,-1.5546875,7.01171875,0.056640625,-0.30859375,-0.03515625,0.0009765625,-0.2294921875,-0.869140625
1049.854629,info,IMU,3334.1971000000003,-0.3671875,-1.7734375,10.16015625,0.146484375,-0.20703125,-0.044921875,-0.0078125,-0.2314453125,-0.8681640625
1049.874866,info,IMU,3334.2171000000003,-0.0703125,-1.69140625,7.578125,0.126953125,-0.283203125,-0.044921875,-0.01171875,-0.23828125,-0.869140625
1049.894497,info,IMU,3334.2371000000003,-0.1171875,-1.12109375,10.5546875,0.09375,-0.2734375,-0.0390625,-0.0126953125,-0.2392578125,-0.8701171875
1049.914792,info,IMU,3334.2571000000003,0.1484375,-2.02734375,9.7890625,0.10546875,-0.142578125,-0.037109375,-0.017578125,-0.2412109375,-0.8662109375
1049.934902,info,IMU,3334.2771000000002,0.27734375,-1.57421875,10.078125,0.083984375,-0.20703125,-0.037109375,-0.0224609375,-0.244140625,-0.86328125
1049.954529,info,IMU,3334.2971000000002,-0.03125,-1.76171875,9.578125,0.123046875,-0.076171875,-0.0390625,-0.02734375,-0.24609375,-0.8662109375
1049.974777,info,IMU,3334.3171,-0.25390625,-1.8359375,10.0703125,0.16796875,-0.091796875,-0.04296875,-0.0302734375,-0.248046875,-0.8623046875
1049.995007,info,IMU,3334.3371,-0.26171875,-1.39453125,9.2265625,0.123046875,-0.12109375,-0.044921875,-0.033203125,-0.2509765625,-0.8603515625
1050.014628,info,IMU,3334.3571,-0.48046875,-1.484375,10.2421875,0.14453125,-0.068359375,-0.04296875,-0.03515625,-0.251953125,-0.86328125
1050.034883,info,IMU,3334.3771,-0.25,-1.6484375,8.56640625,0.134765625,-0.140625,-0.037109375,-0.0322265625,-0.2578125,-0.861328125
1050.055025,info,IMU,3334.3971,-0.1171875,-1.21484375,9.17578125,0.091796875,-0.0703125,-0.037109375,-0.0361328125,-0.259765625,-0.8642578125
1050.074660,info,IMU,3334.4171,0.3203125,-1.59375,11.04296875,0.13671875,0.03515625,-0.037109375,-0.033203125,-0.2607421875,-0.861328125
1050.094923,info,IMU,3334.4371,0.22265625,-1.71484375,9.66015625,0.109375,-0.021484375,-0.037109375,-0.0361328125,-0.2666015625,-0.8603515625
1050.114937,info,IMU,3334.4571,-0.61328125,-1.68359375,10.81640625,0.154296875,0.00390625,-0.041015625,-0.0380859375,-0.265625,-0.859375
1050.134711,info,IMU,3334.4771,-0.21875,-1.59765625,10.9921875,0.09765625,-0.0078125,-0.033203125,-0.033203125,-0.2705078125,-0.8583984375
1050.154913,info,IMU,3334.4971,-0.01953125,-1.35546875,11.4921875,0.078125,-0,-0.03125,-0.0361328125,-0.2734375,-0.8544921875
1050.174504,info,IMU,3334.5171,0.29296875,-1.46875,11.87109375,0.10546875,0.072265625,-0.03125,-0.033203125,-0.271484375,-0.8564453125
1050.194769,info,IMU,3334.5371,0.2890625,-1.5625,12.45703125,-0.03125,0.1171875,-0.029296875,-0.0322265625,-0.2734375,-0.8564453125
1050.215028,info,IMU,3334.5571,-0.04296875,-1.8671875,11.80859375,0.029296875,0.169921875,-0.02734375,-0.03125,-0.2744140625,-0.857421875
1050.234557,info,IMU,3334.5771,0.08984375,-1.3984375,13.2734375,-0.005859375,0.154296875,-0.025390625,-0.02734375,-0.2734375,-0.8564453125
1050.254852,info,IMU,3334.5971,0.24609375,-1.15234375,11.21875,-0.068359375,0.138671875,-0.015625,-0.0263671875,-0.2763671875,-0.8564453125
1050.275004,info,IMU,3334.6171,0.31640625,-1.484375,13.1328125,-0.064453125,0.19921875,-0.009765625,-0.0224609375,-0.2734375,-0.8583984375
1050.294618,info,IMU,3334.6371,0.5859375,-1.69140625,10.625,-0.095703125,0.19921875,0.001953125,-0.017578125,-0.2744140625,-0.8564453125
1050.314946,info,IMU,3334.6571,-0.0859375,-1.65234375,12.41796875,-0.10546875,0.240234375,-0.00390625,-0.01171875,-0.2705078125,-0.859375
1050.337373,info,IMU,3334.6771,-0.04296875,-1.91015625,11.63671875,-0.095703125,0.294921875,0.01171875,-0.0078125,-0.2646484375,-0.861328125
1050.354695,info,IMU,3334.6971000000003,-0.515625,-1.671875,11.27734375,-0.08984375,0.2265625,0.001953125,-0.001953125,-0.2666015625,-0.8603515625
1050.374879,info,IMU,3334.7171000000003,-0.70703125,-1.45703125,12.09765625,-0.076171875,0.35546875,0.001953125,0.00390625,-0.265625,-0.86328125
1050.394507,info,IMU,3334.7371000000003,0.00390625,-1.19140625,11.0078125,-0.083984375,0.296875,0.0078125,0.0126953125,-0.259765625,-0.8642578125
1050.415457,info,IMU,3334.7571000000003,0.2578125,-1.41015625,12.47265625,-0.1640625,0.357421875,0.015625,0.01953125,-0.2578125,-0.865234375
1050.434976,info,IMU,3334.7771000000002,0.34765625,-1.47265625,12.76171875,-0.04296875,0.357421875,-0,0.025390625,-0.2568359375,-0.86328125
1050.454579,info,IMU,3334.7971000000002,0.09765625,-1.40234375,11.5625,-0.154296875,0.326171875,-0.01171875,0.03125,-0.2529296875,-0.865234375
1050.474782,info,IMU,3334.8171,-1.02734375,-1.71875,11.6796875,-0.10546875,0.3671875,-0.0234375,0.0390625,-0.25,-0.8662109375
1050.494998,info,IMU,3334.8371,-0.796875,-1.86328125,11.9765625,-0.13671875,0.384765625,-0.005859375,0.0478515625,-0.248046875,-0.8701171875
1050.515895,info,IMU,3334.8571,-0.29296875,-1.2265625,9.9296875,-0.07421875,0.3828125,0.0078125,0.0556640625,-0.25,-0.87109375
1050.534861,info,IMU,3334.8771,-0.4375,-0.75390625,9.96484375,-0.099609375,0.3828125,-0.001953125,0.0625,-0.248046875,-0.8701171875
1050.556095,info,IMU,3334.8971,-0.234375,-1.41796875,7.8125,-0.10546875,0.3203125,-0.009765625,0.0673828125,-0.2431640625,-0.873046875
1050.574678,info,IMU,3334.9171,-0.48046875,-1.8984375,9.34765625,-0.083984375,0.265625,-0.0234375,0.0771484375,-0.2451171875,-0.8720703125
1050.594881,info,IMU,3334.9371,-0.99609375,-1.6171875,8.79296875,-0.05859375,0.255859375,-0.005859375,0.08203125,-0.240234375,-0.87109375
1050.616449,info,IMU,3334.9571,-0.60546875,-1.67578125,9.17578125,-0.041015625,0.26953125,-0.009765625,0.0869140625,-0.2412109375,-0.87109375
1050.634760,info,IMU,3334.9771,-0.09375,-1.484375,9.24609375,-0.04296875,0.283203125,-0,0.09375,-0.2412109375,-0.87109375
1050.654962,info,IMU,3334.9971,0.1484375,-1.8359375,11.5859375,0.052734375,0.26953125,-0,0.1025390625,-0.23828125,-0.8720703125
1050.674558,info,IMU,3335.0171,-0.234375,-1.4453125,9.79296875,-0.09375,0.3125,-0.01171875,0.1044921875,-0.2392578125,-0.8720703125
1050.694776,info,IMU,3335.0371,-0.3515625,-1.67578125,11.6796875,0.08203125,0.248046875,-0.0234375,0.11328125,-0.236328125,-0.8740234375
1050.717246,info,IMU,3335.0571,-0.4453125,-1.97265625,10.765625,-0.07421875,0.267578125,-0.015625,0.1171875,-0.23828125,-0.873046875
1050.734609,info,IMU,3335.0771,-0.27734375,-1.3984375,9.2421875,0.0234375,0.283203125,-0.005859375,0.1201171875,-0.236328125,-0.8740234375
1050.754847,info,IMU,3335.0971,-0.640625,-1.3203125,8.9375,-0.03125,0.232421875,-0.01171875,0.1279296875,-0.236328125,-0.8720703125
1050.775063,info,IMU,3335.1171,-0.4765625,-1.30078125,10.03125,0.044921875,0.3046875,-0.01953125,0.1328125,-0.2373046875,-0.8720703125
1050.794672,info,IMU,3335.1371,-0.609375,-1.28515625,6.078125,0.0234375,0.24609375,-0.0234375,0.13671875,-0.2373046875,-0.8720703125
1050.817422,info,IMU,3335.1571,-1.1875,-1.4453125,7.3515625,0.078125,0.16015625,-0.029296875,0.1435546875,-0.2392578125,-0.8720703125
1050.834478,info,IMU,3335.1771,-0.765625,-1.4765625,9.33203125,-0.07421875,0.24609375,-0.03515625,0.1474609375,-0.2373046875,-0.8720703125
1050.854752,info,IMU,3335.1971000000003,-0.6015625,-1.43359375,6.7578125,0.056640625,0.1796875,-0.02734375,0.1494140625,-0.2392578125,-0.87109375
1050.874934,info,IMU,3335.2171000000003,-1.23828125,-1.75,8.28125,0.05859375,0.134765625,-0.025390625,0.15625,-0.2392578125,-0.8701171875
1050.897613,info,IMU,3335.2371000000003,-1.18359375,-1.45703125,9.0546875,0.044921875,0.16015625,-0.037109375,0.158203125,-0.240234375,-0.869140625
1050.914780,info,IMU,3335.2571000000003,-0.63671875,-1.15625,6.6171875,0.119140625,0.0859375,-0.05078125,0.158203125,-0.244140625,-0.869140625
1050.934992,info,IMU,3335.2771000000002,-0.8125,-1.64453125,7.8984375,0.064453125,0.05859375,-0.052734375,0.1630859375,-0.244140625,-0.869140625
1050.954726,info,IMU,3335.2971000000002,-0.9140625,-1.64453125,8.9765625,0.107421875,0.115234375,-0.0546875,0.1650390625,-0.24609375,-0.869140625
1050.974929,info,IMU,3335.3171,-1.17578125,-1.125,8.84765625,0.095703125,0.087890625,-0.052734375,0.1689453125,-0.2490234375,-0.869140625
1050.998175,info,IMU,3335.3371,-1.10546875,-1.390625,9.64453125,0.109375,0.087890625,-0.060546875,0.169921875,-0.2490234375,-0.8681640625
1051.014679,info,IMU,3335.3571,-1.1171875,-0.94140625,7.91015625,0.009765625,0.029296875,-0.068359375,0.1748046875,-0.25,-0.8642578125
1051.034936,info,IMU,3335.3771,-1.19140625,-1.453125,7.98828125,0.1328125,-0.033203125,-0.080078125,0.1728515625,-0.2509765625,-0.869140625
1051.054486,info,IMU,3335.3971,-1.27734375,-1.2109375,9.4140625,0.001953125,0.01171875,-0.083984375,0.1708984375,-0.2548828125,-0.8662109375
1051.074734,info,IMU,3335.4171,-1.17578125,-1.24609375,5.5,0.103515625,-0.06640625,-0.087890625,0.169921875,-0.25390625,-0.865234375
1051.094971,info,IMU,3335.4371,-1.90625,-1.71875,9.796875,0.0703125,-0.06640625,-0.09765625,0.171875,-0.2607421875,-0.8642578125
1051.114575,info,IMU,3335.4571,-1.4765625,-1.67578125,7.12890625,0.08203125,-0.015625,-0.1015625,0.171875,-0.2578125,-0.8623046875
1051.134745,info,IMU,3335.4771,-1.48046875,-0.91796875,7.59375,0.099609375,-0.15625,-0.115234375,0.1689453125,-0.2587890625,-0.865234375
1051.155009,info,IMU,3335.4971,-1.8125,-1.56640625,8.921875,0.0703125,-0.1953125,-0.11328125,0.1650390625,-0.26171875,-0.8662109375
1051.174574,info,IMU,3335.5171,-1.36328125,-1.00390625,8.078125,0.05859375,-0.248046875,-0.12890625,0.166015625,-0.26171875,-0.8642578125
1051.194804,info,IMU,3335.5371,-0.85546875,-1.1875,6.6875,0.064453125,-0.232421875,-0.1328125,0.1572265625,-0.2646484375,-0.8623046875
1051.215027,info,IMU,3335.5571,-1.18359375,-1.5,8.953125,0.09765625,-0.240234375,-0.138671875,0.15625,-0.263671875,-0.86328125
1051.234692,info,IMU,3335.5771,-1.5546875,-1.296875,8.22265625,0.0234375,-0.220703125,-0.138671875,0.1513671875,-0.265625,-0.86328125
1051.254896,info,IMU,3335.5971,-1.5859375,-1.20703125,8.640625,0.111328125,-0.30859375,-0.150390625,0.146484375,-0.265625,-0.8642578125
1051.274472,info,IMU,3335.6171,-1.328125,-1.34765625,7.49609375,-0.00390625,-0.375,-0.150390625,0.13671875,-0.2685546875,-0.865234375
1051.294692,info,IMU,3335.6371,-0.91796875,-1.15234375,7.28515625,0.095703125,-0.4375,-0.15625,0.134765625,-0.26953125,-0.8671875
1051.314994,info,IMU,3335.6571,-0.46875,-1.40625,9.76953125,-0.04296875,-0.384765625,-0.16015625,0.1240234375,-0.2705078125,-0.8662109375
1051.334588,info,IMU,3335.6771,-0.4140625,-1.4453125,8.07421875,0.0390625,-0.341796875,-0.15625,0.1201171875,-0.26953125,-0.8671875
1051.354758,info,IMU,3335.6971000000003,-0.78125,-1.45703125,10.75390625,0.06640625,-0.37109375,-0.166015625,0.111328125,-0.271484375,-0.865234375
1051.375021,info,IMU,3335.7171000000003,-1.203125,-1.390625,9.2265625,0.03125,-0.392578125,-0.154296875,0.10546875,-0.2724609375,-0.86328125
1051.394608,info,IMU,3335.7371000000003,-0.9140625,-1.37109375,10.39453125,0.0390625,-0.474609375,-0.15625,0.0966796875,-0.2734375,-0.8662109375
1051.414805,info,IMU,3335.7571000000003,-0.1015625,-1.765625,10.5546875,-0.068359375,-0.43359375,-0.1484375,0.0908203125,-0.271484375,-0.865234375
1051.435028,info,IMU,3335.7771000000002,-0.03125,-1.4453125,11.53515625,0.0234375,-0.400390625,-0.1484375,0.0830078125,-0.271484375,-0.8662109375
1051.454660,info,IMU,3335.7971000000002,0.4609375,-1.015625,10.57421875,-0.064453125,-0.33203125,-0.1484375,0.0791015625,-0.2724609375,-0.8662109375
1051.474859,info,IMU,3335.8171,0.171875,-1.4765625,12.61328125,-0.03515625,-0.337890625,-0.138671875,0.0693359375,-0.2724609375,-0.8671875
1051.494463,info,IMU,3335.8371,-0.3359375,-1.6796875,10.13671875,-0.07421875,-0.3359375,-0.138671875,0.064453125,-0.2685546875,-0.8662109375
1051.514711,info,IMU,3335.8571,-0.203125,-1.2890625,11.6875,-0,-0.31640625,-0.140625,0.0556640625,-0.2685546875,-0.8662109375
1051.534938,info,IMU,3335.8771,-0.36328125,-1.4375,9.62109375,-0.173828125,-0.32421875,-0.134765625,0.05078125,-0.267578125,-0.8662109375
1051.554528,info,IMU,3335.8971,-0.5703125,-1.27734375,12.90625,-0.01953125,-0.244140625,-0.134765625,0.044921875,-0.265625,-0.8642578125
1051.574761,info,IMU,3335.9171,-0.3984375,-1.546875,9.609375,-0.15625,-0.267578125,-0.134765625,0.0400390625,-0.263671875,-0.8662109375
1051.594980,info,IMU,3335.9371,-0.55078125,-1.30859375,12.01171875,-0.064453125,-0.265625,-0.142578125,0.037109375,-0.263671875,-0.8662109375
1051.614891,info,IMU,3335.9571,-0.50390625,-1.796875,11.9296875,-0.080078125,-0.17578125,-0.142578125,0.0302734375,-0.2626953125,-0.865234375
1051.634832,info,IMU,3335.9771,-0.27734375,-1.44921875,10.10546875,-0.09375,-0.224609375,-0.13671875,0.02734375,-0.2578125,-0.8662109375
1051.655010,info,IMU,3335.9971,-0.29296875,-1.6953125,10.6796875,-0.025390625,-0.13671875,-0.1484375,0.025390625,-0.2568359375,-0.865234375
1051.674629,info,IMU,3336.0171,-0.4375,-1.3828125,12.0078125,-0.068359375,-0.08984375,-0.150390625,0.0244140625,-0.2578125,-0.8662109375
1051.694857,info,IMU,3336.0371,-0.40625,-1.53515625,10.50390625,-0.05859375,-0.08203125,-0.146484375,0.021484375,-0.2568359375,-0.865234375
1051.714450,info,IMU,3336.0571,-0.46875,-0.98046875,9.05078125,-0.015625,-0.08203125,-0.158203125,0.0205078125,-0.255859375,-0.8681640625
1051.734714,info,IMU,3336.0771,-0.3046875,-1.18359375,10.58203125,-0.033203125,-0.0625,-0.15234375,0.0205078125,-0.255859375,-0.8671875
1051.754903,info,IMU,3336.0971,-0.4609375,-1.76171875,9.453125,-0.0625,-0.048828125,-0.16015625,0.0185546875,-0.2529296875,-0.8662109375
1051.774495,info,IMU,3336.1171,-0.6640625,-1.53515625,10.92578125,0.0234375,-0.005859375,-0.158203125,0.0224609375,-0.255859375,-0.8671875
1051.794754,info,IMU,3336.1371,-0.33203125,-1.3984375,7.765625,-0.0234375,-0.041015625,-0.158203125,0.021484375,-0.25390625,-0.8681640625
1051.815019,info,IMU,3336.1571,-0.27734375,-1.6015625,11.84375,0.02734375,0.00390625,-0.162109375,0.0185546875,-0.25390625,-0.8662109375
1051.834599,info,IMU,3336.1771,0.0546875,-1.6171875,10.08984375,-0.046875,0.0625,-0.158203125,0.021484375,-0.2548828125,-0.865234375
1051.854791,info,IMU,3336.1971000000003,0.05859375,-1.5078125,10.8125,0.005859375,0.044921875,-0.154296875,0.0224609375,-0.25390625,-0.8671875
1051.875000,info,IMU,3336.2171000000003,0.35546875,-1.62890625,11.96484375,0.03125,0.111328125,-0.15625,0.02734375,-0.2568359375,-0.865234375
1051.894606,info,IMU,3336.2371000000003,0.109375,-1.5,8.6328125,0.025390625,0.111328125,-0.150390625,0.0283203125,-0.2548828125,-0.865234375
1051.914864,info,IMU,3336.2571000000003,-0.296875,-1.44921875,9.95703125,0.06640625,0.103515625,-0.15625,0.0283203125,-0.2578125,-0.865234375
1051.934453,info,IMU,3336.2771000000002,-0.38671875,-1.37890625,9.86328125,0.00390625,0.1328125,-0.1484375,0.0341796875,-0.2578125,-0.8671875
1051.956830,info,IMU,3336.2971000000002,-0.87890625,-1.37109375,9.01953125,0.025390625,0.091796875,-0.14453125,0.0361328125,-0.259765625,-0.8671875
1051.974920,info,IMU,3336.3171,-0.19921875,-1.45703125,9.34375,0.033203125,0.140625,-0.146484375,0.0390625,-0.2587890625,-0.8662109375
1051.994488,info,IMU,3336.3371,-0.04296875,-1.0390625,8.89453125,0.017578125,0.09765625,-0.14453125,0.0400390625,-0.259765625,-0.8662109375
1052.014738,info,IMU,3336.3571,-0.96484375,-1.7890625,8.94140625,0.064453125,0.080078125,-0.146484375,0.0458984375,-0.263671875,-0.8662109375
1052.034952,info,IMU,3336.3771,-0.484375,-1.65625,9.98828125,0.05078125,0.12109375,-0.14453125,0.0478515625,-0.2626953125,-0.865234375
1052.054560,info,IMU,3336.3971,-0.36328125,-1.6953125,9.23046875,0.060546875,0.1015625,-0.138671875,0.0537109375,-0.2646484375,-0.8662109375
1052.074893,info,IMU,3336.4171,-0.5625,-2.20703125,10.6328125,0.099609375,0.095703125,-0.138671875,0.052734375,-0.2646484375,-0.8671875
1052.095015,info,IMU,3336.4371,-0.203125,-1.30859375,10.2421875,0.056640625,0.171875,-0.13671875,0.056640625,-0.2646484375,-0.86328125
1052.114636,info,IMU,3336.4571,-0.21484375,-1.3671875,9.75390625,0.02734375,0.140625,-0.138671875,0.0625,-0.26953125,-0.8642578125
1052.134824,info,IMU,3336.4771,-0.8046875,-1.71484375,12.359375,0.037109375,0.115234375,-0.140625,0.0654296875,-0.267578125,-0.865234375
1052.154474,info,IMU,3336.4971,-0.7421875,-0.9765625,9.88671875,0.083984375,0.16015625,-0.146484375,0.0654296875,-0.2705078125,-0.865234375
1052.174662,info,IMU,3336.5171,-0.58203125,-1.21484375,8.671875,0.005859375,0.15234375,-0.13671875,0.072265625,-0.2705078125,-0.865234375
1052.194856,info,IMU,3336.5371,-0.6953125,-1.8046875,10.7265625,0.046875,0.080078125,-0.140625,0.0791015625,-0.2724609375,-0.8623046875
1052.215580,info,IMU,3336.5571,-0.9375,-1.35546875,11.19921875,-0.029296875,0.1875,-0.13671875,0.0771484375,-0.2724609375,-0.86328125
1052.234765,info,IMU,3336.5771,-1.05859375,-1.5078125,7.953125,0.08203125,0.048828125,-0.142578125,0.0849609375,-0.2705078125,-0.8642578125
1052.254946,info,IMU,3336.5971,-1.0859375,-1.5703125,12.05078125,-0.052734375,0.03125,-0.150390625,0.083984375,-0.2744140625,-0.8662109375
1052.274549,info,IMU,3336.6171,-0.5625,-1.234375,10.21484375,-0.03515625,0.09375,-0.140625,0.08984375,-0.2705078125,-0.865234375
1052.294785,info,IMU,3336.6371,-0.328125,-1.140625,11.0390625,-0.01171875,0.04296875,-0.134765625,0.091796875,-0.2705078125,-0.86328125
1052.315167,info,IMU,3336.6571,-0.62890625,-1.2734375,11.70703125,0.048828125,0.09375,-0.14453125,0.08984375,-0.2724609375,-0.865234375
1052.334588,info,IMU,3336.6771,-0.7890625,-1.2890625,9.1328125,-0.041015625,0.091796875,-0.14453125,0.0908203125,-0.2724609375,-0.865234375
1052.354846,info,IMU,3336.6971000000003,-1.03125,-1.49609375,9.296875,0.033203125,-0.048828125,-0.140625,0.0927734375,-0.271484375,-0.8623046875
1052.374424,info,IMU,3336.7171000000003,-0.7578125,-1.53515625,10.75390625,-0.10546875,0.0703125,-0.12890625,0.0966796875,-0.271484375,-0.8642578125
1052.394684,info,IMU,3336.7371000000003,-0.2109375,-1.5625,7.37890625,0.04296875,-0.01171875,-0.125,0.095703125,-0.267578125,-0.8662109375
1052.414865,info,IMU,3336.7571000000003,-0.52734375,-1.640625,11.89453125,-0.068359375,0.013671875,-0.1328125,0.0966796875,-0.271484375,-0.8662109375
1052.434487,info,IMU,3336.7771000000002,-0.21484375,-1.58984375,8.5703125,-0.03125,0.06640625,-0.130859375,0.099609375,-0.26953125,-0.8642578125
1052.454709,info,IMU,3336.7971000000002,-0.70703125,-1.4296875,10.9765625,0.0234375,0.013671875,-0.1328125,0.1025390625,-0.2724609375,-0.865234375
1052.475061,info,IMU,3336.8171,-0.8828125,-1.6875,10.0703125,-0.068359375,0.033203125,-0.126953125,0.1005859375,-0.2666015625,-0.8662109375
1052.494545,info,IMU,3336.8371,-0.96484375,-1.38671875,11.08984375,0.03515625,0.0234375,-0.134765625,0.1044921875,-0.2685546875,-0.8671875
1052.514827,info,IMU,3336.8571,-0.64453125,-1.53515625,9.5625,-0.033203125,0.0078125,-0.130859375,0.1064453125,-0.2685546875,-0.865234375
1052.535005,info,IMU,3336.8771,-0.9296875,-1.3359375,10.67578125,0.02734375,0.04296875,-0.138671875,0.1083984375,-0.2685546875,-0.865234375
1052.554582,info,IMU,3336.8971,-0.6484375,-1.375,10.171875,-0.009765625,0.03515625,-0.13671875,0.1064453125,-0.271484375,-0.8671875
1052.574821,info,IMU,3336.9171,-0.57421875,-1.25390625,9.94921875,-0.03125,0.025390625,-0.134765625,0.107421875,-0.26953125,-0.8623046875
1052.594419,info,IMU,3336.9371,-0.53125,-1.4140625,9.50390625,0.044921875,0.060546875,-0.134765625,0.109375,-0.2705078125,-0.8642578125
1052.614661,info,IMU,3336.9571,-0.6875,-1.37109375,7.72265625,0.029296875,-0.01171875,-0.140625,0.1083984375,-0.2685546875,-0.86328125
1052.635142,info,IMU,3336.9771,-0.79296875,-1.640625,10.828125,-0.015625,0.05859375,-0.138671875,0.111328125,-0.26953125,-0.865234375
1052.654508,info,IMU,3336.9971,-0.8046875,-1.70703125,9.00390625,0.0390625,0.041015625,-0.142578125,0.1171875,-0.26953125,-0.8662109375
1052.674688,info,IMU,3337.0171,-0.953125,-1.62109375,11.3671875,0.064453125,0.03515625,-0.142578125,0.1162109375,-0.2705078125,-0.8662109375
1052.694950,info,IMU,3337.0371,-0.2109375,-1.203125,10.796875,0.001953125,0.0546875,-0.14453125,0.119140625,-0.2724609375,-0.8642578125
1052.714515,info,IMU,3337.0571,-0.20703125,-1.03125,12.55078125,0.0078125,0.15625,-0.1484375,0.119140625,-0.2734375,-0.8623046875
1052.734786,info,IMU,3337.0771,-0.30859375,-1.83203125,10.90625,-0.009765625,0.126953125,-0.150390625,0.123046875,-0.26953125,-0.8662109375
1052.754955,info,IMU,3337.0971,-0.57421875,-1.1953125,13.91015625,0.005859375,0.1875,-0.15234375,0.1259765625,-0.2724609375,-0.8623046875
1052.774572,info,IMU,3337.1171,-0.578125,-1.31640625,11.69140625,-0.048828125,0.19921875,-0.1484375,0.1298828125,-0.2724609375,-0.865234375
1052.794798,info,IMU,3337.1371,-0.33984375,-1.24609375,12.71875,-0.03125,0.21875,-0.140625,0.1337890625,-0.2705078125,-0.865234375
1052.814405,info,IMU,3337.1571,0.04296875,-1.26953125,10.77734375,-0.083984375,0.240234375,-0.138671875,0.1396484375,-0.2724609375,-0.86328125
1052.834637,info,IMU,3337.1771,-0.1328125,-1.66015625,12.09765625,-0.01171875,0.240234375,-0.130859375,0.146484375,-0.271484375,-0.86328125
1052.854873,info,IMU,3337.1971000000003,-0.296875,-1.57421875,10.125,-0.109375,0.255859375,-0.12890625,0.150390625,-0.267578125,-0.8662109375
1052.874449,info,IMU,3337.2171000000003,-1.02734375,-1.45703125,9.8671875,-0,0.21484375,-0.12890625,0.158203125,-0.2626953125,-0.8642578125
1052.894717,info,IMU,3337.2371000000003,-0.89453125,-1.5,10.453125,-0.107421875,0.193359375,-0.130859375,0.162109375,-0.2646484375,-0.8623046875
1052.916798,info,IMU,3337.2571000000003,-0.765625,-1.0234375,10.3828125,-0.0703125,0.171875,-0.126953125,0.166015625,-0.2607421875,-0.861328125
1052.934555,info,IMU,3337.2771000000002,-0.359375,-1.72265625,11.94921875,-0.01953125,0.2109375,-0.1171875,0.171875,-0.26171875,-0.8642578125
1052.954753,info,IMU,3337.2971000000002,0.0859375,-1.1953125,10.26953125,-0.0546875,0.20703125,-0.119140625,0.1767578125,-0.2578125,-0.861328125
1052.976881,info,IMU,3337.3171,-0.77734375,-1.109375,11.78515625,-0.00390625,0.265625,-0.1328125,0.1806640625,-0.255859375,-0.86328125
1052.994610,info,IMU,3337.3371,-0.4375,-1.82421875,10.203125,-0.048828125,0.23046875,-0.134765625,0.1884765625,-0.2568359375,-0.8623046875
1053.014811,info,IMU,3337.3571,-0.140625,-1.25390625,9.8828125,-0.060546875,0.203125,-0.12109375,0.193359375,-0.2548828125,-0.865234375
1053.035014,info,IMU,3337.3771,-0.8828125,-1.265625,9.34765625,0.01171875,0.2265625,-0.123046875,0.1982421875,-0.2529296875,-0.86328125
1053.054665,info,IMU,3337.3971,-0.703125,-1.2578125,9.2265625,0.00390625,0.220703125,-0.126953125,0.2001953125,-0.2548828125,-0.861328125
1053.077063,info,IMU,3337.4171,-0.36328125,-1.140625,7.30859375,-0.09765625,0.173828125,-0.1328125,0.205078125,-0.251953125,-0.8623046875
1053.094436,info,IMU,3337.4371,-0.96484375,-1.65234375,9.65234375,0.0390625,0.150390625,-0.125,0.208984375,-0.251953125,-0.86328125
1053.115024,info,IMU,3337.4571,-1.140625,-1.30859375,9.10546875,-0.0078125,0.11328125,-0.126953125,0.2138671875,-0.2548828125,-0.861328125
1053.134935,info,IMU,3337.4771,-0.734375,-1.18359375,8.140625,-0.05078125,0.125,-0.126953125,0.21875,-0.2529296875,-0.8603515625
1053.154498,info,IMU,3337.4971,-0.625,-1.69921875,10.13671875,0.064453125,0.166015625,-0.140625,0.2236328125,-0.251953125,-0.861328125
1053.174731,info,IMU,3337.5171,-0.97265625,-1.0625,9.5078125,0.013671875,0.1796875,-0.140625,0.228515625,-0.251953125,-0.8564453125
1053.194949,info,IMU,3337.5371,-1.546875,-1.31640625,7.046875,0.078125,0.154296875,-0.1484375,0.23046875,-0.25,-0.8583984375
1053.214543,info,IMU,3337.5571,-1.3203125,-1.5234375,9.0625,0.06640625,0.0703125,-0.15625,0.234375,-0.2529296875,-0.859375
1053.234793,info,IMU,3337.5771,-0.43359375,-1.04296875,8.40234375,0.046875,0.119140625,-0.146484375,0.2353515625,-0.2529296875,-0.859375
1053.254999,info,IMU,3337.5971,-0.6015625,-1.02734375,6.734375,0.0703125,0.087890625,-0.150390625,0.234375,-0.255859375,-0.8564453125
1053.274634,info,IMU,3337.6171,-1.02734375,-1.31640625,8.59765625,0.115234375,0.072265625,-0.1640625,0.2412109375,-0.2578125,-0.8583984375
1053.294967,info,IMU,3337.6371,-1.2734375,-1.03515625,6.41796875,0.05078125,0.01953125,-0.1640625,0.2421875,-0.2568359375,-0.8564453125
1053.315080,info,IMU,3337.6571,-1.3671875,-1.359375,8.53515625,0.115234375,0.017578125,-0.166015625,0.2421875,-0.2568359375,-0.85546875
1053.334814,info,IMU,3337.6771,-1.75390625,-1.61328125,8.40234375,0.060546875,-0.025390625,-0.1640625,0.2421875,-0.2587890625,-0.8564453125
1053.354893,info,IMU,3337.6971000000003,-1.3359375,-0.7578125,7.93359375,0.103515625,-0.087890625,-0.166015625,0.2431640625,-0.26171875,-0.853515625
1053.374902,info,IMU,3337.7171000000003,-0.75390625,-1.2109375,10.2890625,0.078125,-0.05859375,-0.169921875,0.2421875,-0.26171875,-0.8544921875
1053.394753,info,IMU,3337.7371000000003,-0.83984375,-1.37109375,9.22265625,0.041015625,-0.083984375,-0.17578125,0.244140625,-0.2626953125,-0.853515625
1053.414966,info,IMU,3337.7571000000003,-1.1640625,-0.828125,9.56640625,0.1015625,-0.064453125,-0.1875,0.2431640625,-0.2666015625,-0.85546875
1053.434563,info,IMU,3337.7771000000002,-1.35546875,-0.88671875,10.6484375,-0.015625,-0.03515625,-0.193359375,0.240234375,-0.2646484375,-0.8544921875
1053.454773,info,IMU,3337.7971000000002,-1.37890625,-1.28515625,10.04296875,-0.013671875,-0.0546875,-0.197265625,0.2412109375,-0.2666015625,-0.8564453125
1053.474994,info,IMU,3337.8171,-1.46875,-1.0078125,7.3359375,0.064453125,-0.12890625,-0.197265625,0.2431640625,-0.2646484375,-0.853515625
1053.494623,info,IMU,3337.8371,-1.1328125,-0.83203125,9.203125,0.05859375,-0.146484375,-0.201171875,0.2392578125,-0.2646484375,-0.8564453125
1053.514814,info,IMU,3337.8571,-0.84765625,-1.375,8.82421875,-0.109375,-0.12109375,-0.19921875,0.23828125,-0.2626953125,-0.8564453125
1053.534439,info,IMU,3337.8771,-1.30859375,-1.01953125,9.234375,0.048828125,-0.2265625,-0.2109375,0.2353515625,-0.2626953125,-0.8583984375
1053.554686,info,IMU,3337.8971,-1.421875,-1.22265625,9.5703125,-0.021484375,-0.22265625,-0.208984375,0.234375,-0.26171875,-0.857421875
1053.574927,info,IMU,3337.9171,-0.921875,-1.23046875,8.52734375,-0.01953125,-0.212890625,-0.205078125,0.2294921875,-0.2607421875,-0.859375
1053.594485,info,IMU,3337.9371,-1.0234375,-1.30078125,9.35546875,-0.033203125,-0.27734375,-0.212890625,0.2255859375,-0.2587890625,-0.859375
1053.614705,info,IMU,3337.9571,-1.046875,-1.3125,11.015625,-0.0390625,-0.234375,-0.224609375,0.2216796875,-0.2578125,-0.8583984375
1053.634966,info,IMU,3337.9771,-1.0625,-1.5859375,8.66796875,0.033203125,-0.234375,-0.2265625,0.21875,-0.2548828125,-0.859375
1053.654535,info,IMU,3337.9971,-0.8671875,-0.6796875,9.1796875,0.015625,-0.2421875,-0.23046875,0.2138671875,-0.2548828125,-0.8623046875
1053.674764,info,IMU,3338.0171,-0.9296875,-1.3046875,10.1484375,-0.05859375,-0.169921875,-0.2265625,0.208984375,-0.2548828125,-0.8603515625
1053.694979,info,IMU,3338.0371,-0.92578125,-0.95703125,8.75390625,0.025390625,-0.2578125,-0.234375,0.2041015625,-0.2548828125,-0.861328125
1053.714813,info,IMU,3338.0571,-1.19921875,-1.11328125,8.5859375,-0.01171875,-0.23828125,-0.240234375,0.201171875,-0.2529296875,-0.8623046875
1053.734830,info,IMU,3338.0771,-1.32421875,-1.078125,8.23046875,0.033203125,-0.232421875,-0.25,0.2001953125,-0.2529296875,-0.8623046875
1053.754433,info,IMU,3338.0971,-0.859375,-0.76171875,8.57421875,-0.044921875,-0.24609375,-0.244140625,0.193359375,-0.255859375,-0.86328125
1053.774678,info,IMU,3338.1171,-1.24609375,-1.75390625,8.76953125,-0.03125,-0.201171875,-0.236328125,0.1923828125,-0.251953125,-0.86328125
1053.794875,info,IMU,3338.1371,-1.00390625,-1.2578125,9.890625,0.037109375,-0.28515625,-0.240234375,0.1865234375,-0.251953125,-0.8642578125
1053.814495,info,IMU,3338.1571,-0.875,-0.93359375,9.20703125,-0.0078125,-0.265625,-0.25,0.181640625,-0.2529296875,-0.865234375
1053.834704,info,IMU,3338.1771,-0.4375,-1.07421875,10.02734375,-0,-0.275390625,-0.2578125,0.1787109375,-0.251953125,-0.8662109375
1053.854937,info,IMU,3338.1971000000003,-0.4375,-1.171875,11.125,-0.0703125,-0.18359375,-0.259765625,0.1748046875,-0.2490234375,-0.8662109375
1053.874542,info,IMU,3338.2171000000003,-0.8828125,-1.19921875,10.15234375,0.04296875,-0.2421875,-0.2578125,0.1728515625,-0.248046875,-0.8642578125
1053.894763,info,IMU,3338.2371000000003,-0.93359375,-1.2265625,11.65625,-0.033203125,-0.130859375,-0.25,0.1708984375,-0.2470703125,-0.8662109375
1053.914983,info,IMU,3338.2571000000003,-0.66015625,-0.94921875,8.359375,-0.009765625,-0.216796875,-0.24609375,0.166015625,-0.248046875,-0.8671875
1053.934604,info,IMU,3338.2771000000002,-0.80859375,-1.28515625,13.43359375,-0.12109375,-0.158203125,-0.248046875,0.1650390625,-0.24609375,-0.8701171875
1053.954802,info,IMU,3338.2971000000002,-0.55078125,-1.22265625,6.7109375,-0.021484375,-0.154296875,-0.265625,0.16015625,-0.2431640625,-0.8681640625
1053.976374,info,IMU,3338.3171,-1.26953125,-0.953125,12.14453125,-0.041015625,-0.150390625,-0.259765625,0.16015625,-0.2451171875,-0.8681640625
1053.994675,info,IMU,3338.3371,-0.81640625,-1.296875,8.953125,-0.083984375,-0.099609375,-0.255859375,0.1572265625,-0.2421875,-0.87109375
1054.015068,info,IMU,3338.3571,-0.3828125,-0.71875,10.83984375,-0.142578125,-0.123046875,-0.23828125,0.1572265625,-0.2392578125,-0.869140625
1054.034467,info,IMU,3338.3771,-0.41015625,-1.421875,10.296875,-0.0078125,-0.1328125,-0.240234375,0.1552734375,-0.236328125,-0.87109375
1054.054697,info,IMU,3338.3971,-0.234375,-1.2109375,11.0859375,-0.126953125,-0.046875,-0.25,0.1552734375,-0.2353515625,-0.8701171875
1054.075013,info,IMU,3338.4171,-0.22265625,-1.6015625,9.44921875,-0.00390625,-0.0390625,-0.2578125,0.154296875,-0.234375,-0.873046875
1054.094563,info,IMU,3338.4371,-0.359375,-1.84765625,13.046875,-0.076171875,0.013671875,-0.240234375,0.15625,-0.2314453125,-0.87109375
1054.114778,info,IMU,3338.4571,-0.91796875,-1.44921875,8.68359375,-0,0.03515625,-0.2265625,0.15625,-0.23046875,-0.873046875
1054.134972,info,IMU,3338.4771,-0.96875,-0.9140625,10.05078125,-0.01171875,-0.0078125,-0.234375,0.158203125,-0.2314453125,-0.87109375
1054.154599,info,IMU,3338.4971,-0.53125,-0.8125,9.02734375,-0.068359375,0.013671875,-0.23828125,0.162109375,-0.2294921875,-0.8720703125
1054.174809,info,IMU,3338.5171,-0.296875,-1.3203125,8.75,-0.0625,0.072265625,-0.23046875,0.16015625,-0.2275390625,-0.87109375
1054.194386,info,IMU,3338.5371,-0.734375,-1.87890625,8.78515625,0.029296875,0.048828125,-0.23046875,0.1611328125,-0.2265625,-0.873046875
1054.214645,info,IMU,3338.5571,-0.77734375,-1.34375,9.3203125,0.005859375,0.08984375,-0.23046875,0.166015625,-0.2275390625,-0.8740234375
1054.234869,info,IMU,3338.5771,-0.8046875,-0.7890625,8.80078125,-0.02734375,0.044921875,-0.21484375,0.166015625,-0.2265625,-0.8701171875
1054.254463,info,IMU,3338.5971,-1.12890625,-1.4296875,9.58984375,-0.005859375,0.005859375,-0.212890625,0.16796875,-0.2265625,-0.873046875
1054.274681,info,IMU,3338.6171,-0.63671875,-0.95703125,9.578125,-0.025390625,0.0390625,-0.216796875,0.1708984375,-0.2265625,-0.875
1054.294954,info,IMU,3338.6371,-0.7734375,-1.578125,9.5390625,0.029296875,-0.009765625,-0.2265625,0.1728515625,-0.224609375,-0.8720703125
1054.315347,info,IMU,3338.6571,-0.296875,-1.39453125,10.25,-0.013671875,0.083984375,-0.216796875,0.1748046875,-0.2265625,-0.8720703125
1054.334738,info,IMU,3338.6771,0.046875,-1.3984375,9.34375,-0.001953125,0.11328125,-0.201171875,0.1767578125,-0.22265625,-0.8720703125
1054.354955,info,IMU,3338.6971000000003,-1.0234375,-1.4296875,11.3046875,0.013671875,0.0390625,-0.20703125,0.177734375,-0.224609375,-0.8720703125
1054.374567,info,IMU,3338.7171000000003,-0.91796875,-1.046875,10.09765625,0.001953125,0.09375,-0.2109375,0.1787109375,-0.22265625,-0.87109375
1054.397923,info,IMU,3338.7371000000003,-0.5234375,-1.3671875,8.421875,-0.03125,0.0390625,-0.2109375,0.18359375,-0.22265625,-0.873046875
1054.415405,info,IMU,3338.7571000000003,-0.8203125,-0.91796875,11.2890625,-0.01953125,0.029296875,-0.1875,0.1845703125,-0.22265625,-0.8720703125
1054.434642,info,IMU,3338.7771000000002,-0.58203125,-0.98828125,8.0234375,-0.06640625,0.10546875,-0.1796875,0.185546875,-0.220703125,-0.87109375
1054.454849,info,IMU,3338.7971000000002,-0.23046875,-1.109375,9.1171875,-0.009765625,0.017578125,-0.1875,0.1904296875,-0.2197265625,-0.8701171875
1054.474459,info,IMU,3338.8171,-0.63671875,-1.5078125,9.8515625,-0.076171875,0.0625,-0.197265625,0.1884765625,-0.2197265625,-0.87109375
1054.494665,info,IMU,3338.8371,-1.0078125,-1.26953125,9.0234375,-0.0546875,0.080078125,-0.1875,0.1923828125,-0.2177734375,-0.8720703125
1054.515806,info,IMU,3338.8571,-1.60546875,-1.44921875,9.359375,-0.064453125,-0.0078125,-0.189453125,0.1943359375,-0.21484375,-0.87109375
1054.534523,info,IMU,3338.8771,-1.48828125,-0.86328125,12.13671875,-0.048828125,0.080078125,-0.18359375,0.1982421875,-0.21484375,-0.87109375
1054.554754,info,IMU,3338.8971,-1.0078125,-0.984375,7.49609375,-0.044921875,0.013671875,-0.1953125,0.1962890625,-0.212890625,-0.873046875
1054.574961,info,IMU,3338.9171,-1.28125,-1.1171875,11.14453125,-0.044921875,0.01171875,-0.201171875,0.19921875,-0.212890625,-0.87109375
1054.594577,info,IMU,3338.9371,-0.453125,-1.51953125,10.046875,-0.01953125,0.1015625,-0.19921875,0.201171875,-0.208984375,-0.873046875
1054.616174,info,IMU,3338.9571,-0.34765625,-1.06640625,10.0234375,-0.080078125,0.01953125,-0.185546875,0.203125,-0.2109375,-0.8720703125
1054.634396,info,IMU,3338.9771,-1.2421875,-1.23046875,10.46875,-0.00390625,0.09375,-0.1875,0.2060546875,-0.20703125,-0.8701171875
1054.656136,info,IMU,3338.9971,-1.0390625,-0.625,9.046875,-0.048828125,-0.0078125,-0.197265625,0.2060546875,-0.20703125,-0.875
1054.674829,info,IMU,3339.0171,-1.484375,-0.640625,9.2890625,-0.037109375,0.02734375,-0.201171875,0.20703125,-0.205078125,-0.869140625
1054.694455,info,IMU,3339.0371,-1.5546875,-1.38671875,6.40625,-0.037109375,-0.02734375,-0.203125,0.2060546875,-0.2060546875,-0.873046875
1054.716652,info,IMU,3339.0571,-1.765625,-0.4375,8.1328125,-0.01953125,-0.083984375,-0.20703125,0.205078125,-0.2041015625,-0.8720703125
1054.735023,info,IMU,3339.0771,-1.02734375,-1.234375,6.75,-0.046875,0.00390625,-0.208984375,0.20703125,-0.201171875,-0.875
1054.754524,info,IMU,3339.0971,-1.0078125,-1.2109375,6.95703125,0.005859375,-0.0625,-0.208984375,0.2080078125,-0.203125,-0.8701171875
1054.774730,info,IMU,3339.1171,-0.83203125,-1.2734375,8.171875,0.03125,0.017578125,-0.21484375,0.20703125,-0.203125,-0.8720703125
1054.794935,info,IMU,3339.1371,-1.14453125,-1.17578125,6.4375,0.0703125,-0.025390625,-0.2109375,0.2099609375,-0.203125,-0.8740234375
1054.817023,info,IMU,3339.1571,-1.34765625,-1.078125,8.35546875,0.11328125,-0.087890625,-0.22265625,0.20703125,-0.2041015625,-0.8720703125
1054.834773,info,IMU,3339.1771,-1.6328125,-1.0546875,6.1484375,0.111328125,-0.10546875,-0.224609375,0.20703125,-0.2080078125,-0.87109375
1054.854389,info,IMU,3339.1971000000003,-1.1171875,-1.5234375,7.73046875,0.15234375,-0.1171875,-0.224609375,0.2080078125,-0.2080078125,-0.8720703125
1054.874635,info,IMU,3339.2171000000003,-0.73046875,-0.94921875,7.0078125,0.130859375,-0.1328125,-0.21875,0.2060546875,-0.2138671875,-0.8701171875
1054.894811,info,IMU,3339.2371000000003,-0.72265625,-1.65234375,7.5859375,0.166015625,-0.095703125,-0.22265625,0.2080078125,-0.216796875,-0.87109375
1054.917410,info,IMU,3339.2571000000003,-0.2578125,-0.91796875,7.0546875,0.150390625,-0.068359375,-0.224609375,0.205078125,-0.2177734375,-0.87109375
1054.934668,info,IMU,3339.2771000000002,-0.96875,-1.58984375,7.42578125,0.244140625,-0.107421875,-0.228515625,0.203125,-0.2216796875,-0.8701171875
1054.954901,info,IMU,3339.2971000000002,-1.30078125,-1.42578125,8.1171875,0.19921875,-0.056640625,-0.22265625,0.19921875,-0.2236328125,-0.8720703125
1054.975165,info,IMU,3339.3171,-1.2265625,-0.8671875,7.859375,0.240234375,-0.158203125,-0.232421875,0.19921875,-0.2265625,-0.8701171875
1054.994750,info,IMU,3339.3371,-1.3671875,-1.12890625,8.67578125,0.201171875,-0.205078125,-0.2265625,0.1982421875,-0.2294921875,-0.8671875
1055.014944,info,IMU,3339.3571,-0.375,-0.93359375,10.45703125,0.125,-0.171875,-0.220703125,0.197265625,-0.232421875,-0.8671875
1055.034533,info,IMU,3339.3771,-0.17578125,-1.08984375,12.08203125,0.125,-0.1015625,-0.21875,0.1923828125,-0.2353515625,-0.8671875
1055.054770,info,IMU,3339.3971,0.0234375,-1.16015625,11.9921875,0.044921875,-0.056640625,-0.21875,0.1923828125,-0.23828125,-0.8681640625
1055.074379,info,IMU,3339.4171,-0,-1.3828125,14.0390625,0.12890625,-0,-0.20703125,0.1943359375,-0.2412109375,-0.8681640625
1055.094634,info,IMU,3339.4371,0.55859375,-1.25,12.94140625,-0.021484375,-0.005859375,-0.189453125,0.193359375,-0.2421875,-0.865234375
1055.114813,info,IMU,3339.4571,-0.14453125,-1.109375,12.4765625,0.041015625,-0.0234375,-0.181640625,0.1962890625,-0.240234375,-0.8671875
1055.134416,info,IMU,3339.4771,-0.26953125,-1.14453125,13.34375,-0.07421875,-0.0078125,-0.1875,0.197265625,-0.2421875,-0.8701171875
1055.154676,info,IMU,3339.4971,0.0625,-1.40625,15.67578125,-0.125,0.326171875,-0.18359375,0.1962890625,-0.240234375,-0.8671875
1055.174884,info,IMU,3339.5171,0.66015625,-1.10546875,11,0.02734375,0.203125,-0.166015625,0.2021484375,-0.236328125,-0.865234375
1055.194469,info,IMU,3339.5371,0.16015625,-0.53125,16.52734375,-0.134765625,0.376953125,-0.1484375,0.208984375,-0.2353515625,-0.8642578125
1055.214731,info,IMU,3339.5571,0.16015625,-1.1953125,8.33984375,-0.107421875,0.40234375,-0.146484375,0.2158203125,-0.234375,-0.8681640625
1055.234932,info,IMU,3339.5771,-0.57421875,-0.9453125,13.86328125,-0.109375,0.375,-0.16015625,0.2236328125,-0.2314453125,-0.86328125
1055.254528,info,IMU,3339.5971,-0.1484375,-1.4921875,11.17578125,-0.130859375,0.537109375,-0.154296875,0.232421875,-0.2275390625,-0.86328125
1055.274764,info,IMU,3339.6171,-0.48046875,-1.203125,11.63671875,-0.11328125,0.404296875,-0.146484375,0.2431640625,-0.2294921875,-0.86328125
1055.294391,info,IMU,3339.6371,-0.734375,-0.79296875,10.94140625,-0.02734375,0.4765625,-0.140625,0.2509765625,-0.220703125,-0.8623046875
1055.314615,info,IMU,3339.6571,-0.84765625,-0.46484375,9.62109375,-0.12890625,0.412109375,-0.138671875,0.263671875,-0.2216796875,-0.859375
1055.334818,info,IMU,3339.6771,-0.6015625,-0.92578125,10.96484375,-0.001953125,0.4140625,-0.146484375,0.2724609375,-0.21875,-0.859375
1055.354436,info,IMU,3339.6971000000003,-0.1484375,-0.98046875,11.4921875,-0.193359375,0.45703125,-0.13671875,0.28125,-0.21484375,-0.8583984375
1055.374655,info,IMU,3339.7171000000003,-0.27734375,-1.23046875,10.625,0.00390625,0.388671875,-0.12890625,0.2900390625,-0.2138671875,-0.8583984375
1055.394893,info,IMU,3339.7371000000003,-0.35546875,-0.85546875,12.20703125,-0.142578125,0.41015625,-0.125,0.2998046875,-0.2119140625,-0.8564453125
1055.414466,info,IMU,3339.7571000000003,-0.265625,-0.58984375,10.28515625,-0.109375,0.365234375,-0.126953125,0.3095703125,-0.208984375,-0.8564453125
1055.434742,info,IMU,3339.7771000000002,-0.5,-1.20703125,10.7265625,-0.078125,0.353515625,-0.119140625,0.318359375,-0.208984375,-0.8515625
1055.454940,info,IMU,3339.7971000000002,-0.83984375,-0.40234375,11.34765625,-0.080078125,0.3671875,-0.123046875,0.3251953125,-0.205078125,-0.8505859375
1055.474822,info,IMU,3339.8171,-0.83984375,-1.015625,9.78125,-0.099609375,0.37109375,-0.134765625,0.333984375,-0.2021484375,-0.849609375
1055.494770,info,IMU,3339.8371,-0.37890625,-0.765625,11.13671875,-0.068359375,0.3359375,-0.134765625,0.3408203125,-0.2021484375,-0.849609375
1055.514984,info,IMU,3339.8571,-0.12109375,-1.13671875,10.01171875,-0.1171875,0.40625,-0.119140625,0.3486328125,-0.19921875,-0.84765625
1055.534653,info,IMU,3339.8771,-1.16796875,-1.0234375,8.86328125,-0.083984375,0.326171875,-0.12890625,0.359375,-0.1982421875,-0.8447265625
1055.554806,info,IMU,3339.8971,-1.64453125,-1.4140625,10.16015625,-0.05859375,0.349609375,-0.15234375,0.365234375,-0.1923828125,-0.8427734375
1055.574393,info,IMU,3339.9171,-1.33984375,-1.1484375,9.83984375,-0.1328125,0.296875,-0.158203125,0.369140625,-0.1923828125,-0.8447265625
1055.594656,info,IMU,3339.9371,-0.7109375,-1.65234375,9.9765625,0.009765625,0.3046875,-0.138671875,0.3759765625,-0.1875,-0.841796875
1055.616966,info,IMU,3339.9571,-0.7265625,-0.6796875,10.6171875,-0.05859375,0.26953125,-0.130859375,0.3818359375,-0.189453125,-0.841796875
1055.634991,info,IMU,3339.9771,-0.671875,-0.64453125,9.42578125,-0.033203125,0.341796875,-0.146484375,0.3876953125,-0.1865234375,-0.8388671875
1055.655542,info,IMU,3339.9971,-1.1171875,-0.91015625,9.65234375,-0.0390625,0.275390625,-0.17578125,0.39453125,-0.1845703125,-0.8369140625
1055.674912,info,IMU,3340.0171,-1.4921875,-1.20703125,9.31640625,0.01171875,0.26171875,-0.1796875,0.40234375,-0.1826171875,-0.8330078125
1055.694512,info,IMU,3340.0371,-1.4765625,-1.43359375,8.453125,-0.080078125,0.232421875,-0.1640625,0.404296875,-0.177734375,-0.83203125
1055.714759,info,IMU,3340.0571,-1.48828125,-1.3828125,8.359375,-0.0078125,0.2109375,-0.158203125,0.4130859375,-0.181640625,-0.8330078125
1055.734975,info,IMU,3340.0771,-0.2421875,-1.109375,9.01953125,-0.0078125,0.220703125,-0.166015625,0.4169921875,-0.1806640625,-0.8310546875
1055.754579,info,IMU,3340.0971,-0.66796875,-0.82421875,7.671875,0.05859375,0.1953125,-0.166015625,0.4208984375,-0.17578125,-0.826171875
1055.774772,info,IMU,3340.1171,-1,-1.2265625,7.73828125,0.0546875,0.18359375,-0.17578125,0.423828125,-0.1767578125,-0.8251953125
1055.794400,info,IMU,3340.1371,-1.71484375,-1.4921875,7.05859375,0.0625,0.13671875,-0.193359375,0.431640625,-0.177734375,-0.826171875
1055.814760,info,IMU,3340.1571,-1.4296875,-1.9140625,5.5703125,0.16796875,0.099609375,-0.18359375,0.4296875,-0.1787109375,-0.826171875
1055.834863,info,IMU,3340.1771,-1.7890625,-1.3203125,6.7890625,0.146484375,-0.052734375,-0.166015625,0.435546875,-0.1787109375,-0.8251953125
1055.854441,info,IMU,3340.1971000000003,-1.1015625,-1.39453125,8.1953125,0.08984375,0.076171875,-0.146484375,0.4375,-0.1826171875,-0.826171875
1055.874662,info,IMU,3340.2171000000003,-0.6171875,-0.70703125,6.63671875,0.18359375,-0.10546875,-0.166015625,0.435546875,-0.1796875,-0.8232421875
1055.894950,info,IMU,3340.2371000000003,-1.48046875,-1.21484375,5.66015625,0.27734375,-0.1015625,-0.19140625,0.435546875,-0.185546875,-0.82421875
1055.914519,info,IMU,3340.2571000000003,-1.1875,-0.4375,6.6328125,0.1015625,-0.0625,-0.1953125,0.4365234375,-0.1875,-0.82421875
1055.934734,info,IMU,3340.2771000000002,-2.19921875,-1.7421875,6.3359375,0.22265625,-0.119140625,-0.181640625,0.4326171875,-0.1884765625,-0.822265625
1055.954945,info,IMU,3340.2971000000002,-1.71875,-0.72265625,8.45703125,0.216796875,-0.130859375,-0.1875,0.431640625,-0.1904296875,-0.8232421875
1055.974564,info,IMU,3340.3171,-1.51171875,-0.91015625,5.32421875,0.208984375,-0.166015625,-0.189453125,0.4306640625,-0.1953125,-0.8251953125
1055.995028,info,IMU,3340.3371,-1.09765625,-0.7421875,8.91796875,0.189453125,-0.19921875,-0.20703125,0.4267578125,-0.1982421875,-0.8232421875
1056.014396,info,IMU,3340.3571,-1.2890625,-0.5625,6.41015625,0.16796875,-0.1875,-0.21875,0.427734375,-0.19921875,-0.8251953125
1056.034626,info,IMU,3340.3771,-1.93359375,-0.890625,8.33984375,0.24609375,-0.171875,-0.240234375,0.4189453125,-0.2041015625,-0.8232421875
1056.054850,info,IMU,3340.3971,-2.0859375,-1.17578125,6.19140625,0.240234375,-0.205078125,-0.244140625,0.41796875,-0.2060546875,-0.826171875
1056.074427,info,IMU,3340.4171,-1.9609375,-0.42578125,8.26171875,0.236328125,-0.24609375,-0.244140625,0.4140625,-0.208984375,-0.8251953125
1056.094674,info,IMU,3340.4371,-2.43359375,-1.171875,6.7734375,0.181640625,-0.255859375,-0.25,0.4091796875,-0.2138671875,-0.8271484375
1056.114916,info,IMU,3340.4571,-2.32421875,-0.51171875,8.64453125,0.248046875,-0.310546875,-0.291015625,0.40625,-0.2138671875,-0.828125
1056.134528,info,IMU,3340.4771,-2.56640625,-0.44140625,7.37109375,0.181640625,-0.314453125,-0.30859375,0.3984375,-0.216796875,-0.828125
1056.154722,info,IMU,3340.4971,-2.76171875,-0.30859375,9.203125,0.1640625,-0.310546875,-0.322265625,0.3955078125,-0.21875,-0.830078125
1056.174930,info,IMU,3340.5171,-2.80859375,0.3125,8.9375,0.11328125,-0.359375,-0.33203125,0.3896484375,-0.2197265625,-0.8330078125
1056.194657,info,IMU,3340.5371,-3.27734375,-0.30859375,9.91796875,0.130859375,-0.40625,-0.345703125,0.380859375,-0.220703125,-0.8349609375
1056.214794,info,IMU,3340.5571,-2.375,-0.37890625,9.2421875,0.0390625,-0.4140625,-0.359375,0.3759765625,-0.21875,-0.8359375
1056.234378,info,IMU,3340.5771,-1.8125,-0.8203125,11.48828125,-0.009765625,-0.462890625,-0.365234375,0.365234375,-0.21875,-0.8369140625
1056.254641,info,IMU,3340.5971,-0.82421875,-0.6875,9.421875,0.01171875,-0.49609375,-0.353515625,0.3603515625,-0.21875,-0.8408203125
1056.274820,info,IMU,3340.6171,-1.7890625,-0.359375,12.37109375,-0.052734375,-0.4609375,-0.36328125,0.3525390625,-0.2158203125,-0.84375
1056.294436,info,IMU,3340.6371,-2.33203125,-0.3515625,9.89453125,-0.12890625,-0.48828125,-0.39453125,0.345703125,-0.2119140625,-0.845703125
1056.314825,info,IMU,3340.6571,-2.20703125,-0.46875,14.3203125,-0.15234375,-0.58203125,-0.408203125,0.3349609375,-0.2060546875,-0.8505859375
1056.334905,info,IMU,3340.6771,-1.171875,-0.86328125,11.609375,-0.171875,-0.4296875,-0.36328125,0.326171875,-0.203125,-0.8515625
1056.354490,info,IMU,3340.6971000000003,-0.44140625,-0.09375,13.66015625,-0.142578125,-0.60546875,-0.345703125,0.318359375,-0.1982421875,-0.8525390625
1056.374716,info,IMU,3340.7171000000003,-0.95703125,-0.984375,13.26171875,-0.25,-0.44921875,-0.36328125,0.3076171875,-0.1943359375,-0.8564453125
1056.394947,info,IMU,3340.7371000000003,-0.52734375,-1.04296875,11.875,-0.244140625,-0.4609375,-0.38671875,0.298828125,-0.1865234375,-0.8583984375
1056.415322,info,IMU,3340.7571000000003,0.62109375,-2.44921875,24.06640625,-0.31640625,-0.1015625,-0.365234375,0.291015625,-0.1826171875,-0.86328125
1056.434783,info,IMU,3340.7771000000002,-0.76953125,-2.12890625,10.91796875,-0.1328125,-0.302734375,-0.345703125,0.29296875,-0.173828125,-0.865234375
1056.454390,info,IMU,3340.7971000000002,-2.01953125,0.36328125,15.890625,0.076171875,-0.287109375,-0.361328125,0.2841796875,-0.1728515625,-0.8671875
1056.474620,info,IMU,3340.8171,-0.40625,-0.828125,8.875,-0.54296875,-0.01171875,-0.337890625,0.279296875,-0.1669921875,-0.8662109375
1056.494807,info,IMU,3340.8371,0.1171875,-1.1953125,17.5078125,-0.119140625,-0.25,-0.318359375,0.2802734375,-0.15625,-0.8671875
1056.514442,info,IMU,3340.8571,0.38671875,-1.98828125,14.796875,-0.23828125,-0.109375,-0.30859375,0.2783203125,-0.15234375,-0.8681640625
1056.534656,info,IMU,3340.8771,-0.640625,-1.8984375,12.41796875,-0.1328125,0.01171875,-0.294921875,0.2783203125,-0.1484375,-0.87109375
1056.554901,info,IMU,3340.8971,0.33203125,-1.46875,13,-0.216796875,0.01171875,-0.298828125,0.2763671875,-0.140625,-0.87109375
1056.574491,info,IMU,3340.9171,0.55078125,-0.39453125,13.57421875,-0.287109375,0.07421875,-0.2734375,0.275390625,-0.13671875,-0.87109375
1056.594724,info,IMU,3340.9371,0.921875,-1.00390625,12.5390625,-0.234375,0.021484375,-0.251953125,0.2763671875,-0.1318359375,-0.8720703125
1056.614961,info,IMU,3340.9571,-0.296875,-0.73046875,14.0625,-0.30859375,0.0234375,-0.244140625,0.275390625,-0.123046875,-0.873046875
1056.634677,info,IMU,3340.9771,0.27734375,-1.6796875,12.0546875,-0.26953125,0.193359375,-0.220703125,0.2802734375,-0.1181640625,-0.8740234375
1056.654779,info,IMU,3340.9971,0.11328125,-0.9296875,12.453125,-0.22265625,0.17578125,-0.1953125,0.2822265625,-0.11328125,-0.873046875
1056.674376,info,IMU,3341.0171,0.19921875,0.40625,11.94140625,-0.27734375,0.12109375,-0.18359375,0.2861328125,-0.10546875,-0.873046875
1056.694601,info,IMU,3341.0371,0.25390625,-0.76171875,13.56640625,-0.390625,0.25,-0.16796875,0.2890625,-0.0966796875,-0.8720703125
1056.714914,info,IMU,3341.0571,0.6171875,-0.66015625,11.640625,-0.09375,0.189453125,-0.173828125,0.296875,-0.091796875,-0.8720703125
1056.734421,info,IMU,3341.0771,0.3359375,0.62109375,14.12890625,-0.248046875,0.349609375,-0.171875,0.30078125,-0.0859375,-0.873046875
1056.754658,info,IMU,3341.0971,-0.4921875,0.0078125,7.48828125,-0.2734375,0.3046875,-0.1796875,0.3095703125,-0.080078125,-0.87109375
1056.774878,info,IMU,3341.1171,-0.2734375,-0.5234375,15.73046875,-0.373046875,0.328125,-0.17578125,0.31640625,-0.07421875,-0.8701171875
1056.794463,info,IMU,3341.1371,0.0546875,-0.48046875,11.25,-0.201171875,0.458984375,-0.16015625,0.3271484375,-0.0703125,-0.8681640625
1056.814696,info,IMU,3341.1571,-0.1484375,-0.10546875,10.4140625,-0.083984375,0.416015625,-0.158203125,0.330078125,-0.064453125,-0.8642578125
1056.834919,info,IMU,3341.1771,-0.56640625,0.09765625,8.62890625,-0.232421875,0.4765625,-0.171875,0.3388671875,-0.060546875,-0.865234375
1056.854625,info,IMU,3341.1971000000003,-0.48828125,-0.296875,10.8125,-0.341796875,0.48828125,-0.17578125,0.349609375,-0.052734375,-0.8603515625
1056.874767,info,IMU,3341.2171000000003,-0.61328125,-1.0390625,9.3359375,-0.140625,0.392578125,-0.17578125,0.361328125,-0.044921875,-0.8564453125
1056.894393,info,IMU,3341.2371000000003,-0.8828125,-0.046875,10.51953125,-0.140625,0.533203125,-0.173828125,0.3671875,-0.044921875,-0.8583984375
1056.915545,info,IMU,3341.2571000000003,-0.359375,-0.1484375,5.86328125,-0.205078125,0.482421875,-0.173828125,0.37890625,-0.041015625,-0.8515625
1056.934792,info,IMU,3341.2771000000002,-0.1328125,-0.0390625,10.91796875,-0.103515625,0.490234375,-0.185546875,0.3857421875,-0.0341796875,-0.853515625
1056.954409,info,IMU,3341.2971000000002,-0.99609375,-0.76171875,6.97265625,-0.162109375,0.580078125,-0.16796875,0.392578125,-0.03125,-0.8466796875
1056.974678,info,IMU,3341.3171,-1.40625,-0.8203125,6.73828125,0.076171875,0.330078125,-0.18359375,0.40625,-0.025390625,-0.8466796875
1056.994863,info,IMU,3341.3371,-1.31640625,-0.453125,8.30078125,-0.126953125,0.427734375,-0.17578125,0.4130859375,-0.0224609375,-0.845703125
1057.014471,info,IMU,3341.3571,-1.0859375,-0.96875,5.0546875,-0.125,0.3671875,-0.166015625,0.423828125,-0.01953125,-0.8427734375
1057.034712,info,IMU,3341.3771,-1.3046875,-0.38671875,9.57421875,0.08984375,0.357421875,-0.1640625,0.435546875,-0.0166015625,-0.8388671875
1057.054936,info,IMU,3341.3971,-1.0390625,-0.0625,6.7734375,-0.08203125,0.36328125,-0.1640625,0.439453125,-0.017578125,-0.8349609375
1057.074532,info,IMU,3341.4171,-1.3359375,-0.96875,8.4296875,0.046875,0.259765625,-0.169921875,0.44921875,-0.015625,-0.8349609375
1057.094762,info,IMU,3341.4371,-1.28125,-0.71484375,5.57421875,-0,0.13671875,-0.162109375,0.4541015625,-0.0146484375,-0.8310546875
1057.114379,info,IMU,3341.4571,-1.41796875,-0.265625,8.76953125,0.140625,0.134765625,-0.140625,0.4541015625,-0.0126953125,-0.8310546875
1057.134590,info,IMU,3341.4771,-0.67578125,-0.21484375,6.63671875,-0.01953125,0.048828125,-0.119140625,0.4560546875,-0.015625,-0.830078125
1057.154782,info,IMU,3341.4971,-0.703125,-0.74609375,11.56640625,0.07421875,0.07421875,-0.119140625,0.458984375,-0.0126953125,-0.8291015625
1057.174395,info,IMU,3341.5171,-0.22265625,-0.01953125,10.7578125,0.00390625,0.173828125,-0.123046875,0.4599609375,-0.0146484375,-0.826171875
1057.194657,info,IMU,3341.5371,-0.671875,0.33984375,8.5,0.123046875,0.01171875,-0.130859375,0.46484375,-0.0166015625,-0.8271484375
1057.214863,info,IMU,3341.5571,-1.6171875,-0.3359375,10.7734375,0.01171875,0.009765625,-0.12109375,0.4619140625,-0.0166015625,-0.826171875
1057.234442,info,IMU,3341.5771,-1.42578125,-1.0625,8.359375,0.087890625,0.1015625,-0.099609375,0.46484375,-0.0146484375,-0.8271484375
1057.254680,info,IMU,3341.5971,-1.0703125,-0.07421875,8.5,0.13671875,-0.02734375,-0.09375,0.4619140625,-0.017578125,-0.8251953125
1057.274927,info,IMU,3341.6171,-0.80859375,0.6796875,8.4140625,0.005859375,-0.00390625,-0.087890625,0.462890625,-0.017578125,-0.828125
1057.294513,info,IMU,3341.6371,-0.74609375,-0.19921875,6.4921875,0.06640625,-0.029296875,-0.09375,0.462890625,-0.0224609375,-0.826171875
1057.314773,info,IMU,3341.6571,-1.2421875,-0.296875,8.19140625,0.056640625,-0.068359375,-0.091796875,0.46484375,-0.0224609375,-0.82421875
1057.334356,info,IMU,3341.6771,-1.51171875,-0.42578125,7.03515625,0.193359375,0.064453125,-0.083984375,0.466796875,-0.01953125,-0.822265625
1057.354563,info,IMU,3341.6971000000003,-1.1796875,-0.62890625,6.28125,0.080078125,-0.130859375,-0.076171875,0.462890625,-0.0244140625,-0.8251953125
1057.374785,info,IMU,3341.7171000000003,-0.96484375,-0.640625,9.82421875,0.130859375,-0.06640625,-0.056640625,0.462890625,-0.0244140625,-0.8271484375
1057.394388,info,IMU,3341.7371000000003,-0.54296875,-0.5234375,5.97265625,0.115234375,-0.064453125,-0.056640625,0.4580078125,-0.025390625,-0.826171875
1057.414721,info,IMU,3341.7571000000003,-1.02734375,-0.25390625,6.44921875,0.21875,-0.14453125,-0.072265625,0.4599609375,-0.029296875,-0.8251953125
1057.434866,info,IMU,3341.7771000000002,-0.97265625,-0.6796875,8.859375,0.130859375,0.001953125,-0.0625,0.455078125,-0.0341796875,-0.828125
1057.454446,info,IMU,3341.7971000000002,-1.140625,-1.0078125,5.484375,0.224609375,-0.2109375,-0.0546875,0.453125,-0.03515625,-0.8291015625
1057.474691,info,IMU,3341.8171,-0.94140625,-0.640625,8.265625,0.2578125,-0.09375,-0.0546875,0.451171875,-0.0361328125,-0.83203125
1057.494935,info,IMU,3341.8371,-0.640625,-0.15234375,5.41015625,0.109375,-0.154296875,-0.05078125,0.4482421875,-0.0400390625,-0.830078125
1057.515331,info,IMU,3341.8571,-0.56640625,-0.58203125,10.01171875,0.263671875,-0.119140625,-0.060546875,0.4482421875,-0.0439453125,-0.83203125
1057.534721,info,IMU,3341.8771,-0.875,-0.18359375,6.421875,0.185546875,-0.072265625,-0.064453125,0.443359375,-0.0478515625,-0.833984375
1057.554343,info,IMU,3341.8971,-0.71484375,-0.34765625,7.515625,0.318359375,-0.09375,-0.0625,0.443359375,-0.052734375,-0.83203125
1057.574532,info,IMU,3341.9171,-0.82421875,0.1171875,7.1796875,0.208984375,-0.087890625,-0.05859375,0.439453125,-0.056640625,-0.833984375
1057.594783,info,IMU,3341.9371,-0.7734375,-0.51953125,7.703125,0.240234375,-0.1328125,-0.060546875,0.4375,-0.0634765625,-0.8349609375
1057.615664,info,IMU,3341.9571,-0.96875,-0.54296875,8.67578125,0.208984375,-0.06640625,-0.068359375,0.43359375,-0.06640625,-0.8369140625
1057.634640,info,IMU,3341.9771,-1.125,-0.3203125,6.8984375,0.326171875,-0.08984375,-0.078125,0.43359375,-0.068359375,-0.837890625
1057.655020,info,IMU,3341.9971,-1.4375,0.1328125,8.1171875,0.2265625,-0.091796875,-0.080078125,0.427734375,-0.0771484375,-0.8359375
1057.674437,info,IMU,3342.0171,-1.140625,-0.359375,7.6171875,0.26171875,-0.05078125,-0.08203125,0.4287109375,-0.0810546875,-0.837890625
1057.694656,info,IMU,3342.0371,-0.9765625,-0.171875,8.359375,0.234375,-0.123046875,-0.083984375,0.4248046875,-0.0859375,-0.8388671875
1057.716051,info,IMU,3342.0571,-1.16015625,-0.4765625,8.1171875,0.263671875,-0.06640625,-0.0859375,0.42578125,-0.0888671875,-0.8369140625
1057.734538,info,IMU,3342.0771,-1.0859375,0.0234375,7.828125,0.228515625,-0.07421875,-0.09765625,0.4248046875,-0.09375,-0.8369140625
1057.754753,info,IMU,3342.0971,-1.421875,-0.32421875,7.8828125,0.193359375,-0.1015625,-0.09765625,0.4228515625,-0.099609375,-0.83984375
1057.774329,info,IMU,3342.1171,-1.2890625,-0.2890625,9.19921875,0.19140625,-0.09375,-0.09765625,0.419921875,-0.0986328125,-0.8388671875
1057.794544,info,IMU,3342.1371,-1.0546875,-0.21875,7.8046875,0.220703125,-0.111328125,-0.09765625,0.421875,-0.107421875,-0.8369140625
1057.816501,info,IMU,3342.1571,-1.140625,-0.29296875,8.234375,0.24609375,-0.109375,-0.099609375,0.41796875,-0.1103515625,-0.837890625
1057.836571,info,IMU,3342.1771,-0.9921875,-0.19921875,9.203125,0.0859375,-0.072265625,-0.1015625,0.41796875,-0.111328125,-0.8408203125
1057.854677,info,IMU,3342.1971000000003,-0.765625,-0.61328125,9.140625,0.169921875,-0.123046875,-0.103515625,0.416015625,-0.111328125,-0.83984375
1057.874819,info,IMU,3342.2171000000003,-0.73828125,-0.39453125,11.68359375,0.0625,-0.076171875,-0.095703125,0.412109375,-0.1171875,-0.83984375
1057.894418,info,IMU,3342.2371000000003,-0.4609375,-0.14453125,9.4140625,0.111328125,-0.138671875,-0.091796875,0.41015625,-0.1171875,-0.8388671875
1057.916982,info,IMU,3342.2571000000003,-0.91015625,-0.43359375,13.06640625,0.00390625,-0.111328125,-0.087890625,0.4091796875,-0.1162109375,-0.841796875
1057.934908,info,IMU,3342.2771000000002,-0.21484375,-0.53125,10.5859375,-0.033203125,-0.12109375,-0.078125,0.408203125,-0.1181640625,-0.8408203125
1057.954485,info,IMU,3342.2971000000002,-0.5078125,-0.36328125,13.40234375,-0.04296875,-0.162109375,-0.0703125,0.4091796875,-0.1162109375,-0.8408203125
1057.974738,info,IMU,3342.3171,-0.796875,-0.625,11.32421875,-0.009765625,-0.173828125,-0.078125,0.40234375,-0.11328125,-0.841796875
1057.995294,info,IMU,3342.3371,-0.75,0.19921875,12.24609375,-0.193359375,-0.1640625,-0.060546875,0.40234375,-0.111328125,-0.8447265625
1058.017871,info,IMU,3342.3571,-0.75,-1.01171875,11.7109375,-0.193359375,-0.0703125,-0.046875,0.3994140625,-0.107421875,-0.8427734375
1058.034765,info,IMU,3342.3771,-0.8203125,-0.63671875,13.4140625,-0.3515625,0.06640625,-0.03125,0.3955078125,-0.103515625,-0.8447265625
1058.054380,info,IMU,3342.3971,-0.921875,-0.140625,12.8359375,-0.22265625,-0.015625,-0.041015625,0.3935546875,-0.1005859375,-0.8447265625
1058.074651,info,IMU,3342.4171,-0.56640625,0.04296875,14.69140625,-0.30859375,-0.078125,-0.041015625,0.392578125,-0.0947265625,-0.845703125
1058.094825,info,IMU,3342.4371,-0.07421875,-0.0390625,13.55859375,-0.296875,-0.05859375,-0.0234375,0.3916015625,-0.0869140625,-0.84765625
1058.114438,info,IMU,3342.4571,-0.3046875,-0.06640625,14.234375,-0.25,-0.12890625,-0.013671875,0.390625,-0.0810546875,-0.849609375
1058.134646,info,IMU,3342.4771,-0.5234375,0.1953125,12.72265625,-0.275390625,-0.06640625,-0.0234375,0.390625,-0.076171875,-0.84765625
1058.154874,info,IMU,3342.4971,-0.38671875,-0.3359375,11.6953125,-0.337890625,-0.048828125,-0.025390625,0.3896484375,-0.0673828125,-0.8505859375
1058.174476,info,IMU,3342.5171,-0.23828125,-0.60546875,13.921875,-0.3671875,-0,-0.015625,0.390625,-0.0625,-0.8505859375
1058.194711,info,IMU,3342.5371,-0.359375,-0.33203125,14.28515625,-0.3359375,0.05078125,-0.015625,0.388671875,-0.0556640625,-0.8505859375
1058.214929,info,IMU,3342.5571,-0.87109375,0.0390625,13.4375,-0.296875,-0.00390625,-0.01953125,0.3876953125,-0.0478515625,-0.8505859375
1058.234515,info,IMU,3342.5771,-0.6484375,0.06640625,13.6015625,-0.330078125,0.044921875,-0.025390625,0.3896484375,-0.04296875,-0.8486328125
1058.254755,info,IMU,3342.5971,-0.09765625,0.1015625,13.80078125,-0.287109375,0.087890625,-0.017578125,0.392578125,-0.03515625,-0.8486328125
1058.274359,info,IMU,3342.6171,-0.33984375,-0.22265625,11.91015625,-0.201171875,0.14453125,-0.0078125,0.396484375,-0.0283203125,-0.8505859375
1058.294594,info,IMU,3342.6371,-0.58203125,0.16015625,12.16015625,-0.33984375,0.203125,-0.01171875,0.3984375,-0.0244140625,-0.845703125
1058.314806,info,IMU,3342.6571,-0.3125,-0.28125,12.703125,-0.40625,0.279296875,-0.01953125,0.4033203125,-0.0166015625,-0.8447265625
1058.334404,info,IMU,3342.6771,-0.05859375,-0.05078125,13.50390625,-0.333984375,0.259765625,-0.017578125,0.4072265625,-0.009765625,-0.845703125
1058.354646,info,IMU,3342.6971000000003,-0.16796875,0.2265625,13.3046875,-0.357421875,0.318359375,-0,0.4130859375,-0.0048828125,-0.845703125
1058.375673,info,IMU,3342.7171000000003,-0.30859375,0.015625,12.078125,-0.275390625,0.271484375,0.00390625,0.419921875,0.0009765625,-0.8427734375
1058.394470,info,IMU,3342.7371000000003,-0.18359375,0.25390625,12.78125,-0.279296875,0.216796875,-0.001953125,0.423828125,0.0068359375,-0.83984375
1058.414710,info,IMU,3342.7571000000003,-0.5625,-0.56640625,13.859375,-0.248046875,0.26953125,0.005859375,0.427734375,0.01171875,-0.837890625
1058.434918,info,IMU,3342.7771000000002,-0.19140625,0.3828125,11.84765625,-0.154296875,0.236328125,0.005859375,0.4345703125,0.0166015625,-0.8369140625
1058.454502,info,IMU,3342.7971000000002,-0.421875,0.34375,13.2109375,-0.232421875,0.265625,0.009765625,0.4404296875,0.021484375,-0.8330078125
1058.474744,info,IMU,3342.8171,-0.140625,-0.3671875,11.3125,-0.150390625,0.3125,0.0078125,0.4482421875,0.0244140625,-0.8310546875
1058.494357,info,IMU,3342.8371,-0.3671875,0.65234375,12.79296875,-0.13671875,0.310546875,0.00390625,0.45703125,0.029296875,-0.828125
1058.514591,info,IMU,3342.8571,-0.91796875,0.0234375,10.1015625,-0.126953125,0.310546875,0.01171875,0.46484375,0.03515625,-0.826171875
1058.534788,info,IMU,3342.8771,-1.1953125,0.0234375,9.9765625,-0.169921875,0.318359375,0.01171875,0.4697265625,0.037109375,-0.8232421875
1058.554453,info,IMU,3342.8971,-1.09375,-0.0625,9.86328125,-0.138671875,0.3828125,0.017578125,0.4736328125,0.041015625,-0.8212890625
1058.574643,info,IMU,3342.9171,-0.6640625,0.03125,9.9296875,-0.158203125,0.3125,0.0234375,0.48046875,0.04296875,-0.8193359375
1058.594868,info,IMU,3342.9371,-0.34375,0.22265625,9.89453125,-0.1484375,0.318359375,0.03125,0.4873046875,0.0439453125,-0.8154296875
1058.614469,info,IMU,3342.9571,-0.83984375,-0.41015625,9.37890625,-0.115234375,0.255859375,0.03125,0.4921875,0.044921875,-0.8115234375
1058.634721,info,IMU,3342.9771,-0.58984375,-0.77734375,10.73046875,-0.107421875,0.275390625,0.03515625,0.49609375,0.046875,-0.8134765625
1058.654905,info,IMU,3342.9971,-0.4453125,-0.09375,10.625,0.0234375,0.19140625,0.044921875,0.501953125,0.0478515625,-0.8076171875
1058.674501,info,IMU,3343.0171,-0.82421875,-0.578125,9.5390625,-0.03515625,0.169921875,0.056640625,0.505859375,0.0498046875,-0.8037109375
1058.694760,info,IMU,3343.0371,-0.8203125,-0.109375,8.58203125,0.091796875,0.16015625,0.0625,0.509765625,0.0478515625,-0.8037109375
1058.714372,info,IMU,3343.0571,-0.55078125,-0.33984375,10.3046875,0.009765625,0.21875,0.056640625,0.515625,0.0478515625,-0.802734375
1058.734583,info,IMU,3343.0771,-0.48046875,-0.24609375,8.6328125,0.11328125,0.177734375,0.0625,0.5205078125,0.044921875,-0.80078125
1058.754794,info,IMU,3343.0971,-1.1796875,-0.359375,9.75390625,0.03125,0.177734375,0.068359375,0.5205078125,0.044921875,-0.80078125
1058.774386,info,IMU,3343.1171,-1.109375,-0.21484375,8.97265625,0.1171875,0.17578125,0.06640625,0.525390625,0.04296875,-0.7978515625
1058.794628,info,IMU,3343.1371,-0.9765625,-0.27734375,11.16796875,0.0625,0.201171875,0.0703125,0.52734375,0.0419921875,-0.798828125
1058.814861,info,IMU,3343.1571,-0.9375,-0.33203125,7.33984375,0.193359375,0.083984375,0.08984375,0.5283203125,0.0361328125,-0.7958984375
1058.834450,info,IMU,3343.1771,-0.86328125,0.390625,10.6328125,0.1015625,0.140625,0.095703125,0.52734375,0.033203125,-0.796875
1058.854677,info,IMU,3343.1971000000003,-0.890625,-0.08984375,7.54296875,0.119140625,0.107421875,0.083984375,0.533203125,0.03125,-0.7958984375
1058.874902,info,IMU,3343.2171000000003,-0.90625,-0.15625,9.4765625,0.26953125,0.00390625,0.083984375,0.53515625,0.0263671875,-0.794921875
1058.894528,info,IMU,3343.2371000000003,-0.8671875,-0.22265625,7.71875,0.150390625,0.08984375,0.103515625,0.53515625,0.025390625,-0.7958984375
1058.914757,info,IMU,3343.2571000000003,-1,0.15625,7.85546875,0.283203125,-0.04296875,0.109375,0.53515625,0.0166015625,-0.7939453125
1058.934342,info,IMU,3343.2771000000002,-1.08984375,-0.5859375,6.92578125,0.181640625,0.013671875,0.115234375,0.5341796875,0.0107421875,-0.791015625
1058.954576,info,IMU,3343.2971000000002,-0.25390625,0.265625,7.57421875,0.32421875,-0.03125,0.11328125,0.5380859375,0.0068359375,-0.796875
1058.974816,info,IMU,3343.3171,-0.74609375,-0.15234375,7.33203125,0.20703125,-0.064453125,0.125,0.5341796875,0.0009765625,-0.796875
1058.994394,info,IMU,3343.3371,-0.81640625,-0.203125,6.671875,0.345703125,-0.091796875,0.111328125,0.53515625,-0.0029296875,-0.796875
1059.014668,info,IMU,3343.3571,-1.28125,-0.05078125,7.08984375,0.205078125,-0.076171875,0.12109375,0.5322265625,-0.0107421875,-0.7939453125
1059.034862,info,IMU,3343.3771,-0.87109375,-0.47265625,6.33203125,0.36328125,-0.056640625,0.134765625,0.5322265625,-0.0185546875,-0.7939453125
1059.054453,info,IMU,3343.3971,-1.0546875,-0.09765625,7.09765625,0.26953125,-0.12109375,0.14453125,0.5302734375,-0.025390625,-0.798828125
1059.074695,info,IMU,3343.4171,-0.78125,-0.15625,5.0859375,0.369140625,-0.146484375,0.140625,0.529296875,-0.03125,-0.7978515625
1059.094925,info,IMU,3343.4371,-0.89453125,0.08203125,8.609375,0.306640625,-0.029296875,0.134765625,0.5302734375,-0.0400390625,-0.7978515625
1059.114494,info,IMU,3343.4571,-0.80078125,0.1484375,5.42578125,0.40234375,-0.103515625,0.130859375,0.5244140625,-0.052734375,-0.8017578125
1059.134724,info,IMU,3343.4771,-1.24609375,-0.28125,9.19140625,0.373046875,-0.07421875,0.13671875,0.5244140625,-0.056640625,-0.80078125
1059.154334,info,IMU,3343.4971,-1.00390625,-0.15625,5.5625,0.40625,-0.087890625,0.140625,0.5244140625,-0.0654296875,-0.798828125
1059.174547,info,IMU,3343.5171,-0.765625,0.41015625,9.46484375,0.421875,-0.05859375,0.134765625,0.5205078125,-0.0771484375,-0.80078125
1059.194771,info,IMU,3343.5371,-0.4609375,0.16796875,7.48046875,0.373046875,-0.07421875,0.138671875,0.51953125,-0.0830078125,-0.8017578125
1059.214381,info,IMU,3343.5571,-0.58984375,0.453125,10.12890625,0.375,-0.0859375,0.138671875,0.517578125,-0.091796875,-0.8017578125
1059.234621,info,IMU,3343.5771,-0.66796875,0.65625,7.859375,0.37890625,-0.1484375,0.126953125,0.5185546875,-0.1005859375,-0.80078125
1059.254846,info,IMU,3343.5971,-1.1875,0.20703125,9.15625,0.353515625,-0.052734375,0.123046875,0.513671875,-0.1064453125,-0.80078125
1059.274426,info,IMU,3343.6171,-0.8515625,0.4140625,7.81640625,0.330078125,-0.056640625,0.12109375,0.5146484375,-0.1171875,-0.7998046875
1059.294676,info,IMU,3343.6371,-1.21484375,0.3984375,9.66796875,0.322265625,-0.099609375,0.12890625,0.5126953125,-0.123046875,-0.8017578125
1059.314889,info,IMU,3343.6571,-1.21875,0.34375,9.4921875,0.326171875,-0.052734375,0.1171875,0.51171875,-0.12890625,-0.7998046875
1059.334511,info,IMU,3343.6771,-1.125,0.9765625,9.4140625,0.341796875,-0.091796875,0.099609375,0.5126953125,-0.13671875,-0.802734375
1059.354706,info,IMU,3343.6971000000003,-1.2109375,0.6171875,8.8125,0.267578125,-0.12890625,0.099609375,0.5087890625,-0.1455078125,-0.7978515625
1059.374340,info,IMU,3343.7171000000003,-1.359375,0.25,8.48046875,0.1875,-0.103515625,0.103515625,0.509765625,-0.150390625,-0.80078125
1059.394548,info,IMU,3343.7371000000003,-1.6484375,0.54296875,9.87109375,0.271484375,-0.130859375,0.0859375,0.505859375,-0.154296875,-0.7998046875
1059.414796,info,IMU,3343.7571000000003,-1.875,-0.1796875,8.88671875,0.1640625,-0.083984375,0.083984375,0.50390625,-0.16015625,-0.80078125
1059.434357,info,IMU,3343.7771000000002,-0.984375,0.671875,9.09375,0.2109375,-0.09375,0.080078125,0.5078125,-0.1669921875,-0.798828125
1059.454599,info,IMU,3343.7971000000002,-1.3515625,0.3046875,8.72265625,0.14453125,-0.107421875,0.083984375,0.501953125,-0.171875,-0.798828125
1059.474823,info,IMU,3343.8171,-1.70703125,0.359375,8.875,0.189453125,-0.072265625,0.068359375,0.4990234375,-0.169921875,-0.7978515625
1059.494417,info,IMU,3343.8371,-1.47265625,0.75390625,9.3671875,0.111328125,-0.025390625,0.056640625,0.5,-0.1787109375,-0.798828125
1059.514658,info,IMU,3343.8571,-1.26171875,0.6484375,9.203125,0.1171875,-0.095703125,0.056640625,0.5,-0.1806640625,-0.80078125
1059.534897,info,IMU,3343.8771,-1.8828125,-0,8.74609375,0.078125,-0.09765625,0.064453125,0.4970703125,-0.18359375,-0.80078125
1059.554491,info,IMU,3343.8971,-1.32421875,0.53515625,9.6796875,0.04296875,-0.02734375,0.046875,0.49609375,-0.18359375,-0.7978515625
1059.574701,info,IMU,3343.9171,-1.1953125,0.47265625,9.109375,0.015625,-0.05078125,0.048828125,0.4931640625,-0.1826171875,-0.80078125
1059.594381,info,IMU,3343.9371,-1.28515625,0.08984375,10.19140625,0.0390625,-0.021484375,0.0546875,0.4931640625,-0.1875,-0.798828125
1059.614766,info,IMU,3343.9571,-1.25,0.35546875,10.14453125,0.06640625,0.00390625,0.041015625,0.4921875,-0.19140625,-0.802734375
1059.634767,info,IMU,3343.9771,-1.37890625,0.26953125,9.86328125,-0.05078125,-0.06640625,0.04296875,0.4912109375,-0.189453125,-0.7978515625
1059.654364,info,IMU,3343.9971,-0.88671875,0.015625,11.09375,-0.060546875,-0.060546875,0.033203125,0.490234375,-0.1884765625,-0.8017578125
1059.674592,info,IMU,3344.0171,-0.6875,0.1640625,10.1328125,-0.09375,-0.04296875,0.041015625,0.48828125,-0.1865234375,-0.8017578125
1059.694813,info,IMU,3344.0371,-1.28125,0.01171875,12.02734375,-0.037109375,-0.064453125,0.03125,0.48828125,-0.1875,-0.8037109375
1059.716256,info,IMU,3344.0571,-1.41796875,0.08984375,8.8984375,-0.109375,-0.05859375,0.021484375,0.48828125,-0.1875,-0.8046875
1059.734644,info,IMU,3344.0771,-1.1796875,0.0234375,11.9296875,-0.115234375,0.01953125,0.0234375,0.4833984375,-0.1865234375,-0.8046875
1059.754894,info,IMU,3344.0971,-1.0625,-0.21875,10.45703125,-0.12890625,0.01171875,0.029296875,0.4853515625,-0.18359375,-0.8056640625
1059.774460,info,IMU,3344.1171,-0.984375,0.70703125,12.8828125,-0.08984375,-0.14453125,0.017578125,0.478515625,-0.1826171875,-0.8046875
1059.794707,info,IMU,3344.1371,-1.2578125,-0.37890625,11.27734375,-0.12890625,-0.115234375,0.01171875,0.48046875,-0.181640625,-0.8076171875
1059.814433,info,IMU,3344.1571,-1.1640625,-0.1953125,11.640625,-0.056640625,-0.177734375,0.0078125,0.4775390625,-0.1787109375,-0.8095703125
1059.834518,info,IMU,3344.1771,-1.21875,0.00390625,11.01171875,-0.099609375,-0.09765625,0.01171875,0.474609375,-0.1748046875,-0.80859375
1059.854739,info,IMU,3344.1971000000003,-1.5859375,-0.33203125,10.15234375,-0.0703125,-0.1484375,-0,0.4755859375,-0.171875,-0.810546875
1059.874359,info,IMU,3344.2171000000003,-1.30078125,-0.34375,11.6328125,-0.19921875,-0.06640625,-0,0.47265625,-0.169921875,-0.8125
1059.894584,info,IMU,3344.2371000000003,-0.80859375,-0.70703125,10.5546875,-0.109375,-0.03515625,-0,0.4697265625,-0.1689453125,-0.8115234375
1059.914803,info,IMU,3344.2571000000003,-0.67578125,-0.671875,12.12109375,-0.150390625,0.005859375,0.005859375,0.466796875,-0.1640625,-0.8134765625
1059.934399,info,IMU,3344.2771000000002,-0.18359375,-0.375,10.2890625,-0.1640625,-0.056640625,0.001953125,0.46484375,-0.1650390625,-0.8134765625
1059.954644,info,IMU,3344.2971000000002,-0.26953125,-0.5703125,11.58984375,-0.134765625,-0.130859375,0.0078125,0.46484375,-0.1591796875,-0.814453125
1059.974881,info,IMU,3344.3171,-0.30859375,-1.05859375,11.0234375,-0.13671875,-0.076171875,0.01953125,0.4638671875,-0.1572265625,-0.81640625
1059.994585,info,IMU,3344.3371,-0.3125,-0.640625,11.5078125,-0.11328125,-0.13671875,0.029296875,0.4619140625,-0.1533203125,-0.8173828125
1060.014692,info,IMU,3344.3571,-0.05078125,-1.171875,11.703125,-0.12109375,-0.107421875,0.037109375,0.4609375,-0.15234375,-0.8193359375
1060.034305,info,IMU,3344.3771,0.39453125,-1.09765625,10.58984375,-0.0859375,-0.091796875,0.04296875,0.4580078125,-0.1533203125,-0.8203125
1060.054505,info,IMU,3344.3971,-0.16796875,-1.34765625,10.9921875,-0.08203125,-0.142578125,0.056640625,0.455078125,-0.150390625,-0.8212890625
1060.074726,info,IMU,3344.4171,-0.29296875,-1.21484375,10.3828125,-0.083984375,-0.0625,0.06640625,0.455078125,-0.1474609375,-0.8193359375
1060.094353,info,IMU,3344.4371,-0.17578125,-0.79296875,10.21484375,-0.09765625,-0,0.078125,0.45703125,-0.1474609375,-0.8212890625
1060.114593,info,IMU,3344.4571,-0.08984375,-0.66015625,10.203125,-0,0.01953125,0.09375,0.4521484375,-0.1455078125,-0.8212890625
1060.134781,info,IMU,3344.4771,-0.08203125,-0.55078125,10.20703125,-0.134765625,0.029296875,0.1015625,0.455078125,-0.1435546875,-0.8203125
1060.154418,info,IMU,3344.4971,-0.17578125,-1.296875,9.828125,-0.048828125,-0.01953125,0.1015625,0.4541015625,-0.14453125,-0.8193359375
1060.174631,info,IMU,3344.5171,-0.2265625,-1.421875,10.2890625,-0.142578125,0.041015625,0.119140625,0.4541015625,-0.140625,-0.8212890625
1060.194877,info,IMU,3344.5371,-0.08203125,-1.05859375,10.19921875,-0.08203125,0.10546875,0.138671875,0.4541015625,-0.1416015625,-0.8212890625
1060.214449,info,IMU,3344.5571,-0.28515625,-1.234375,11.12109375,-0.091796875,0.13671875,0.150390625,0.455078125,-0.1435546875,-0.822265625
1060.234670,info,IMU,3344.5771,0.22265625,-0.6640625,10.3984375,-0.01171875,0.060546875,0.158203125,0.4541015625,-0.1455078125,-0.8193359375
1060.254301,info,IMU,3344.5971,-0.09375,-0.51953125,11.2265625,-0.029296875,0.03125,0.17578125,0.4560546875,-0.1435546875,-0.822265625
1060.274591,info,IMU,3344.6171,-0.3046875,-1.5625,9.1328125,0.041015625,-0.005859375,0.177734375,0.4580078125,-0.1435546875,-0.822265625
1060.294831,info,IMU,3344.6371,0.03125,-0.93359375,10.27734375,-0.029296875,0.046875,0.1875,0.4580078125,-0.1455078125,-0.818359375
1060.314703,info,IMU,3344.6571,0.125,-1.03515625,10.0703125,-0.03125,0.01953125,0.205078125,0.4541015625,-0.1435546875,-0.8203125
1060.334568,info,IMU,3344.6771,0.1328125,-0.96875,10.97265625,-0.041015625,0.06640625,0.212890625,0.4609375,-0.1455078125,-0.8212890625
1060.354839,info,IMU,3344.6971000000003,0.33203125,-0.15234375,10.80859375,0.013671875,0.078125,0.216796875,0.45703125,-0.1513671875,-0.8203125
1060.374384,info,IMU,3344.7171000000003,-0.171875,-0.42578125,9.703125,0.0625,-0.017578125,0.224609375,0.4599609375,-0.1484375,-0.8193359375
1060.394693,info,IMU,3344.7371000000003,-0.2421875,-0.60546875,10.09375,-0.01953125,0.083984375,0.2265625,0.45703125,-0.150390625,-0.8203125
1060.414876,info,IMU,3344.7571000000003,0.1484375,-0.5390625,8.33203125,0.037109375,-0.009765625,0.236328125,0.458984375,-0.15234375,-0.8193359375
1060.434458,info,IMU,3344.7771000000002,-0.41015625,-0.66796875,10.1796875,-0.015625,-0.05859375,0.25390625,0.4580078125,-0.154296875,-0.8173828125
1060.454659,info,IMU,3344.7971000000002,-0.4140625,-0.76171875,7.87109375,-0.068359375,0.080078125,0.2578125,0.4599609375,-0.15625,-0.8173828125
1060.474301,info,IMU,3344.8171,-0.0390625,-0.4453125,10.9375,-0.076171875,0.08984375,0.26171875,0.458984375,-0.1572265625,-0.818359375
1060.494552,info,IMU,3344.8371,0.25390625,-0.0390625,9.48828125,-0.005859375,-0.0234375,0.275390625,0.4619140625,-0.1572265625,-0.818359375
1060.514756,info,IMU,3344.8571,-0.4375,-0.64453125,8.171875,0.009765625,-0,0.283203125,0.4609375,-0.16015625,-0.818359375
1060.534347,info,IMU,3344.8771,-0.5234375,-0.92578125,8.48828125,-0.064453125,0.048828125,0.287109375,0.4609375,-0.162109375,-0.81640625
1060.554571,info,IMU,3344.8971,-0.171875,-0.01953125,10.828125,-0.09375,0.0546875,0.29296875,0.458984375,-0.1611328125,-0.8134765625
1060.574766,info,IMU,3344.9171,-0.0078125,-0.87890625,9.59375,0.0234375,0.05078125,0.3046875,0.4599609375,-0.1650390625,-0.814453125
1060.594362,info,IMU,3344.9371,-0.3203125,-0.80078125,10.42578125,0.04296875,0.03515625,0.310546875,0.462890625,-0.169921875,-0.818359375
1060.614632,info,IMU,3344.9571,-0.26171875,-0.30859375,10.2421875,-0.00390625,0.080078125,0.30859375,0.4609375,-0.169921875,-0.8134765625
1060.634874,info,IMU,3344.9771,-0.34375,-0.46875,9.04296875,0.056640625,-0.005859375,0.302734375,0.4619140625,-0.1728515625,-0.8154296875
1060.654423,info,IMU,3344.9971,-0.3984375,-0.51171875,8.8359375,-0.095703125,0.103515625,0.322265625,0.4599609375,-0.173828125,-0.8154296875
1060.674669,info,IMU,3345.0171,-0.58984375,-0.3046875,6.3984375,0.048828125,0.0390625,0.326171875,0.4619140625,-0.1806640625,-0.814453125
1060.694268,info,IMU,3345.0371,-0.88671875,-0.328125,11.01171875,-0.02734375,0.060546875,0.328125,0.4609375,-0.1796875,-0.8154296875
1060.716811,info,IMU,3345.0571,-0.15625,-0.11328125,6.34375,0.029296875,-0.01171875,0.3359375,0.4580078125,-0.181640625,-0.814453125
1060.734713,info,IMU,3345.0771,-0.73828125,-0.78515625,8.26953125,0.08984375,-0.0546875,0.345703125,0.45703125,-0.1826171875,-0.8173828125
1060.754326,info,IMU,3345.0971,-0.375,-0.3046875,6.60546875,-0.03125,-0.03125,0.349609375,0.453125,-0.1865234375,-0.8173828125
1060.774551,info,IMU,3345.1171,-0.34765625,0.1953125,8.8984375,0.052734375,-0.1171875,0.35546875,0.455078125,-0.1884765625,-0.8154296875
1060.794763,info,IMU,3345.1371,-0.88671875,-1.109375,7.046875,0.048828125,-0.091796875,0.359375,0.453125,-0.1884765625,-0.8173828125
1060.814368,info,IMU,3345.1571,-0.5078125,-0.44921875,9.5703125,0.021484375,-0.03515625,0.361328125,0.447265625,-0.1923828125,-0.814453125
1060.834608,info,IMU,3345.1771,-0.6796875,-0.4375,7.0859375,0.076171875,-0.18359375,0.369140625,0.447265625,-0.1923828125,-0.8173828125
1060.854837,info,IMU,3345.1971000000003,-0.65625,-0.40234375,9.15234375,-0.041015625,-0.1015625,0.369140625,0.447265625,-0.197265625,-0.81640625
1060.874420,info,IMU,3345.2171000000003,-0.390625,-0.15234375,7.484375,-0.05078125,-0.05859375,0.37109375,0.443359375,-0.1982421875,-0.8173828125
1060.894702,info,IMU,3345.2371000000003,-0.73046875,-0.80859375,10.10546875,0.001953125,-0.0390625,0.375,0.439453125,-0.203125,-0.81640625
1060.914871,info,IMU,3345.2571000000003,-0.3359375,-0.4765625,8.3671875,-0.03515625,0.05859375,0.373046875,0.4384765625,-0.2060546875,-0.8173828125
1060.934479,info,IMU,3345.2771000000002,-0.44921875,-0.1640625,8.734375,0.044921875,-0.0625,0.373046875,0.4345703125,-0.20703125,-0.818359375
1060.954715,info,IMU,3345.2971000000002,-0.3203125,-0.2421875,8.74609375,-0.021484375,-0.005859375,0.3828125,0.4345703125,-0.208984375,-0.8203125
1060.974799,info,IMU,3345.3171,-0.375,-0.0625,6.62109375,-0.033203125,-0.099609375,0.380859375,0.431640625,-0.2138671875,-0.818359375
1060.994539,info,IMU,3345.3371,-1.015625,-0.4765625,9.02734375,0.052734375,-0.103515625,0.38671875,0.431640625,-0.2158203125,-0.8193359375
1061.015252,info,IMU,3345.3571,-0.5,0.1875,6.8828125,0.025390625,-0.1171875,0.37890625,0.4287109375,-0.21875,-0.8212890625
1061.034348,info,IMU,3345.3771,-1.0859375,-0.41796875,7.48828125,0.04296875,-0.091796875,0.384765625,0.423828125,-0.22265625,-0.8212890625
1061.054615,info,IMU,3345.3971,-0.5390625,-0.3828125,8.859375,0.021484375,0.01953125,0.3828125,0.4208984375,-0.2255859375,-0.8212890625
1061.074824,info,IMU,3345.4171,-0.32421875,-0.03515625,9.5,0.060546875,-0.009765625,0.384765625,0.4169921875,-0.224609375,-0.8203125
1061.094423,info,IMU,3345.4371,-0.54296875,-0.58203125,8.87109375,0.10546875,-0.072265625,0.3828125,0.416015625,-0.23046875,-0.8203125
1061.115970,info,IMU,3345.4571,-0.1171875,0.55859375,8.81640625,0.041015625,-0.08203125,0.38671875,0.4130859375,-0.2353515625,-0.8193359375
1061.134897,info,IMU,3345.4771,-0.9453125,-0.41015625,8.53515625,0.068359375,-0.064453125,0.375,0.4130859375,-0.23828125,-0.82421875
1061.154465,info,IMU,3345.4971,-1.13671875,-0.34375,8.6484375,0.103515625,-0.05859375,0.373046875,0.41015625,-0.244140625,-0.822265625
1061.174707,info,IMU,3345.5171,-0.84765625,-0.078125,8.76953125,-0.005859375,0.00390625,0.37890625,0.408203125,-0.24609375,-0.818359375
1061.194325,info,IMU,3345.5371,-0.7265625,-0.609375,8.97265625,0.05859375,0.01171875,0.376953125,0.40625,-0.24609375,-0.822265625
1061.216209,info,IMU,3345.5571,-0.66796875,0.015625,9.71484375,0.029296875,-0.00390625,0.373046875,0.4033203125,-0.251953125,-0.8193359375
1061.234760,info,IMU,3345.5771,-0.875,0.05078125,8.96875,0.046875,0.009765625,0.361328125,0.400390625,-0.2568359375,-0.8203125
1061.254372,info,IMU,3345.5971,-0.78125,-0.375,10.32421875,0.091796875,-0.00390625,0.353515625,0.3994140625,-0.2607421875,-0.8173828125
1061.274587,info,IMU,3345.6171,-0.65625,0.19921875,9.046875,0.0703125,-0.013671875,0.349609375,0.396484375,-0.2646484375,-0.8173828125
1061.294821,info,IMU,3345.6371,-1.40625,-0.77734375,8.546875,0.154296875,-0.029296875,0.353515625,0.3984375,-0.2666015625,-0.8173828125
1061.316954,info,IMU,3345.6571,-1.05078125,0.47265625,9.97265625,0.0390625,-0.041015625,0.341796875,0.39453125,-0.2724609375,-0.8154296875
1061.334688,info,IMU,3345.6771,-1,0.0390625,8.796875,0.033203125,-0.015625,0.341796875,0.3955078125,-0.271484375,-0.8173828125
1061.354857,info,IMU,3345.6971000000003,-1.203125,-0.4375,10.1875,0.126953125,-0.0546875,0.328125,0.3896484375,-0.2802734375,-0.8154296875
1061.374458,info,IMU,3345.7171000000003,-1.21484375,0.27734375,8.78125,0.0234375,-0.0546875,0.322265625,0.3896484375,-0.2802734375,-0.81640625
1061.394729,info,IMU,3345.7371000000003,-1.28515625,-0.59375,9.125,0.0546875,-0.0390625,0.31640625,0.3876953125,-0.2841796875,-0.8154296875
1061.417065,info,IMU,3345.7571000000003,-1.50390625,-0.65234375,10.046875,0.041015625,0.037109375,0.314453125,0.3837890625,-0.28515625,-0.81640625
1061.434534,info,IMU,3345.7771000000002,-0.91015625,-0.25,10.37890625,-0.017578125,0.01171875,0.31640625,0.3857421875,-0.2890625,-0.818359375
1061.454788,info,IMU,3345.7971000000002,-1.09765625,-0.62890625,10.390625,0.05859375,-0.021484375,0.3046875,0.3828125,-0.291015625,-0.8154296875
1061.474343,info,IMU,3345.8171,-0.5546875,-0.50390625,11.41796875,-0.0625,-0.04296875,0.294921875,0.3798828125,-0.2939453125,-0.81640625
1061.494579,info,IMU,3345.8371,-1.28515625,-1.01953125,10.6640625,0.025390625,-0,0.28125,0.376953125,-0.29296875,-0.818359375
1061.518094,info,IMU,3345.8571,-1.59375,-1.25,10.4296875,-0.04296875,-0.015625,0.28515625,0.375,-0.296875,-0.8134765625
1061.534423,info,IMU,3345.8771,-1.0234375,-0.64453125,9.10546875,-0.06640625,-0.07421875,0.279296875,0.37109375,-0.294921875,-0.81640625
1061.554626,info,IMU,3345.8971,-0.76171875,-1.015625,12.640625,-0.10546875,-0.06640625,0.275390625,0.369140625,-0.2958984375,-0.8193359375
1061.574849,info,IMU,3345.9171,-1.16015625,-1.578125,8.984375,-0.083984375,-0.076171875,0.267578125,0.3701171875,-0.296875,-0.818359375
1061.594442,info,IMU,3345.9371,-0.94921875,-0.671875,10.2421875,-0.078125,-0.0625,0.263671875,0.3642578125,-0.2958984375,-0.8203125
1061.614703,info,IMU,3345.9571,-0.9609375,-1.14453125,10.91015625,-0.119140625,-0.041015625,0.2578125,0.3642578125,-0.296875,-0.8193359375
1061.634289,info,IMU,3345.9771,-0.4765625,-1.16796875,11.375,-0.13671875,-0.1171875,0.25,0.361328125,-0.296875,-0.8203125
1061.654507,info,IMU,3345.9971,-0.859375,-1.24609375,11.2421875,-0.1796875,-0.04296875,0.251953125,0.3583984375,-0.296875,-0.822265625
1061.674722,info,IMU,3346.0171,-0.90625,-1.3046875,10.6328125,-0.1015625,-0.1015625,0.25,0.35546875,-0.29296875,-0.8232421875
1061.694333,info,IMU,3346.0371,-0.546875,-0.6171875,12.1640625,-0.232421875,-0.064453125,0.255859375,0.3525390625,-0.2880859375,-0.8271484375
1061.714578,info,IMU,3346.0571,-0.74609375,-0.71484375,9.5078125,-0.18359375,-0.033203125,0.248046875,0.349609375,-0.2880859375,-0.826171875
1061.734858,info,IMU,3346.0771,-0.48828125,-0.625,12.4140625,-0.158203125,-0.068359375,0.2421875,0.349609375,-0.2861328125,-0.8291015625
1061.754411,info,IMU,3346.0971,-0.2578125,-1.0546875,9.19921875,-0.279296875,-0.064453125,0.24609375,0.345703125,-0.2802734375,-0.8291015625
1061.774615,info,IMU,3346.1171,-0.62890625,-1.0859375,12.5078125,-0.244140625,-0.107421875,0.244140625,0.3427734375,-0.2783203125,-0.8310546875
1061.794845,info,IMU,3346.1371,-0.6015625,-1.05078125,10.6171875,-0.30859375,-0.158203125,0.240234375,0.33984375,-0.275390625,-0.83203125
1061.814446,info,IMU,3346.1571,-0.6953125,-0.92578125,11.8046875,-0.2109375,-0.17578125,0.24609375,0.333984375,-0.271484375,-0.833984375
1061.834712,info,IMU,3346.1771,-0.109375,-1.16015625,9.48828125,-0.212890625,-0.138671875,0.251953125,0.333984375,-0.265625,-0.8369140625
1061.854282,info,IMU,3346.1971000000003,-0.12109375,-0.37890625,11.50390625,-0.291015625,-0.171875,0.251953125,0.3291015625,-0.263671875,-0.8359375
1061.874474,info,IMU,3346.2171000000003,-0.54296875,-1.1328125,10.0703125,-0.3203125,-0.15625,0.248046875,0.326171875,-0.259765625,-0.8388671875
1061.894725,info,IMU,3346.2371000000003,-0.6640625,-1.03515625,11.17578125,-0.25390625,-0.13671875,0.2421875,0.32421875,-0.25390625,-0.8427734375
1061.914685,info,IMU,3346.2571000000003,-0.79296875,-0.7109375,10.83984375,-0.326171875,-0.11328125,0.25,0.3193359375,-0.24609375,-0.8466796875
1061.934562,info,IMU,3346.2771000000002,-0.51171875,-1.37109375,10.83203125,-0.298828125,-0.0859375,0.26171875,0.3203125,-0.2451171875,-0.8466796875
1061.954805,info,IMU,3346.2971000000002,0.0546875,-0.5,11.8359375,-0.310546875,-0.056640625,0.263671875,0.314453125,-0.2392578125,-0.8466796875
1061.977178,info,IMU,3346.3171,0.0625,-1.00390625,10.5234375,-0.3046875,0.015625,0.26171875,0.310546875,-0.236328125,-0.8486328125
1061.994653,info,IMU,3346.3371,0.18359375,-0.9296875,11.05078125,-0.2578125,-0.068359375,0.25,0.30859375,-0.2294921875,-0.849609375
1062.014837,info,IMU,3346.3571,-0.00390625,-1.27734375,11.828125,-0.34375,0.01953125,0.2578125,0.3076171875,-0.2265625,-0.849609375
1062.034460,info,IMU,3346.3771,0.37890625,-0.9921875,10.7734375,-0.169921875,-0.11328125,0.25390625,0.306640625,-0.2177734375,-0.8515625
1062.054664,info,IMU,3346.3971,-0.55078125,-1.453125,10.44921875,-0.265625,-0.134765625,0.275390625,0.3076171875,-0.2197265625,-0.853515625
1062.074270,info,IMU,3346.4171,-0.09375,-0.77734375,9.484375,-0.154296875,0.01171875,0.265625,0.3037109375,-0.2119140625,-0.8544921875
1062.094510,info,IMU,3346.4371,-0.296875,-0.9609375,11.2890625,-0.267578125,0.103515625,0.26953125,0.3056640625,-0.2099609375,-0.857421875
1062.114751,info,IMU,3346.4571,-0.05859375,-1.80859375,10.203125,-0.07421875,0.12109375,0.26171875,0.3046875,-0.2060546875,-0.8564453125
1062.134722,info,IMU,3346.4771,0.2265625,-1.15625,12.90234375,-0.275390625,0.09765625,0.265625,0.3017578125,-0.2060546875,-0.857421875
1062.154551,info,IMU,3346.4971,-0.046875,-1.82421875,8.95703125,-0.0390625,-0.025390625,0.271484375,0.3037109375,-0.203125,-0.857421875
1062.174762,info,IMU,3346.5171,-0.203125,-1.45703125,11.94140625,-0.291015625,0.12890625,0.27734375,0.302734375,-0.2041015625,-0.85546875
1062.194364,info,IMU,3346.5371,0.04296875,-1.38671875,9.9453125,-0.12109375,0.08984375,0.275390625,0.3056640625,-0.19921875,-0.8544921875
1062.214611,info,IMU,3346.5571,-0.22265625,-1.546875,12.34375,-0.173828125,0.19140625,0.28125,0.3046875,-0.1982421875,-0.85546875
1062.234864,info,IMU,3346.5771,0.16015625,-0.72265625,8.5703125,-0.107421875,0.080078125,0.26953125,0.3046875,-0.197265625,-0.85546875
1062.254428,info,IMU,3346.5971,-0.60546875,-0.96484375,11.27734375,-0.107421875,0.03125,0.283203125,0.3056640625,-0.1953125,-0.8544921875
1062.274646,info,IMU,3346.6171,-0.359375,-1.34765625,7.84765625,-0.072265625,0.087890625,0.28125,0.306640625,-0.193359375,-0.857421875
1062.294333,info,IMU,3346.6371,-0.55078125,-1.28515625,10.44140625,-0.005859375,0.1015625,0.28125,0.3076171875,-0.197265625,-0.85546875
1062.314484,info,IMU,3346.6571,-0.2890625,-1.07421875,9.40625,-0.01171875,0.10546875,0.291015625,0.3115234375,-0.1953125,-0.85546875
1062.334712,info,IMU,3346.6771,-0.76953125,-1.12109375,8.01171875,0.048828125,0.08203125,0.28125,0.310546875,-0.2001953125,-0.8544921875
1062.354314,info,IMU,3346.6971000000003,-1.08984375,-1.37109375,9.5078125,0.048828125,0.138671875,0.27734375,0.3125,-0.2001953125,-0.857421875
1062.374548,info,IMU,3346.7171000000003,-0.796875,-0.87890625,8.25,0.04296875,0.1171875,0.279296875,0.3154296875,-0.203125,-0.8544921875
1062.394756,info,IMU,3346.7371000000003,-0.859375,-1.2734375,8.65625,0.01953125,0.115234375,0.2890625,0.3134765625,-0.2041015625,-0.8544921875
1062.414372,info,IMU,3346.7571000000003,-0.05859375,-0.90234375,9.15625,0.03515625,0.068359375,0.291015625,0.3134765625,-0.205078125,-0.8564453125
1062.434594,info,IMU,3346.7771000000002,-0.171875,-0.7421875,8.32421875,0.0625,0.04296875,0.296875,0.3134765625,-0.2119140625,-0.8515625
1062.454815,info,IMU,3346.7971000000002,-0.515625,-1.37890625,10.17578125,0.103515625,0.068359375,0.28515625,0.314453125,-0.2119140625,-0.8505859375
1062.474436,info,IMU,3346.8171,-0.3046875,-1.03125,8.9140625,0.109375,0.015625,0.291015625,0.3154296875,-0.216796875,-0.853515625
1062.494646,info,IMU,3346.8371,-0.53125,-0.9296875,10.83203125,0.193359375,0.021484375,0.2890625,0.3134765625,-0.2216796875,-0.8486328125
1062.514377,info,IMU,3346.8571,-0.640625,-0.87890625,6.9921875,0.173828125,-0.0859375,0.30078125,0.3134765625,-0.2265625,-0.8466796875
1062.534494,info,IMU,3346.8771,-1.10546875,-0.7265625,11.62109375,0.083984375,0.056640625,0.298828125,0.3125,-0.232421875,-0.8486328125
1062.554685,info,IMU,3346.8971,-0.63671875,-0.87109375,8.546875,0.177734375,0.083984375,0.29296875,0.3154296875,-0.2314453125,-0.8505859375
1062.574313,info,IMU,3346.9171,-0.46875,-0.5703125,12.8671875,0.140625,0.087890625,0.291015625,0.3154296875,-0.2392578125,-0.8486328125
1062.594529,info,IMU,3346.9371,0.07421875,-0.671875,9.92578125,0.1796875,0.046875,0.29296875,0.3115234375,-0.2421875,-0.84765625
1062.614743,info,IMU,3346.9571,-0.6171875,-0.53515625,11.22265625,0.220703125,-0.0390625,0.30078125,0.3095703125,-0.248046875,-0.8486328125
1062.634564,info,IMU,3346.9771,-0.4765625,-0.79296875,8.8203125,0.22265625,-0.064453125,0.30078125,0.30859375,-0.25390625,-0.84765625
1062.655473,info,IMU,3346.9971,-0.9609375,-0.69140625,11.3125,0.162109375,-0.0078125,0.302734375,0.3037109375,-0.2578125,-0.845703125
1062.674827,info,IMU,3347.0171,-0.9453125,-1.125,8.8046875,0.17578125,0.06640625,0.30078125,0.3037109375,-0.26171875,-0.84375
1062.694411,info,IMU,3347.0371,-0.12890625,-0.52734375,11.6015625,0.15234375,0.091796875,0.298828125,0.3037109375,-0.26953125,-0.84375
1062.714645,info,IMU,3347.0571,-0.04296875,-0.046875,9.4140625,0.216796875,-0.05078125,0.310546875,0.3046875,-0.271484375,-0.8447265625
1062.734263,info,IMU,3347.0771,-0.72265625,-0.296875,8.71875,0.19140625,-0.158203125,0.306640625,0.3046875,-0.279296875,-0.841796875
1062.754457,info,IMU,3347.0971,-0.9765625,-0.25390625,9.09375,0.0703125,0.060546875,0.302734375,0.3017578125,-0.2822265625,-0.8388671875
1062.774684,info,IMU,3347.1171,-0.6796875,-0.30859375,10.4296875,0.150390625,0.126953125,0.302734375,0.298828125,-0.2890625,-0.8408203125
1062.794300,info,IMU,3347.1371,-0.2734375,-0.49609375,12.19140625,0.166015625,0.095703125,0.3125,0.2998046875,-0.29296875,-0.837890625
1062.814533,info,IMU,3347.1571,0.1171875,-0.36328125,10.3828125,0.2421875,-0.046875,0.318359375,0.298828125,-0.296875,-0.837890625
1062.834738,info,IMU,3347.1771,-0.484375,-0.234375,10.79296875,0.20703125,-0.048828125,0.322265625,0.296875,-0.2998046875,-0.8369140625
1062.854333,info,IMU,3347.1971000000003,-0.796875,-0.69921875,9.4296875,0.07421875,0.03515625,0.32421875,0.2958984375,-0.3046875,-0.837890625
1062.874577,info,IMU,3347.2171000000003,-0.77734375,-0.9453125,10.6328125,0.056640625,0.005859375,0.32421875,0.29296875,-0.306640625,-0.833984375
1062.894806,info,IMU,3347.2371000000003,-0.57421875,-0.98828125,10.5234375,0.046875,0.060546875,0.34375,0.2900390625,-0.3134765625,-0.8349609375
1062.914420,info,IMU,3347.2571000000003,-0.546875,-0.72265625,10.3359375,0.06640625,-0.0078125,0.353515625,0.2861328125,-0.3154296875,-0.8349609375
1062.934627,info,IMU,3347.2771000000002,-0.5625,-0.20703125,11.1015625,0.013671875,-0.02734375,0.353515625,0.2861328125,-0.3193359375,-0.833984375
1062.954259,info,IMU,3347.2971000000002,-0.21875,-0.578125,10.37109375,-0.009765625,-0.0546875,0.353515625,0.28125,-0.3203125,-0.833984375
1062.974459,info,IMU,3347.3171,-0.21484375,-0.5546875,11.78515625,-0.013671875,-0.0703125,0.365234375,0.2822265625,-0.3232421875,-0.83203125
1062.994690,info,IMU,3347.3371,-0.44140625,-0.62109375,11.09375,-0.05078125,-0.072265625,0.373046875,0.2763671875,-0.3251953125,-0.833984375
1063.014368,info,IMU,3347.3571,-0.40234375,-0.51171875,10.85546875,-0.037109375,-0.091796875,0.37890625,0.271484375,-0.3291015625,-0.833984375
1063.034532,info,IMU,3347.3771,-0.44921875,-0.0703125,10.51953125,-0.046875,-0.150390625,0.376953125,0.267578125,-0.3291015625,-0.8310546875
1063.054770,info,IMU,3347.3971,-0.33984375,-0.5390625,11.28515625,-0.115234375,-0.1015625,0.3828125,0.263671875,-0.3310546875,-0.8349609375
1063.074349,info,IMU,3347.4171,-0.078125,-0.62109375,9.8046875,-0.029296875,-0.20703125,0.38671875,0.2587890625,-0.3310546875,-0.8349609375
1063.094570,info,IMU,3347.4371,-0.83203125,-0.63671875,10.18359375,-0.078125,-0.208984375,0.39453125,0.2509765625,-0.3310546875,-0.8359375
1063.114800,info,IMU,3347.4571,-0.88671875,-0.49609375,8.13671875,-0.033203125,-0.2109375,0.400390625,0.2470703125,-0.3291015625,-0.8388671875
1063.134393,info,IMU,3347.4771,-0.69921875,-0.1796875,9.2734375,-0.09765625,-0.23828125,0.41015625,0.2392578125,-0.330078125,-0.8369140625
1063.154615,info,IMU,3347.4971,-0.7890625,-0.66015625,6.234375,-0.046875,-0.255859375,0.419921875,0.232421875,-0.326171875,-0.83984375
1063.174250,info,IMU,3347.5171,-0.6484375,0.06640625,7.4296875,-0.04296875,-0.275390625,0.419921875,0.2236328125,-0.326171875,-0.841796875
1063.194464,info,IMU,3347.5371,-0.86328125,-0.07421875,7.17578125,-0.09765625,-0.328125,0.423828125,0.2138671875,-0.3251953125,-0.841796875
1063.214687,info,IMU,3347.5571,-0.8828125,-0.390625,8.46875,-0.15625,-0.392578125,0.421875,0.2060546875,-0.3251953125,-0.84375
1063.234459,info,IMU,3347.5771,-0.72265625,0.12109375,8.24609375,-0.154296875,-0.38671875,0.431640625,0.1982421875,-0.3212890625,-0.8447265625
1063.254506,info,IMU,3347.5971,-1.0078125,-0.1796875,9.01171875,-0.16796875,-0.375,0.443359375,0.18359375,-0.3212890625,-0.8466796875
1063.274721,info,IMU,3347.6171,-0.6640625,-0.65625,9.55078125,-0.21484375,-0.400390625,0.447265625,0.1728515625,-0.318359375,-0.8486328125
1063.294336,info,IMU,3347.6371,-0.2421875,-0.33203125,9.7578125,-0.138671875,-0.4296875,0.447265625,0.1650390625,-0.3154296875,-0.8505859375
1063.314550,info,IMU,3347.6571,-0.14453125,-0.1171875,9.953125,-0.16796875,-0.427734375,0.443359375,0.15234375,-0.3115234375,-0.8525390625
1063.334807,info,IMU,3347.6771,-0.04296875,-0.0234375,10.640625,-0.171875,-0.400390625,0.439453125,0.140625,-0.3115234375,-0.8515625
1063.354421,info,IMU,3347.6971000000003,-0.203125,0.10546875,10.10546875,-0.189453125,-0.408203125,0.447265625,0.1318359375,-0.30859375,-0.8544921875
1063.374598,info,IMU,3347.7171000000003,-0.375,-0.5234375,10.03125,-0.177734375,-0.455078125,0.44140625,0.1171875,-0.3046875,-0.8564453125
1063.394235,info,IMU,3347.7371000000003,-0.23828125,-0.5234375,9.94140625,-0.181640625,-0.423828125,0.44140625,0.1103515625,-0.3037109375,-0.857421875
1063.414441,info,IMU,3347.7571000000003,-0.04296875,-0.40234375,9.77734375,-0.12890625,-0.45703125,0.439453125,0.0986328125,-0.2978515625,-0.8564453125
1063.434703,info,IMU,3347.7771000000002,-0.08984375,-0.36328125,10.734375,-0.162109375,-0.388671875,0.43359375,0.087890625,-0.2978515625,-0.857421875
1063.454270,info,IMU,3347.7971000000002,-0.0546875,-0.375,9.1953125,-0.041015625,-0.375,0.421875,0.0791015625,-0.2939453125,-0.859375
1063.474476,info,IMU,3347.8171,0.0546875,-0.203125,11.6640625,-0.025390625,-0.275390625,0.408203125,0.0712890625,-0.29296875,-0.8603515625
1063.494729,info,IMU,3347.8371,0.125,-0.15234375,10.1953125,-0.0234375,-0.255859375,0.404296875,0.0615234375,-0.2919921875,-0.8583984375
1063.514338,info,IMU,3347.8571,-0.54296875,-0.296875,11.26953125,0.00390625,-0.171875,0.396484375,0.0576171875,-0.2900390625,-0.859375
1063.534559,info,IMU,3347.8771,-0.4453125,-0.58984375,9.89453125,-0.005859375,-0.037109375,0.384765625,0.052734375,-0.291015625,-0.8603515625
1063.554813,info,IMU,3347.8971,0.01171875,-0.40625,10.70703125,-0.041015625,-0.017578125,0.388671875,0.0478515625,-0.2900390625,-0.8583984375
1063.574372,info,IMU,3347.9171,-0.2421875,-0.34375,11.05859375,-0.046875,-0.0234375,0.392578125,0.0458984375,-0.2880859375,-0.8603515625
1063.594660,info,IMU,3347.9371,-0.13671875,-0.734375,10.9140625,-0.076171875,0.044921875,0.390625,0.044921875,-0.287109375,-0.861328125
1063.614966,info,IMU,3347.9571,0.171875,-0.64453125,11.10546875,-0.0078125,0.013671875,0.37890625,0.0439453125,-0.291015625,-0.8603515625
1063.634443,info,IMU,3347.9771,0.0859375,-0.65625,10.78515625,-0.05078125,0.11328125,0.3828125,0.04296875,-0.2900390625,-0.8544921875
1063.656577,info,IMU,3347.9971,-0.07421875,-0.453125,10.22265625,0.01171875,0.103515625,0.380859375,0.04296875,-0.2890625,-0.8583984375
1063.674281,info,IMU,3348.0171,-0.328125,-0.25390625,10.70703125,-0.052734375,0.037109375,0.373046875,0.044921875,-0.2880859375,-0.859375
1063.694512,info,IMU,3348.0371,-0.140625,-0.5078125,10.75390625,0.009765625,0.1484375,0.373046875,0.0400390625,-0.2890625,-0.857421875
1063.714727,info,IMU,3348.0571,-0.22265625,-0.390625,10.84375,0.05078125,0.099609375,0.3671875,0.0419921875,-0.2880859375,-0.8583984375
1063.734451,info,IMU,3348.0771,-0.00390625,-0.98828125,10.640625,0.033203125,0.134765625,0.37109375,0.048828125,-0.287109375,-0.859375
1063.756759,info,IMU,3348.0971,-0.41015625,-0.671875,10.68359375,0.05859375,0.1796875,0.375,0.044921875,-0.2890625,-0.8603515625
1063.774751,info,IMU,3348.1171,0.36328125,-1.22265625,10.44140625,0.00390625,0.18359375,0.3671875,0.048828125,-0.2900390625,-0.8603515625
1063.794367,info,IMU,3348.1371,-0.2265625,-1.1328125,12.6328125,0.048828125,0.16796875,0.357421875,0.0498046875,-0.2890625,-0.859375
1063.814624,info,IMU,3348.1571,-0.06640625,-1.2734375,10.87109375,-0.017578125,0.173828125,0.361328125,0.05078125,-0.291015625,-0.8603515625
1063.834885,info,IMU,3348.1771,-0.10546875,-1.5625,12.10546875,0.0078125,0.1953125,0.36328125,0.0517578125,-0.2880859375,-0.857421875
1063.854423,info,IMU,3348.1971000000003,-0.25390625,-1.60546875,12.265625,0.033203125,0.26953125,0.36328125,0.0556640625,-0.2900390625,-0.8583984375
1063.874651,info,IMU,3348.2171000000003,-0.4921875,-1.3359375,10.96484375,0.044921875,0.34765625,0.36328125,0.0595703125,-0.2890625,-0.8583984375
1063.894306,info,IMU,3348.2371000000003,0.08203125,-1.40625,10.8984375,-0.0078125,0.318359375,0.35546875,0.0615234375,-0.2900390625,-0.859375
1063.914459,info,IMU,3348.2571000000003,0.0546875,-0.98046875,12.890625,0.0390625,0.30859375,0.345703125,0.0673828125,-0.291015625,-0.8603515625
1063.934701,info,IMU,3348.2771000000002,-0.9453125,-0.9609375,9.15625,0.005859375,0.330078125,0.345703125,0.0732421875,-0.2890625,-0.8603515625
1063.954330,info,IMU,3348.2971000000002,-0.6953125,-1.66796875,10.51171875,0.01953125,0.419921875,0.337890625,0.078125,-0.2939453125,-0.859375
1063.975003,info,IMU,3348.3171,-0.13671875,-0.86328125,10.9453125,0.02734375,0.341796875,0.337890625,0.0849609375,-0.2880859375,-0.8603515625
1063.994743,info,IMU,3348.3371,-0.484375,-1.734375,9.11328125,0.0234375,0.291015625,0.337890625,0.08984375,-0.2939453125,-0.8603515625
1064.014359,info,IMU,3348.3571,-0.953125,-1.2890625,9.33984375,0.056640625,0.35546875,0.3359375,0.0927734375,-0.2919921875,-0.8583984375
1064.034661,info,IMU,3348.3771,-0.140625,-1.19140625,8.859375,-0.001953125,0.3125,0.33203125,0.0966796875,-0.2919921875,-0.859375
1064.054857,info,IMU,3348.3971,-0.390625,-1.3515625,9.63671875,0.017578125,0.34765625,0.330078125,0.1015625,-0.2958984375,-0.859375
1064.074446,info,IMU,3348.4171,-0.734375,-1.33984375,8.68359375,0.046875,0.341796875,0.328125,0.1103515625,-0.2939453125,-0.8603515625
1064.094685,info,IMU,3348.4371,-0.55078125,-1.13671875,9.57421875,0.025390625,0.291015625,0.32421875,0.1142578125,-0.29296875,-0.859375
1064.114263,info,IMU,3348.4571,-0.09375,-1.48828125,8.70703125,-0.029296875,0.3046875,0.33203125,0.1162109375,-0.294921875,-0.859375
1064.134488,info,IMU,3348.4771,-0.43359375,-1.44921875,8.828125,0.109375,0.302734375,0.3359375,0.1240234375,-0.294921875,-0.859375
1064.154755,info,IMU,3348.4971,-0.41796875,-1.27734375,9.19140625,0.0234375,0.26171875,0.32421875,0.1279296875,-0.2998046875,-0.8603515625
1064.174319,info,IMU,3348.5171,0.02734375,-1.4375,9.2734375,0.021484375,0.333984375,0.330078125,0.1318359375,-0.298828125,-0.8564453125
1064.194537,info,IMU,3348.5371,-0.1328125,-1.3671875,9.28515625,0.099609375,0.248046875,0.328125,0.1396484375,-0.30078125,-0.85546875
1064.214724,info,IMU,3348.5571,-0.3671875,-1.48046875,10.62109375,-0.00390625,0.294921875,0.326171875,0.1416015625,-0.302734375,-0.8544921875
1064.234340,info,IMU,3348.5771,-0.296875,-1.85546875,8.70703125,0.083984375,0.294921875,0.326171875,0.1455078125,-0.30078125,-0.8564453125
1064.254594,info,IMU,3348.5971,-0.71484375,-1.2578125,10.74609375,0.0546875,0.21484375,0.3203125,0.1484375,-0.3037109375,-0.853515625
1064.274794,info,IMU,3348.6171,-0.7421875,-2.12890625,8.19921875,0.076171875,0.314453125,0.326171875,0.154296875,-0.302734375,-0.85546875
1064.294445,info,IMU,3348.6371,-0.7734375,-1.33203125,9.4296875,0.046875,0.189453125,0.3203125,0.1552734375,-0.306640625,-0.8525390625
1064.314627,info,IMU,3348.6571,-0.70703125,-2.11328125,10.01953125,-0.03515625,0.224609375,0.322265625,0.16015625,-0.306640625,-0.8525390625
1064.334264,info,IMU,3348.6771,-0.60546875,-2.0859375,7.56640625,0.044921875,0.1640625,0.318359375,0.1630859375,-0.3056640625,-0.849609375
1064.354437,info,IMU,3348.6971000000003,-1.453125,-1.83984375,8.7265625,0.056640625,0.103515625,0.310546875,0.158203125,-0.3076171875,-0.8544921875
1064.374678,info,IMU,3348.7171000000003,-0.9921875,-1.3046875,10.80859375,-0.0546875,0.158203125,0.310546875,0.1630859375,-0.30859375,-0.853515625
1064.394479,info,IMU,3348.7371000000003,-0.50390625,-1.7890625,7.76171875,-0.01171875,0.109375,0.302734375,0.1630859375,-0.30859375,-0.8515625
1064.414532,info,IMU,3348.7571000000003,-0.71484375,-1.28515625,9.4140625,0.03125,0.169921875,0.302734375,0.1640625,-0.3115234375,-0.8525390625
1064.434746,info,IMU,3348.7771000000002,-0.97265625,-1.29296875,7.2734375,0.0390625,0.068359375,0.29296875,0.1650390625,-0.3115234375,-0.8515625
1064.454374,info,IMU,3348.7971000000002,-1.08203125,-1.28125,11.06640625,-0.033203125,0.046875,0.28515625,0.1640625,-0.3125,-0.8505859375
1064.474579,info,IMU,3348.8171,-0.50390625,-1.07421875,7.62109375,-0.001953125,0.154296875,0.283203125,0.1650390625,-0.3125,-0.849609375
1064.494806,info,IMU,3348.8371,-1.16796875,-0.54296875,8.56640625,0.05859375,-0.044921875,0.2734375,0.1650390625,-0.318359375,-0.84765625
1064.514945,info,IMU,3348.8571,-1.01953125,-1.10546875,8.48828125,-0.04296875,0.1015625,0.2734375,0.162109375,-0.3154296875,-0.8486328125
1064.534655,info,IMU,3348.8771,-0.9609375,-0.6171875,7.453125,-0.013671875,0.009765625,0.2578125,0.1630859375,-0.3173828125,-0.849609375
1064.554239,info,IMU,3348.8971,-0.953125,-1.19140625,8.94921875,-0.029296875,-0.0546875,0.25390625,0.16015625,-0.31640625,-0.8505859375
1064.574430,info,IMU,3348.9171,-1.25,-0.85546875,8.63671875,0.0078125,-0.001953125,0.248046875,0.162109375,-0.3173828125,-0.8486328125
1064.594680,info,IMU,3348.9371,-1.3046875,-1.17578125,8.07421875,-0.033203125,-0.06640625,0.236328125,0.1552734375,-0.314453125,-0.849609375
1064.614309,info,IMU,3348.9571,-0.97265625,-0.76171875,9.34765625,-0.0546875,-0.07421875,0.232421875,0.1552734375,-0.314453125,-0.849609375
1064.634920,info,IMU,3348.9771,-0.90625,-0.92578125,8.82421875,-0.05078125,-0.080078125,0.234375,0.1533203125,-0.314453125,-0.8515625
1064.657734,info,IMU,3348.9971,-1.01953125,-0.66015625,9.25,0.033203125,-0.15625,0.21484375,0.15234375,-0.3134765625,-0.8515625
1064.674334,info,IMU,3349.0171,-0.74609375,-0.3671875,9.75,-0.103515625,-0.119140625,0.2109375,0.150390625,-0.3173828125,-0.8515625
1064.694633,info,IMU,3349.0371,-0.75390625,-0.98828125,8.52734375,-0.013671875,-0.09375,0.205078125,0.14453125,-0.3154296875,-0.8525390625
1064.714797,info,IMU,3349.0571,-1.03125,-0.87890625,10.0859375,-0.072265625,-0.10546875,0.197265625,0.1396484375,-0.3134765625,-0.8525390625
1064.734388,info,IMU,3349.0771,-1.0859375,-0.8203125,8.58203125,-0.095703125,-0.125,0.189453125,0.1376953125,-0.3125,-0.8544921875
1064.754628,info,IMU,3349.0971,-0.7578125,-0.95703125,9.1953125,-0.05859375,-0.107421875,0.189453125,0.130859375,-0.3115234375,-0.853515625
1064.774218,info,IMU,3349.1171,-0.484375,-0.46875,8.71875,-0.083984375,-0.20703125,0.18359375,0.126953125,-0.3134765625,-0.853515625
1064.794541,info,IMU,3349.1371,-0.6640625,-0.46875,8.8515625,-0.0859375,-0.185546875,0.1796875,0.123046875,-0.310546875,-0.85546875
1064.814687,info,IMU,3349.1571,-0.6796875,-0.8359375,8.90625,-0.056640625,-0.212890625,0.16015625,0.119140625,-0.3076171875,-0.8544921875
1064.834268,info,IMU,3349.1771,-0.6328125,-0.6484375,9.09765625,-0.12109375,-0.3359375,0.158203125,0.11328125,-0.3076171875,-0.85546875
1064.854564,info,IMU,3349.1971000000003,-0.625,-1.390625,8.6953125,-0.138671875,-0.287109375,0.16796875,0.1064453125,-0.3046875,-0.85546875
1064.874705,info,IMU,3349.2171000000003,-0.61328125,-1.13671875,9.69921875,-0.06640625,-0.24609375,0.16015625,0.099609375,-0.3037109375,-0.857421875
1064.894315,info,IMU,3349.2371000000003,-0.203125,-0.37890625,9.82421875,-0.115234375,-0.28125,0.154296875,0.0947265625,-0.302734375,-0.857421875
1064.914550,info,IMU,3349.2571000000003,-0.03125,-0.85546875,9.59375,-0.08203125,-0.322265625,0.15234375,0.0859375,-0.3017578125,-0.857421875
1064.934784,info,IMU,3349.2771000000002,-0.69140625,-0.9140625,8.6953125,-0.111328125,-0.384765625,0.146484375,0.0830078125,-0.296875,-0.8583984375
1064.954450,info,IMU,3349.2971000000002,-1.0078125,-0.8046875,7.91015625,-0.072265625,-0.3359375,0.13671875,0.0732421875,-0.296875,-0.859375
1064.974643,info,IMU,3349.3171,-0.94921875,-0.65625,9.1875,-0.154296875,-0.271484375,0.140625,0.06640625,-0.2978515625,-0.8583984375
1064.994193,info,IMU,3349.3371,-0.625,-0.84765625,9.41796875,-0.14453125,-0.259765625,0.15234375,0.0576171875,-0.29296875,-0.859375
1065.014531,info,IMU,3349.3571,-0.01953125,-0.90234375,10.05859375,-0.09765625,-0.30078125,0.15234375,0.05078125,-0.2890625,-0.859375
1065.034692,info,IMU,3349.3771,0.07421875,-0.78125,9.1953125,-0.11328125,-0.330078125,0.15234375,0.04296875,-0.2890625,-0.8603515625
1065.054277,info,IMU,3349.3971,-0.04296875,-0.796875,8.421875,-0.146484375,-0.33203125,0.14453125,0.0361328125,-0.28515625,-0.8583984375
1065.074604,info,IMU,3349.4171,-0.0703125,-0.609375,8.96484375,-0.171875,-0.419921875,0.14453125,0.0302734375,-0.283203125,-0.8603515625
1065.094716,info,IMU,3349.4371,-0.3203125,-0.7265625,8.6328125,-0.103515625,-0.384765625,0.1484375,0.021484375,-0.2802734375,-0.8623046875
1065.114334,info,IMU,3349.4571,-0.625,-0.91015625,9.23828125,-0.09375,-0.361328125,0.146484375,0.015625,-0.27734375,-0.8603515625
1065.134942,info,IMU,3349.4771,-0.15625,-0.83984375,9.75390625,-0.083984375,-0.306640625,0.146484375,0.0078125,-0.2734375,-0.8623046875
1065.154784,info,IMU,3349.4971,0.1015625,-1.19921875,9.7578125,-0.13671875,-0.26953125,0.150390625,-0.0009765625,-0.2744140625,-0.859375
1065.174377,info,IMU,3349.5171,0.1015625,-1.36328125,9.93359375,-0.125,-0.349609375,0.154296875,-0.009765625,-0.26953125,-0.8603515625
1065.194586,info,IMU,3349.5371,-0.01953125,-0.9140625,9.80859375,-0.154296875,-0.43359375,0.150390625,-0.017578125,-0.265625,-0.8583984375
1065.214213,info,IMU,3349.5571,-0.4921875,-1.07421875,9.62109375,-0.173828125,-0.400390625,0.1484375,-0.0263671875,-0.2646484375,-0.859375
1065.235309,info,IMU,3349.5771,-0.453125,-1.4296875,9.08203125,-0.173828125,-0.306640625,0.15625,-0.0322265625,-0.259765625,-0.859375
1065.254652,info,IMU,3349.5971,-0.18359375,-1.140625,10.4375,-0.1328125,-0.2890625,0.158203125,-0.0419921875,-0.2578125,-0.859375
1065.274263,info,IMU,3349.6171,0.46484375,-0.65234375,10.01953125,-0.072265625,-0.34375,0.15625,-0.046875,-0.2548828125,-0.8583984375
1065.294507,info,IMU,3349.6371,0.2421875,-0.8515625,9.49609375,-0.060546875,-0.392578125,0.154296875,-0.0556640625,-0.251953125,-0.859375
1065.314729,info,IMU,3349.6571,0.08203125,-1.15625,7.90625,-0.12890625,-0.333984375,0.154296875,-0.0654296875,-0.248046875,-0.859375
1065.335848,info,IMU,3349.6771,0.08203125,-0.78515625,9.890625,-0.119140625,-0.33984375,0.154296875,-0.0693359375,-0.24609375,-0.857421875
1065.354561,info,IMU,3349.6971000000003,0.2421875,-0.51953125,8.359375,-0.123046875,-0.296875,0.15625,-0.078125,-0.244140625,-0.857421875
1065.375199,info,IMU,3349.7171000000003,0.3359375,-0.9296875,9.34765625,-0.107421875,-0.275390625,0.15234375,-0.0859375,-0.240234375,-0.859375
1065.394526,info,IMU,3349.7371000000003,0.5,-1.0703125,8.51953125,-0.09375,-0.283203125,0.150390625,-0.091796875,-0.2373046875,-0.8583984375
1065.414566,info,IMU,3349.7571000000003,0.3203125,-0.8828125,10.21875,-0.05859375,-0.302734375,0.150390625,-0.0966796875,-0.236328125,-0.85546875
1065.436342,info,IMU,3349.7771000000002,0.1484375,-0.6953125,9.6484375,-0.1171875,-0.259765625,0.146484375,-0.1044921875,-0.2314453125,-0.8544921875
1065.454442,info,IMU,3349.7971000000002,0.1484375,-0.41015625,10.93359375,-0.064453125,-0.216796875,0.14453125,-0.109375,-0.23046875,-0.853515625
1065.474648,info,IMU,3349.8171,0.23046875,-0.6875,9.765625,-0.076171875,-0.232421875,0.14453125,-0.1162109375,-0.224609375,-0.8564453125
1065.494279,info,IMU,3349.8371,-0.2421875,-0.90625,9.83984375,-0.0546875,-0.263671875,0.146484375,-0.12109375,-0.2236328125,-0.8564453125
1065.514453,info,IMU,3349.8571,-0.4609375,-1.296875,8.4453125,-0.083984375,-0.228515625,0.140625,-0.1240234375,-0.22265625,-0.8544921875
1065.536668,info,IMU,3349.8771,-0.48828125,-1.25390625,9.68359375,-0.1015625,-0.138671875,0.140625,-0.126953125,-0.21875,-0.8515625
1065.554295,info,IMU,3349.8971,-0.2109375,-1.38671875,9.60546875,-0.16015625,-0.107421875,0.14453125,-0.134765625,-0.2197265625,-0.8525390625
1065.574524,info,IMU,3349.9171,0.171875,-1.328125,10.67578125,-0.169921875,-0.142578125,0.142578125,-0.1376953125,-0.2138671875,-0.853515625
1065.594749,info,IMU,3349.9371,0.3203125,-1.2265625,10.2421875,-0.193359375,-0.16796875,0.14453125,-0.14453125,-0.2099609375,-0.8525390625
1065.614348,info,IMU,3349.9571,0.421875,-0.7890625,11.53125,-0.119140625,-0.130859375,0.138671875,-0.146484375,-0.2080078125,-0.8505859375
1065.637103,info,IMU,3349.9771,0.17578125,-0.88671875,10.3828125,-0.060546875,-0.1171875,0.13671875,-0.146484375,-0.2080078125,-0.849609375
1065.654186,info,IMU,3349.9971,0.11328125,-0.7890625,10.90625,-0.083984375,-0.109375,0.138671875,-0.15234375,-0.2041015625,-0.8515625
1065.674411,info,IMU,3350.0171,0.30078125,-0.9296875,10.27734375,-0.103515625,-0.0625,0.138671875,-0.154296875,-0.2001953125,-0.849609375
1065.694695,info,IMU,3350.0371,0.15625,-1.31640625,10.84765625,-0.076171875,-0.056640625,0.130859375,-0.1552734375,-0.19921875,-0.8525390625
1065.714257,info,IMU,3350.0571,0.22265625,-1.3046875,11.26953125,-0.109375,-0.013671875,0.123046875,-0.1591796875,-0.2001953125,-0.8505859375
1065.737486,info,IMU,3350.0771,0.18359375,-0.63671875,12.171875,-0.126953125,-0.021484375,0.12109375,-0.16015625,-0.1953125,-0.84765625
1065.754723,info,IMU,3350.0971,0.23828125,-1.14453125,10.80859375,-0.12109375,-0.046875,0.123046875,-0.162109375,-0.1943359375,-0.849609375
1065.774308,info,IMU,3350.1171,0.11328125,-0.76953125,10.8984375,-0.064453125,0.005859375,0.119140625,-0.16015625,-0.189453125,-0.849609375
1065.794567,info,IMU,3350.1371,0.30078125,-0.8515625,9.953125,-0.0546875,0.03125,0.1171875,-0.1640625,-0.19140625,-0.8505859375
1065.814746,info,IMU,3350.1571,-0.07421875,-0.5546875,9.72265625,-0,-0.025390625,0.115234375,-0.1630859375,-0.1884765625,-0.849609375
1065.837874,info,IMU,3350.1771,-0.15625,-1.1796875,9.0703125,-0.126953125,0.001953125,0.11328125,-0.1640625,-0.1884765625,-0.8505859375
1065.854624,info,IMU,3350.1971000000003,-0.203125,-1.2578125,7.66796875,0.00390625,-0.0390625,0.109375,-0.1630859375,-0.18359375,-0.8505859375
1065.874160,info,IMU,3350.2171000000003,-0.34765625,-1.1953125,8.484375,-0.107421875,-0.0234375,0.11328125,-0.1640625,-0.1826171875,-0.849609375
1065.894395,info,IMU,3350.2371000000003,-0.25,-0.828125,6.88671875,-0.041015625,-0.05859375,0.11328125,-0.1630859375,-0.181640625,-0.8515625
1065.914624,info,IMU,3350.2571000000003,0.01171875,-0.52734375,9.95703125,-0.064453125,-0.001953125,0.111328125,-0.1650390625,-0.177734375,-0.8525390625
1065.938256,info,IMU,3350.2771000000002,0.32421875,-0.98046875,6.43359375,0.052734375,-0.03125,0.111328125,-0.1650390625,-0.1787109375,-0.853515625
1065.954457,info,IMU,3350.2971000000002,-0.19140625,-0.7890625,9.48828125,0.00390625,-0.03125,0.10546875,-0.1650390625,-0.1748046875,-0.8525390625
1065.974720,info,IMU,3350.3171,-0.1875,-1.56640625,6.4921875,-0.044921875,-0.017578125,0.10546875,-0.166015625,-0.173828125,-0.8505859375
1065.994323,info,IMU,3350.3371,0.1015625,-0.87109375,11.16796875,-0.005859375,-0.037109375,0.09765625,-0.16796875,-0.1708984375,-0.8525390625
1066.014515,info,IMU,3350.3571,0.14453125,-1.20703125,8.3515625,-0.05859375,-0.1640625,0.09765625,-0.1650390625,-0.171875,-0.8515625
1066.035541,info,IMU,3350.3771,0.16796875,-1.25,11.26171875,0.078125,-0.001953125,0.09765625,-0.1650390625,-0.16796875,-0.853515625
1066.054381,info,IMU,3350.3971,0.32421875,-1.4296875,10.4921875,-0.09765625,0.07421875,0.1015625,-0.1640625,-0.1689453125,-0.8505859375
1066.074573,info,IMU,3350.4171,0.5625,-0.87109375,11.65234375,0.046875,0.005859375,0.095703125,-0.1669921875,-0.1689453125,-0.8505859375
1066.094171,info,IMU,3350.4371,0.20703125,-1.2109375,10.21875,-0.080078125,0.048828125,0.095703125,-0.1650390625,-0.166015625,-0.8544921875
1066.114402,info,IMU,3350.4571,0.00390625,-0.84765625,10.0859375,0.05859375,0.015625,0.09375,-0.1650390625,-0.1650390625,-0.8544921875
1066.134617,info,IMU,3350.4771,-0.4296875,-0.97265625,10.23046875,-0.076171875,0.111328125,0.095703125,-0.16796875,-0.1669921875,-0.8525390625
1066.154228,info,IMU,3350.4971,-0.33984375,-1.3515625,8.83203125,0.126953125,0.056640625,0.087890625,-0.1650390625,-0.162109375,-0.853515625
1066.174428,info,IMU,3350.5171,-0.37890625,-1.16015625,11.02734375,-0.041015625,0.150390625,0.09375,-0.162109375,-0.1650390625,-0.853515625
1066.194687,info,IMU,3350.5371,0.02734375,-1.95703125,6.75,0.048828125,0.08984375,0.095703125,-0.162109375,-0.1640625,-0.8525390625
1066.214294,info,IMU,3350.5571,-0.01953125,-1.26953125,11.62109375,-0.046875,0.08984375,0.09375,-0.16015625,-0.16796875,-0.8564453125
1066.234517,info,IMU,3350.5771,0.078125,-1.68359375,7.52734375,-0.04296875,0.119140625,0.09765625,-0.1572265625,-0.1640625,-0.85546875
1066.254725,info,IMU,3350.5971,-0.0234375,-1.00390625,10.984375,0.14453125,0.01953125,0.08984375,-0.1533203125,-0.1669921875,-0.85546875
1066.274316,info,IMU,3350.6171,-0.10546875,-1.5234375,9.1171875,0.044921875,0.12109375,0.09765625,-0.1552734375,-0.166015625,-0.853515625
1066.294557,info,IMU,3350.6371,-0.05859375,-1.3515625,9.13671875,0.16015625,0.08984375,0.1015625,-0.1513671875,-0.1669921875,-0.8564453125
1066.314199,info,IMU,3350.6571,0.0703125,-1.171875,10.96875,0.09765625,0.107421875,0.095703125,-0.1494140625,-0.166015625,-0.8583984375
1066.334380,info,IMU,3350.6771,0.015625,-1.296875,9.4609375,0.111328125,0.212890625,0.103515625,-0.1474609375,-0.169921875,-0.85546875
1066.354609,info,IMU,3350.6971000000003,-0.2109375,-1.10546875,10.3046875,0.138671875,0.1484375,0.095703125,-0.142578125,-0.171875,-0.857421875
1066.374237,info,IMU,3350.7171000000003,-0.40625,-1.203125,10.55078125,0.099609375,0.216796875,0.08984375,-0.138671875,-0.1748046875,-0.859375
1066.394460,info,IMU,3350.7371000000003,0.01171875,-1.88671875,9.69921875,0.0625,0.232421875,0.095703125,-0.13671875,-0.1767578125,-0.8583984375
1066.414668,info,IMU,3350.7571000000003,0.02734375,-1.43359375,10.8125,0.193359375,0.255859375,0.09765625,-0.134765625,-0.1787109375,-0.8603515625
1066.434284,info,IMU,3350.7771000000002,-0.171875,-1.10546875,9.67578125,0.087890625,0.283203125,0.109375,-0.1279296875,-0.1767578125,-0.859375
1066.454517,info,IMU,3350.7971000000002,-0.26953125,-1.01953125,9.4921875,0.15625,0.1953125,0.095703125,-0.1240234375,-0.18359375,-0.861328125
1066.474705,info,IMU,3350.8171,-0.4765625,-1.26953125,10.79296875,0.0859375,0.2578125,0.091796875,-0.1171875,-0.185546875,-0.8603515625
1066.494471,info,IMU,3350.8371,-0.66796875,-1.84375,8.55859375,0.15234375,0.2578125,0.091796875,-0.1171875,-0.185546875,-0.859375
1066.514571,info,IMU,3350.8571,-0.4375,-1.26171875,12.82421875,0.083984375,0.251953125,0.09375,-0.111328125,-0.1904296875,-0.861328125
1066.534770,info,IMU,3350.8771,-0.04296875,-1.83984375,8.59765625,0.04296875,0.296875,0.1015625,-0.1044921875,-0.1923828125,-0.86328125
1066.554374,info,IMU,3350.8971,0.03125,-1.125,12.81640625,0.203125,0.294921875,0.09375,-0.099609375,-0.1923828125,-0.8642578125
1066.574590,info,IMU,3350.9171,-0.265625,-1.03515625,10.4921875,0.046875,0.34765625,0.095703125,-0.09765625,-0.1962890625,-0.8603515625
1066.594241,info,IMU,3350.9371,-0.48828125,-1.18359375,11.75,0.205078125,0.2265625,0.080078125,-0.0927734375,-0.19921875,-0.86328125
1066.614432,info,IMU,3350.9571,-0.54296875,-1.22265625,12.43359375,0.03515625,0.310546875,0.07421875,-0.0869140625,-0.203125,-0.8642578125
1066.634679,info,IMU,3350.9771,-0.4921875,-1.4140625,11.41015625,0.23046875,0.27734375,0.078125,-0.0810546875,-0.2060546875,-0.86328125
1066.654266,info,IMU,3350.9971,-0.74609375,-1.5078125,12.625,0.080078125,0.287109375,0.080078125,-0.0751953125,-0.208984375,-0.865234375
1066.674493,info,IMU,3351.0171,-0.7109375,-1.18359375,10.08984375,0.185546875,0.26171875,0.076171875,-0.07421875,-0.212890625,-0.86328125
1066.694717,info,IMU,3351.0371,-1.10546875,-1.31640625,11.68359375,0.1171875,0.29296875,0.068359375,-0.0654296875,-0.21484375,-0.865234375
1066.714313,info,IMU,3351.0571,-1.0625,-0.75390625,10.23828125,0.203125,0.240234375,0.052734375,-0.0625,-0.2158203125,-0.8662109375
1066.734542,info,IMU,3351.0771,-1.1796875,-0.8046875,11.703125,0.013671875,0.279296875,0.05859375,-0.060546875,-0.220703125,-0.8662109375
1066.754761,info,IMU,3351.0971,-1.375,-1.484375,8.2734375,0.234375,0.193359375,0.052734375,-0.052734375,-0.2197265625,-0.865234375
1066.774354,info,IMU,3351.1171,-1.09765625,-0.75390625,12.44140625,0.0703125,0.3046875,0.048828125,-0.048828125,-0.224609375,-0.8662109375
1066.794581,info,IMU,3351.1371,-0.61328125,-1.3515625,7.12109375,0.15625,0.26171875,0.048828125,-0.0439453125,-0.2275390625,-0.865234375
1066.814214,info,IMU,3351.1571,-0.98828125,-0.5703125,12.9140625,0.09375,0.185546875,0.03125,-0.041015625,-0.232421875,-0.8642578125
1066.834404,info,IMU,3351.1771,-1.046875,-1.078125,8.01171875,0.052734375,0.22265625,0.0234375,-0.037109375,-0.232421875,-0.865234375
1066.854655,info,IMU,3351.1971000000003,-1.0234375,-0.80078125,12.21484375,0.150390625,0.169921875,0.009765625,-0.03125,-0.232421875,-0.8681640625
1066.874252,info,IMU,3351.2171000000003,-0.90234375,-0.89453125,9.80078125,0.009765625,0.1796875,0.017578125,-0.02734375,-0.2333984375,-0.8662109375
1066.894470,info,IMU,3351.2371000000003,-1.0078125,-0.921875,10.82421875,0.08203125,0.123046875,0.009765625,-0.0205078125,-0.236328125,-0.8671875
1066.914691,info,IMU,3351.2571000000003,-1.11328125,-1.21484375,9.62109375,0.025390625,0.115234375,0.0078125,-0.0205078125,-0.2373046875,-0.865234375
1066.934337,info,IMU,3351.2771000000002,-1.0234375,-1.05078125,10.125,-0.009765625,0.119140625,-0.001953125,-0.0166015625,-0.2392578125,-0.8662109375
1066.954552,info,IMU,3351.2971000000002,-1.0703125,-0.9765625,10.22265625,-0.00390625,0.08203125,-0.009765625,-0.015625,-0.2421875,-0.8642578125
1066.974761,info,IMU,3351.3171,-1.43359375,-0.921875,10.08203125,0.01953125,0.080078125,-0.0234375,-0.0126953125,-0.2451171875,-0.8623046875
1066.994347,info,IMU,3351.3371,-1.78515625,-1.06640625,9.20703125,0.017578125,0.07421875,-0.0234375,-0.01171875,-0.2451171875,-0.865234375
1067.014559,info,IMU,3351.3571,-1.421875,-0.94921875,9.33203125,0.060546875,0.05078125,-0.02734375,-0.009765625,-0.2431640625,-0.8642578125
1067.034210,info,IMU,3351.3771,-1.0390625,-0.50390625,9.7890625,0.00390625,0.046875,-0.033203125,-0.0068359375,-0.244140625,-0.8671875
1067.054397,info,IMU,3351.3971,-1.28515625,-0.83203125,8.7265625,0.001953125,0.009765625,-0.0390625,-0.0048828125,-0.244140625,-0.8662109375
1067.074623,info,IMU,3351.4171,-1.6015625,-0.88671875,9.8671875,0.044921875,0.046875,-0.0546875,-0.00390625,-0.2470703125,-0.8662109375
1067.094261,info,IMU,3351.4371,-1.41796875,-0.83203125,9.5,-0.00390625,0.09375,-0.060546875,-0.0068359375,-0.248046875,-0.865234375
1067.114454,info,IMU,3351.4571,-1.4375,-0.9296875,9.60546875,0.064453125,0.029296875,-0.05859375,-0.0029296875,-0.2470703125,-0.8642578125
1067.134667,info,IMU,3351.4771,-1.2578125,-0.73046875,9.90625,-0.0234375,0.037109375,-0.05859375,-0.0009765625,-0.2451171875,-0.869140625
1067.154302,info,IMU,3351.4971,-0.70703125,-0.453125,9.47265625,-0.01953125,0.060546875,-0.06640625,0.0009765625,-0.24609375,-0.8681640625
1067.174511,info,IMU,3351.5171,-0.5078125,-0.51171875,11.5234375,-0.06640625,0.078125,-0.078125,0.001953125,-0.2470703125,-0.865234375
1067.194751,info,IMU,3351.5371,-0.76171875,-0.9140625,9.69921875,-0,0.013671875,-0.0859375,0.0048828125,-0.2470703125,-0.8671875
1067.214856,info,IMU,3351.5571,-1.09375,-0.71875,11.5234375,-0.037109375,0.00390625,-0.087890625,0.00390625,-0.2509765625,-0.8681640625
1067.234549,info,IMU,3351.5771,-1.015625,-0.73046875,10.37109375,0.001953125,-0.0234375,-0.083984375,0.0048828125,-0.25,-0.8671875
1067.254160,info,IMU,3351.5971,-1.0234375,-0.23046875,11.41796875,0.046875,-0.05859375,-0.091796875,0.0009765625,-0.2490234375,-0.8681640625
1067.274388,info,IMU,3351.6171,-1.01953125,-0.36328125,9.08203125,0.029296875,-0.0625,-0.095703125,0.0009765625,-0.251953125,-0.8671875
1067.294667,info,IMU,3351.6371,-1.19921875,-0.7578125,9.62890625,0.044921875,-0.033203125,-0.107421875,0.0009765625,-0.2529296875,-0.8671875
1067.314279,info,IMU,3351.6571,-1.3515625,-0.47265625,9.5859375,0.0078125,-0.033203125,-0.119140625,0.0029296875,-0.25390625,-0.86328125
1067.334429,info,IMU,3351.6771,-1.44921875,-0.734375,9.78515625,0.029296875,-0.04296875,-0.125,0.0029296875,-0.25,-0.86328125
1067.354696,info,IMU,3351.6971000000003,-0.99609375,-0.56640625,10.375,0.017578125,-0.060546875,-0.1171875,0.00390625,-0.251953125,-0.8642578125
1067.374473,info,IMU,3351.7171000000003,-0.6953125,-0.15625,9.78515625,0.03515625,-0.046875,-0.111328125,-0.001953125,-0.2529296875,-0.8662109375
1067.394527,info,IMU,3351.7371000000003,-0.63671875,0.21875,10.69140625,0.03125,-0.048828125,-0.126953125,-0.0009765625,-0.25,-0.8662109375
1067.414769,info,IMU,3351.7571000000003,-0.87890625,0.19921875,8.84375,0.064453125,-0.14453125,-0.13671875,-0.001953125,-0.2529296875,-0.8642578125
1067.434342,info,IMU,3351.7771000000002,-1.1953125,-0.12109375,11.296875,0.021484375,-0.12890625,-0.140625,-0.00390625,-0.25390625,-0.865234375
1067.454551,info,IMU,3351.7971000000002,-1.61328125,-0.55078125,8.82421875,0.056640625,-0.1640625,-0.142578125,-0.005859375,-0.2578125,-0.8662109375
1067.474176,info,IMU,3351.8171,-1.64453125,-0.6953125,11.60546875,0.091796875,-0.048828125,-0.146484375,-0.0048828125,-0.2568359375,-0.8642578125
1067.494397,info,IMU,3351.8371,-0.9296875,-0.5078125,8.296875,0.02734375,-0.048828125,-0.146484375,-0.0087890625,-0.2587890625,-0.8623046875
1067.514882,info,IMU,3351.8571,-0.6796875,-0.0390625,12.57421875,0.013671875,-0.12109375,-0.146484375,-0.009765625,-0.2587890625,-0.8603515625
1067.534230,info,IMU,3351.8771,-0.52734375,-0.21484375,9.11328125,0.03125,-0.18359375,-0.154296875,-0.0107421875,-0.26171875,-0.86328125
1067.554419,info,IMU,3351.8971,-0.91796875,0.0390625,9.9140625,0.07421875,-0.2421875,-0.166015625,-0.013671875,-0.2626953125,-0.861328125
1067.574682,info,IMU,3351.9171,-1.09375,-0.3359375,8.49609375,0.046875,-0.25390625,-0.166015625,-0.0146484375,-0.2666015625,-0.8603515625
1067.594277,info,IMU,3351.9371,-1.1796875,0.15625,8.6875,0.064453125,-0.25390625,-0.173828125,-0.01953125,-0.265625,-0.859375
1067.616789,info,IMU,3351.9571,-1.42578125,-0.015625,8.1953125,0.060546875,-0.1953125,-0.171875,-0.0234375,-0.271484375,-0.8603515625
1067.635330,info,IMU,3351.9771,-1.1796875,0.03515625,9.06640625,0.076171875,-0.126953125,-0.1796875,-0.0283203125,-0.2685546875,-0.859375
1067.654339,info,IMU,3351.9971,-1.08203125,-0.10546875,9.72265625,0.130859375,-0.123046875,-0.185546875,-0.0322265625,-0.271484375,-0.8583984375
1067.674541,info,IMU,3352.0171,-0.96875,-0.28515625,9.26953125,0.111328125,-0.173828125,-0.1953125,-0.033203125,-0.2744140625,-0.8583984375
1067.694162,info,IMU,3352.0371,-0.98046875,-0.390625,9.609375,0.078125,-0.197265625,-0.197265625,-0.03515625,-0.2783203125,-0.857421875
1067.714399,info,IMU,3352.0571,-1.27734375,-0.421875,9.62890625,0.046875,-0.146484375,-0.1953125,-0.03515625,-0.2763671875,-0.857421875
1067.734618,info,IMU,3352.0771,-0.90625,-0.203125,10.04296875,0.064453125,-0.1015625,-0.193359375,-0.0390625,-0.279296875,-0.853515625
1067.754229,info,IMU,3352.0971,-0.6015625,-0.23828125,9.8984375,0.033203125,-0.130859375,-0.193359375,-0.0439453125,-0.279296875,-0.85546875
1067.774427,info,IMU,3352.1171,-0.57421875,-0.18359375,9.4375,0.029296875,-0.15234375,-0.19921875,-0.044921875,-0.2822265625,-0.85546875
1067.794662,info,IMU,3352.1371,-0.63671875,0.01171875,10.078125,0.00390625,-0.146484375,-0.205078125,-0.048828125,-0.28125,-0.853515625
1067.814279,info,IMU,3352.1571,-0.48046875,-0.23828125,10.20703125,-0.03515625,-0.134765625,-0.208984375,-0.048828125,-0.283203125,-0.8544921875
1067.834494,info,IMU,3352.1771,-0.5703125,-0.55078125,10.1875,-0.037109375,-0.16015625,-0.208984375,-0.052734375,-0.2861328125,-0.853515625
1067.854693,info,IMU,3352.1971000000003,-0.47265625,-0.796875,10.64453125,-0.072265625,-0.115234375,-0.208984375,-0.056640625,-0.2861328125,-0.8525390625
1067.874311,info,IMU,3352.2171000000003,-0.16796875,-0.3671875,10.984375,0.01171875,-0.146484375,-0.203125,-0.05859375,-0.2861328125,-0.8505859375
1067.894546,info,IMU,3352.2371000000003,-0.28125,-0.2578125,11.5625,-0.005859375,-0.205078125,-0.203125,-0.0615234375,-0.287109375,-0.8505859375
1067.914173,info,IMU,3352.2571000000003,-0.26171875,-0.41015625,10.24609375,-0.009765625,-0.228515625,-0.205078125,-0.0634765625,-0.2890625,-0.849609375
1067.934384,info,IMU,3352.2771000000002,-0.09375,-0.44140625,10.5234375,0.005859375,-0.193359375,-0.205078125,-0.06640625,-0.2880859375,-0.849609375
1067.954623,info,IMU,3352.2971000000002,-0,0.0546875,9.69921875,-0,-0.16796875,-0.203125,-0.064453125,-0.2880859375,-0.8505859375
1067.980432,info,IMU,3352.3171,-0.0859375,0.328125,9.97265625,-0.0625,-0.15234375,-0.203125,-0.068359375,-0.2880859375,-0.84765625
1067.995623,info,IMU,3352.3371,-0.0625,-0.2578125,8.66796875,-0.0703125,-0.130859375,-0.203125,-0.0703125,-0.287109375,-0.849609375
1068.014664,info,IMU,3352.3571,-0.08203125,-0.203125,9.65625,-0.056640625,-0.076171875,-0.201171875,-0.0712890625,-0.2880859375,-0.845703125
1068.034316,info,IMU,3352.3771,-0.23046875,-0.3671875,8.35546875,-0.07421875,-0.072265625,-0.19921875,-0.0732421875,-0.2861328125,-0.8466796875
1068.054539,info,IMU,3352.3971,-0.234375,-0.37109375,9.37109375,-0.12109375,-0.06640625,-0.197265625,-0.07421875,-0.287109375,-0.8466796875
1068.074720,info,IMU,3352.4171,0.02734375,-0.2578125,9.11328125,-0.138671875,-0.0390625,-0.19140625,-0.07421875,-0.2822265625,-0.8486328125
1068.094303,info,IMU,3352.4371,0.07421875,-0.109375,9.3203125,-0.099609375,-0.140625,-0.1875,-0.0751953125,-0.28515625,-0.84765625
1068.114565,info,IMU,3352.4571,-0.4296875,-0.88671875,8.9765625,-0.126953125,-0.0859375,-0.1875,-0.07421875,-0.2822265625,-0.849609375
1068.134131,info,IMU,3352.4771,-0.375,-1.18359375,8.39453125,-0.154296875,-0.130859375,-0.19140625,-0.0751953125,-0.2822265625,-0.849609375
1068.154373,info,IMU,3352.4971,0.12890625,-1.1328125,11.47265625,-0.15234375,0.09765625,-0.1796875,-0.072265625,-0.2802734375,-0.849609375
1068.174575,info,IMU,3352.5171,0.8203125,-0.7109375,10.4921875,-0.09765625,0.021484375,-0.173828125,-0.0712890625,-0.2783203125,-0.8515625
1068.194217,info,IMU,3352.5371,0.37109375,-1.0078125,12.21484375,-0.076171875,0.060546875,-0.17578125,-0.068359375,-0.2744140625,-0.849609375
1068.214409,info,IMU,3352.5571,0.64453125,-0.6328125,9.6015625,-0.08984375,0.169921875,-0.181640625,-0.06640625,-0.2724609375,-0.853515625
1068.234709,info,IMU,3352.5771,0.35546875,-0.69140625,11.11328125,-0.126953125,0.080078125,-0.1796875,-0.064453125,-0.26953125,-0.853515625
1068.254347,info,IMU,3352.5971,-0.0859375,-1.45703125,11.09765625,-0.150390625,0.107421875,-0.17578125,-0.0615234375,-0.2685546875,-0.853515625
1068.274499,info,IMU,3352.6171,0.3203125,-1.19921875,8.1015625,-0.169921875,0.2265625,-0.166015625,-0.05859375,-0.2646484375,-0.8544921875
1068.294683,info,IMU,3352.6371,0.51171875,-0.90234375,9.3828125,-0.099609375,0.171875,-0.1640625,-0.0537109375,-0.263671875,-0.8583984375
1068.314313,info,IMU,3352.6571,0.1953125,-1.640625,11.609375,-0.1328125,0.14453125,-0.162109375,-0.0498046875,-0.259765625,-0.857421875
1068.334551,info,IMU,3352.6771,0.20703125,-1.3125,9.2265625,-0.1328125,0.197265625,-0.16015625,-0.0458984375,-0.2587890625,-0.857421875
1068.354143,info,IMU,3352.6971000000003,0.453125,-1.0390625,8.94921875,-0.123046875,0.234375,-0.158203125,-0.041015625,-0.255859375,-0.8583984375
1068.374368,info,IMU,3352.7171000000003,-0.1640625,-1.44921875,10.94140625,-0.158203125,0.20703125,-0.154296875,-0.0361328125,-0.2529296875,-0.8603515625
1068.394583,info,IMU,3352.7371000000003,0.015625,-1.37109375,11.38671875,-0.162109375,0.310546875,-0.1484375,-0.0302734375,-0.251953125,-0.8623046875
1068.414219,info,IMU,3352.7571000000003,0.35546875,-1.2109375,8.44921875,-0.12890625,0.298828125,-0.142578125,-0.0244140625,-0.248046875,-0.86328125
1068.434392,info,IMU,3352.7771000000002,0.32421875,-0.6796875,11.2421875,-0.025390625,0.283203125,-0.140625,-0.0166015625,-0.2431640625,-0.8662109375
1068.454652,info,IMU,3352.7971000000002,0.0390625,-0.94140625,9.0234375,-0.2265625,0.328125,-0.142578125,-0.005859375,-0.2412109375,-0.8671875
1068.474255,info,IMU,3352.8171,-0.39453125,-1.18359375,9.7421875,-0.044921875,0.3203125,-0.150390625,-0,-0.240234375,-0.869140625
1068.494491,info,IMU,3352.8371,-0.55859375,-1.0390625,9.30859375,-0.216796875,0.375,-0.146484375,0.0068359375,-0.23828125,-0.87109375
1068.514673,info,IMU,3352.8571,-0.3984375,-1.27734375,7.47265625,-0.072265625,0.259765625,-0.140625,0.0146484375,-0.2333984375,-0.87109375
1068.534339,info,IMU,3352.8771,-0.29296875,-0.86328125,10.640625,-0.185546875,0.373046875,-0.138671875,0.0185546875,-0.2314453125,-0.873046875
1068.554527,info,IMU,3352.8971,-0.07421875,-0.98828125,5.875,-0.0859375,0.302734375,-0.134765625,0.0302734375,-0.23046875,-0.8740234375
1068.574127,info,IMU,3352.9171,-0.69921875,-0.80859375,9.96484375,-0.126953125,0.23828125,-0.142578125,0.0390625,-0.2255859375,-0.8759765625
1068.594353,info,IMU,3352.9371,-0.79296875,-1.3046875,5.6015625,-0.126953125,0.34375,-0.14453125,0.041015625,-0.2255859375,-0.876953125
1068.614710,info,IMU,3352.9571,-1.3125,-0.953125,9.04296875,-0.087890625,0.234375,-0.142578125,0.0478515625,-0.2236328125,-0.875
1068.634303,info,IMU,3352.9771,-1.05078125,-1.2109375,7.0703125,-0.13671875,0.25,-0.134765625,0.0576171875,-0.21875,-0.875
1068.654414,info,IMU,3352.9971,-0.796875,-0.69140625,7.91015625,-0.068359375,0.298828125,-0.12890625,0.0615234375,-0.21875,-0.8759765625
1068.674631,info,IMU,3353.0171,-0.63671875,-0.7734375,7.05078125,-0.0546875,0.193359375,-0.134765625,0.068359375,-0.2177734375,-0.876953125
1068.694258,info,IMU,3353.0371,-0.8046875,-1.15234375,7.93359375,-0.103515625,0.19921875,-0.134765625,0.0712890625,-0.2177734375,-0.8779296875
1068.714903,info,IMU,3353.0571,-1.0546875,-1.3359375,7.30859375,-0.001953125,0.1953125,-0.142578125,0.078125,-0.2138671875,-0.8779296875
1068.734721,info,IMU,3353.0771,-0.9609375,-1.04296875,8.03515625,0.01171875,0.091796875,-0.134765625,0.08203125,-0.21484375,-0.876953125
1068.754297,info,IMU,3353.0971,-0.91015625,-1.1875,8.4375,-0.078125,0.12109375,-0.125,0.087890625,-0.2138671875,-0.87890625
1068.774517,info,IMU,3353.1171,-0.62109375,-0.8671875,8.36328125,0.009765625,0.048828125,-0.1328125,0.087890625,-0.2099609375,-0.87890625
1068.794114,info,IMU,3353.1371,-0.55859375,-0.6953125,10.65625,-0.037109375,0.078125,-0.138671875,0.0888671875,-0.2099609375,-0.87890625
1068.814380,info,IMU,3353.1571,-1.00390625,-1.015625,8.06640625,0.0078125,0.0234375,-0.142578125,0.091796875,-0.208984375,-0.8798828125
1068.835134,info,IMU,3353.1771,-1.2734375,-1.1953125,9.828125,0.009765625,-0.0546875,-0.14453125,0.09375,-0.2109375,-0.87890625
1068.854177,info,IMU,3353.1971000000003,-1.1640625,-1.69140625,7.70703125,-0.044921875,0.0078125,-0.138671875,0.091796875,-0.2119140625,-0.8740234375
1068.874426,info,IMU,3353.2171000000003,-0.97265625,-1.46875,9.75,0.03125,-0.021484375,-0.140625,0.0908203125,-0.212890625,-0.876953125
1068.894630,info,IMU,3353.2371000000003,-0.9453125,-1.03515625,8.49609375,-0.0078125,-0.068359375,-0.142578125,0.091796875,-0.208984375,-0.876953125
1068.914227,info,IMU,3353.2571000000003,-1.09375,-0.87109375,9.8359375,-0.017578125,-0.087890625,-0.146484375,0.0908203125,-0.212890625,-0.876953125
1068.935522,info,IMU,3353.2771000000002,-0.9375,-1.05859375,8.78125,0.0546875,-0.125,-0.154296875,0.0888671875,-0.2138671875,-0.8779296875
1068.954686,info,IMU,3353.2971000000002,-1.390625,-0.62109375,9.91796875,0.10546875,-0.15234375,-0.15234375,0.0888671875,-0.21484375,-0.8759765625
1068.974329,info,IMU,3353.3171,-1.1796875,-1.25390625,8.703125,0.009765625,-0.158203125,-0.1484375,0.0830078125,-0.216796875,-0.8779296875
1068.994516,info,IMU,3353.3371,-0.9765625,-1.04296875,10.23828125,0.12890625,-0.15625,-0.15625,0.0791015625,-0.2177734375,-0.8779296875
1069.014142,info,IMU,3353.3571,-0.890625,-0.7578125,8.88671875,0.05078125,-0.234375,-0.162109375,0.076171875,-0.22265625,-0.87890625
1069.035887,info,IMU,3353.3771,-0.94921875,-1.1953125,9.33203125,0.150390625,-0.123046875,-0.169921875,0.07421875,-0.2216796875,-0.876953125
1069.056006,info,IMU,3353.3971,-1.37890625,-0.80859375,9.34765625,0.05078125,-0.26171875,-0.181640625,0.0673828125,-0.2255859375,-0.876953125
1069.074661,info,IMU,3353.4171,-1.31640625,-1.14453125,8.48046875,0.16796875,-0.1953125,-0.181640625,0.06640625,-0.228515625,-0.8759765625
1069.094391,info,IMU,3353.4371,-1.44921875,-0.20703125,6.76953125,0.103515625,-0.345703125,-0.181640625,0.0576171875,-0.228515625,-0.875
1069.114599,info,IMU,3353.4571,-1.4453125,-1.046875,7.08984375,0.140625,-0.310546875,-0.185546875,0.0546875,-0.2333984375,-0.8759765625
1069.136292,info,IMU,3353.4771,-0.50390625,-0.16796875,7.65234375,0.140625,-0.259765625,-0.193359375,0.0478515625,-0.2353515625,-0.8740234375
1069.154416,info,IMU,3353.4971,-0.921875,-0.84375,5.65625,0.21875,-0.26953125,-0.197265625,0.0458984375,-0.240234375,-0.873046875
1069.174668,info,IMU,3353.5171,-1.1328125,-0.671875,9.84765625,0.3046875,-0.296875,-0.205078125,0.0390625,-0.24609375,-0.8740234375
1069.194335,info,IMU,3353.5371,-0.75,0.00390625,9.0390625,0.162109375,-0.29296875,-0.205078125,0.033203125,-0.2509765625,-0.8701171875
1069.214523,info,IMU,3353.5571,-1.0625,-0.3125,7.87109375,0.19921875,-0.310546875,-0.205078125,0.0302734375,-0.255859375,-0.8701171875
1069.236712,info,IMU,3353.5771,-0.8671875,0.17578125,11.4296875,0.267578125,-0.29296875,-0.21875,0.0224609375,-0.259765625,-0.8671875
1069.254330,info,IMU,3353.5971,-0.26953125,-0.07421875,10.1328125,0.20703125,-0.26171875,-0.216796875,0.017578125,-0.2666015625,-0.865234375
1069.274552,info,IMU,3353.6171,-0.875,-0.484375,10.203125,0.1875,-0.30078125,-0.2265625,0.013671875,-0.26953125,-0.8642578125
1069.294143,info,IMU,3353.6371,-0.3125,-0.64453125,10.7109375,0.244140625,-0.228515625,-0.232421875,0.01171875,-0.275390625,-0.8603515625
1069.314411,info,IMU,3353.6571,-0.70703125,0.015625,9.94140625,0.283203125,-0.17578125,-0.2265625,0.0068359375,-0.2802734375,-0.859375
1069.337131,info,IMU,3353.6771,-0.80078125,-0.62890625,9.609375,0.20703125,-0.232421875,-0.23828125,0.0048828125,-0.2880859375,-0.857421875
1069.354231,info,IMU,3353.6971000000003,-0.58203125,-0.1875,11.2578125,0.259765625,-0.162109375,-0.24609375,-0.0009765625,-0.2958984375,-0.85546875
1069.374414,info,IMU,3353.7171000000003,-0.703125,-0.34375,9.20703125,0.263671875,-0.255859375,-0.248046875,-0,-0.2978515625,-0.8505859375
1069.394958,info,IMU,3353.7371000000003,-0.6640625,-0.47265625,10.92578125,0.2265625,-0.23828125,-0.25,-0.005859375,-0.30078125,-0.8515625
1069.416805,info,IMU,3353.7571000000003,-0.28515625,-0.765625,10.03515625,0.24609375,-0.18359375,-0.25390625,-0.0078125,-0.3056640625,-0.8515625
1069.437573,info,IMU,3353.7771000000002,-0.26171875,-0.48046875,11.3359375,0.267578125,-0.23828125,-0.259765625,-0.0107421875,-0.3125,-0.849609375
1069.454695,info,IMU,3353.7971000000002,-0.17578125,-0.53125,11.21875,0.21484375,-0.12109375,-0.2578125,-0.0126953125,-0.31640625,-0.8486328125
1069.474304,info,IMU,3353.8171,-0.359375,-0.80859375,11.203125,0.240234375,-0.1328125,-0.26953125,-0.0126953125,-0.3203125,-0.8486328125
1069.494546,info,IMU,3353.8371,-0.54296875,-0.78125,11.5,0.21484375,-0.1171875,-0.267578125,-0.013671875,-0.3271484375,-0.8447265625
1069.514171,info,IMU,3353.8571,-0.421875,-0.546875,11.44921875,0.177734375,-0.12890625,-0.265625,-0.015625,-0.328125,-0.84375
1069.537873,info,IMU,3353.8771,-0.19921875,-0.6875,10.390625,0.185546875,-0.150390625,-0.267578125,-0.015625,-0.333984375,-0.8427734375
1069.554592,info,IMU,3353.8971,-0.57421875,-0.3359375,10.1796875,0.212890625,-0.140625,-0.279296875,-0.013671875,-0.3369140625,-0.8408203125
1069.574229,info,IMU,3353.9171,-0.59375,-0.17578125,9.9140625,0.140625,-0.056640625,-0.28125,-0.0166015625,-0.3408203125,-0.8388671875
1069.594413,info,IMU,3353.9371,-0.83984375,-1.203125,9.60546875,0.099609375,0.017578125,-0.283203125,-0.013671875,-0.345703125,-0.8408203125
1069.616778,info,IMU,3353.9571,-0.421875,-1.37109375,11.35546875,0.03515625,0.064453125,-0.283203125,-0.0146484375,-0.345703125,-0.8388671875
1069.634323,info,IMU,3353.9771,0.16796875,-1.06640625,11.43359375,0.025390625,0.025390625,-0.271484375,-0.01171875,-0.34765625,-0.837890625
1069.654558,info,IMU,3353.9971,0.20703125,-0.9140625,11.62109375,0.091796875,0.0078125,-0.267578125,-0.009765625,-0.349609375,-0.8388671875
1069.674699,info,IMU,3354.0171,-0.12109375,-1.125,9.94921875,0.0546875,-0.1484375,-0.2734375,-0.0068359375,-0.3505859375,-0.8369140625
1069.694312,info,IMU,3354.0371,-0.6875,-1.3125,10.21484375,0.044921875,-0.013671875,-0.2734375,-0.0048828125,-0.353515625,-0.8369140625
1069.714627,info,IMU,3354.0571,-0.6171875,-0.953125,10.546875,-0.025390625,0.017578125,-0.28515625,-0,-0.3515625,-0.8388671875
1069.734136,info,IMU,3354.0771,-0.47265625,-0.67578125,11.4375,0.013671875,0.09375,-0.28125,0.001953125,-0.353515625,-0.837890625
1069.754378,info,IMU,3354.0971,-0.46875,-0.7734375,8.9453125,0.107421875,0.138671875,-0.275390625,0.005859375,-0.3525390625,-0.83984375
1069.774588,info,IMU,3354.1171,-0.50390625,-0.6953125,10.77734375,0.005859375,0.185546875,-0.2734375,0.0068359375,-0.3544921875,-0.83984375
1069.794224,info,IMU,3354.1371,-0.40234375,-0.5390625,8.625,-0.001953125,0.126953125,-0.28515625,0.015625,-0.353515625,-0.8408203125
1069.814414,info,IMU,3354.1571,-0.75,-0.66015625,11.10546875,-0.02734375,0.25390625,-0.28515625,0.017578125,-0.3525390625,-0.8408203125
1069.834659,info,IMU,3354.1771,-0.54296875,-1.296875,9.89453125,-0.115234375,0.267578125,-0.28515625,0.021484375,-0.3515625,-0.8388671875
1069.854294,info,IMU,3354.1971000000003,-0.46484375,-0.8671875,11.46484375,-0.0859375,0.1484375,-0.28515625,0.0283203125,-0.353515625,-0.837890625
1069.874474,info,IMU,3354.2171000000003,-0.3359375,-0.67578125,10.56640625,-0.150390625,0.21875,-0.279296875,0.033203125,-0.3525390625,-0.8408203125
1069.894664,info,IMU,3354.2371000000003,-0.3984375,-1.06640625,10.7890625,-0.16796875,0.203125,-0.275390625,0.0400390625,-0.349609375,-0.83984375
1069.914323,info,IMU,3354.2571000000003,-0.4921875,-1.3203125,10.81640625,-0.11328125,0.15625,-0.28125,0.0458984375,-0.34765625,-0.841796875
1069.934536,info,IMU,3354.2771000000002,-0.26953125,-1.12890625,10.796875,-0.10546875,0.21484375,-0.28515625,0.05078125,-0.3486328125,-0.84375
1069.954175,info,IMU,3354.2971000000002,-0.67578125,-1.2734375,9.55859375,-0.041015625,0.18359375,-0.28125,0.056640625,-0.3427734375,-0.8427734375
1069.974370,info,IMU,3354.3171,-1.109375,-0.8046875,10.2421875,-0.076171875,0.1953125,-0.279296875,0.0625,-0.3447265625,-0.84375
1069.994561,info,IMU,3354.3371,-0.890625,-1.2734375,9.0859375,-0.169921875,0.18359375,-0.27734375,0.06640625,-0.34375,-0.8447265625
1070.014196,info,IMU,3354.3571,-0.76171875,-1.20703125,9.44921875,-0.033203125,0.12890625,-0.279296875,0.07421875,-0.33984375,-0.8466796875
1070.034389,info,IMU,3354.3771,-0.953125,-0.61328125,9.92578125,-0.142578125,0.2421875,-0.27734375,0.0791015625,-0.337890625,-0.8447265625
1070.054630,info,IMU,3354.3971,-0.93359375,-0.97265625,8.875,-0.13671875,0.3203125,-0.2734375,0.0869140625,-0.3330078125,-0.84765625
1070.074269,info,IMU,3354.4171,-0.76953125,-0.78515625,10.39453125,-0.146484375,0.19921875,-0.283203125,0.0927734375,-0.3330078125,-0.84765625
1070.094483,info,IMU,3354.4371,-1.17578125,-1.09765625,8.50390625,-0.169921875,0.2734375,-0.27734375,0.099609375,-0.326171875,-0.8486328125
1070.114710,info,IMU,3354.4571,-1.08203125,-1.1484375,8.84375,-0.14453125,0.30859375,-0.27734375,0.107421875,-0.32421875,-0.849609375
1070.134381,info,IMU,3354.4771,-0.7421875,-0.5078125,10.68359375,-0.181640625,0.291015625,-0.275390625,0.1123046875,-0.3203125,-0.8515625
1070.154549,info,IMU,3354.4971,-0.59375,-0.77734375,9.80078125,-0.1796875,0.271484375,-0.2734375,0.1181640625,-0.3173828125,-0.8525390625
1070.174120,info,IMU,3354.5171,-0.68359375,-1.109375,9.75,-0.0859375,0.2265625,-0.275390625,0.1240234375,-0.3173828125,-0.8515625
1070.194372,info,IMU,3354.5371,-0.73046875,-0.96484375,10.15625,-0.16796875,0.287109375,-0.26953125,0.1298828125,-0.31640625,-0.8525390625
1070.214977,info,IMU,3354.5571,-0.78515625,-1.19921875,9.34765625,-0.064453125,0.177734375,-0.271484375,0.1396484375,-0.3125,-0.853515625
1070.234205,info,IMU,3354.5771,-0.9921875,-0.97265625,10.67578125,-0.1171875,0.1171875,-0.263671875,0.1396484375,-0.30859375,-0.8515625
1070.254396,info,IMU,3354.5971,-1.03515625,-1.1015625,7.97265625,-0.099609375,0.1484375,-0.2578125,0.146484375,-0.3056640625,-0.8525390625
1070.274625,info,IMU,3354.6171,-0.91015625,-1.09765625,10.0859375,-0.060546875,0.16796875,-0.26171875,0.1513671875,-0.306640625,-0.8515625
1070.294391,info,IMU,3354.6371,-0.83203125,-0.7578125,8.3515625,-0.0390625,0.138671875,-0.259765625,0.1552734375,-0.3017578125,-0.8544921875
1070.314466,info,IMU,3354.6571,-1.0390625,-0.8046875,8.99609375,-0.0859375,0.173828125,-0.25390625,0.16015625,-0.3017578125,-0.8544921875
1070.334696,info,IMU,3354.6771,-0.953125,-0.89453125,7.77734375,-0.033203125,0.095703125,-0.26171875,0.1669921875,-0.298828125,-0.8544921875
1070.354277,info,IMU,3354.6971000000003,-1.1796875,-0.859375,9.36328125,-0.103515625,0.193359375,-0.2578125,0.171875,-0.2958984375,-0.853515625
1070.374510,info,IMU,3354.7171000000003,-1.17578125,-1.15234375,7.0078125,-0.048828125,0.201171875,-0.255859375,0.17578125,-0.2939453125,-0.8525390625
1070.394123,info,IMU,3354.7371000000003,-0.8828125,-0.3828125,11.1953125,-0.080078125,0.18359375,-0.25390625,0.1787109375,-0.291015625,-0.8544921875
1070.414357,info,IMU,3354.7571000000003,-0.78515625,-0.796875,8.2421875,-0.103515625,0.203125,-0.25390625,0.18359375,-0.291015625,-0.8564453125
1070.434549,info,IMU,3354.7771000000002,-0.76953125,-1.09375,9.671875,-0.015625,0.1171875,-0.2578125,0.189453125,-0.2890625,-0.8525390625
1070.454150,info,IMU,3354.7971000000002,-0.8203125,-1.25,9.1328125,-0.103515625,0.1796875,-0.251953125,0.19140625,-0.2890625,-0.8544921875
1070.474385,info,IMU,3354.8171,-0.8203125,-1.03515625,9.68359375,0.021484375,0.1328125,-0.248046875,0.197265625,-0.2861328125,-0.8544921875
1070.494634,info,IMU,3354.8371,-1.09765625,-0.8515625,9.609375,-0.005859375,0.037109375,-0.2421875,0.2001953125,-0.2880859375,-0.8544921875
1070.514236,info,IMU,3354.8571,-1.265625,-1.10546875,8.453125,-0.0234375,0.078125,-0.234375,0.2060546875,-0.2861328125,-0.85546875
1070.534469,info,IMU,3354.8771,-0.796875,-1.0234375,8.625,0.04296875,0.046875,-0.23828125,0.2080078125,-0.2841796875,-0.8544921875
1070.554686,info,IMU,3354.8971,-0.89453125,-0.64453125,9.2890625,0.0234375,0.044921875,-0.240234375,0.208984375,-0.2841796875,-0.857421875
1070.574268,info,IMU,3354.9171,-1.33984375,-0.82421875,7.73046875,-0.001953125,0.0859375,-0.236328125,0.2158203125,-0.2841796875,-0.853515625
1070.594521,info,IMU,3354.9371,-1.296875,-0.62890625,8.640625,0.04296875,0.01171875,-0.2421875,0.216796875,-0.28515625,-0.853515625
1070.614137,info,IMU,3354.9571,-1.59765625,-1.078125,7.83984375,-0.048828125,0.08984375,-0.236328125,0.2197265625,-0.283203125,-0.8544921875
1070.634379,info,IMU,3354.9771,-1.4765625,-1.09375,8.09375,0.029296875,0.08984375,-0.236328125,0.2216796875,-0.2822265625,-0.8515625
1070.654591,info,IMU,3354.9971,-1.12109375,-0.4296875,10.7734375,-0.005859375,0.123046875,-0.236328125,0.2255859375,-0.2822265625,-0.853515625
1070.674148,info,IMU,3355.0171,-1.0234375,-0.95703125,8.921875,-0.05078125,0.123046875,-0.232421875,0.23046875,-0.2822265625,-0.853515625
1070.694380,info,IMU,3355.0371,-1.0234375,-1.1484375,10.98046875,0.005859375,0.03125,-0.236328125,0.228515625,-0.2822265625,-0.8505859375
1070.714827,info,IMU,3355.0571,-0.8515625,-1.203125,10.37890625,-0.037109375,0.072265625,-0.2265625,0.232421875,-0.2822265625,-0.8525390625
1070.734253,info,IMU,3355.0771,-0.8359375,-0.82421875,10.62890625,0.109375,-0.01171875,-0.224609375,0.232421875,-0.2802734375,-0.85546875
1070.754422,info,IMU,3355.0971,-1.06640625,-0.9609375,10.72265625,-0.017578125,-0.056640625,-0.216796875,0.2333984375,-0.28125,-0.8525390625
1070.774674,info,IMU,3355.1171,-0.8984375,-1.13671875,9.171875,0.021484375,-0.091796875,-0.20703125,0.2373046875,-0.2783203125,-0.853515625
1070.794251,info,IMU,3355.1371,-0.6171875,-1.09765625,10.40625,0.025390625,-0.091796875,-0.208984375,0.232421875,-0.279296875,-0.853515625
1070.814499,info,IMU,3355.1571,-0.96484375,-0.6953125,8.70703125,0.06640625,-0.107421875,-0.20703125,0.2353515625,-0.2763671875,-0.8544921875
1070.834102,info,IMU,3355.1771,-1.1484375,-0.7265625,9.1953125,-0.02734375,-0.095703125,-0.201171875,0.2333984375,-0.2783203125,-0.853515625
1070.854315,info,IMU,3355.1971000000003,-1.015625,-1.15234375,8.2265625,0.017578125,-0.16015625,-0.20703125,0.234375,-0.2763671875,-0.8564453125
1070.874522,info,IMU,3355.2171000000003,-1.2265625,-1.1015625,8.53515625,-0.0234375,-0.146484375,-0.19140625,0.232421875,-0.275390625,-0.853515625
1070.894137,info,IMU,3355.2371000000003,-1.38671875,-1.05078125,7.53125,0.015625,-0.1328125,-0.181640625,0.2333984375,-0.2724609375,-0.85546875
1070.914377,info,IMU,3355.2571000000003,-1.2109375,-0.5390625,9.96875,-0.048828125,-0.154296875,-0.18359375,0.2314453125,-0.275390625,-0.853515625
1070.934582,info,IMU,3355.2771000000002,-1.078125,-0.90234375,8.3203125,-0.0390625,-0.203125,-0.177734375,0.2314453125,-0.2744140625,-0.857421875
1070.954264,info,IMU,3355.2971000000002,-1.3203125,-1.41015625,9.2578125,-0.0390625,-0.142578125,-0.169921875,0.2265625,-0.2685546875,-0.857421875
1070.974586,info,IMU,3355.3171,-1.35546875,-1.37109375,8.6796875,-0.07421875,-0.1640625,-0.169921875,0.2255859375,-0.271484375,-0.85546875
1070.994668,info,IMU,3355.3371,-1.0390625,-1.20703125,10.07421875,-0.060546875,-0.181640625,-0.1640625,0.2236328125,-0.2685546875,-0.857421875
1071.014272,info,IMU,3355.3571,-0.96875,-0.984375,9.4921875,-0.08203125,-0.224609375,-0.154296875,0.21875,-0.267578125,-0.8583984375
1071.034550,info,IMU,3355.3771,-1.20703125,-1.21484375,9.3671875,-0.10546875,-0.212890625,-0.1484375,0.2138671875,-0.2666015625,-0.861328125
1071.054133,info,IMU,3355.3971,-0.8984375,-0.9921875,9.71484375,-0.046875,-0.244140625,-0.1484375,0.2138671875,-0.2646484375,-0.861328125
1071.074315,info,IMU,3355.4171,-0.82421875,-0.59765625,9.86328125,-0.01171875,-0.23828125,-0.14453125,0.2060546875,-0.263671875,-0.8603515625
1071.094524,info,IMU,3355.4371,-0.9453125,-1.03515625,8.24609375,-0.0234375,-0.23828125,-0.1328125,0.20703125,-0.26171875,-0.857421875
1071.114166,info,IMU,3355.4571,-0.8125,-1.00390625,9.62890625,-0.033203125,-0.267578125,-0.1328125,0.2021484375,-0.2587890625,-0.8623046875
1071.134366,info,IMU,3355.4771,-0.83984375,-1.04296875,9.80078125,-0.068359375,-0.234375,-0.125,0.197265625,-0.2587890625,-0.86328125
1071.154584,info,IMU,3355.4971,-0.80078125,-1.453125,9.70703125,0.015625,-0.240234375,-0.12109375,0.193359375,-0.2578125,-0.86328125
1071.174200,info,IMU,3355.5171,-0.76953125,-1.3828125,9.85546875,-0.046875,-0.208984375,-0.11328125,0.1865234375,-0.255859375,-0.8662109375
1071.194427,info,IMU,3355.5371,-0.73046875,-1.1640625,9.65625,-0.0703125,-0.23828125,-0.10546875,0.1865234375,-0.2529296875,-0.8662109375
1071.214642,info,IMU,3355.5571,-0.3515625,-1.08203125,10.984375,-0.111328125,-0.220703125,-0.10546875,0.181640625,-0.2529296875,-0.865234375
1071.234305,info,IMU,3355.5771,-0.11328125,-1.12890625,11.09375,-0.091796875,-0.177734375,-0.099609375,0.17578125,-0.25390625,-0.8642578125
1071.254538,info,IMU,3355.5971,-0.6015625,-1.25,10.00390625,-0.0078125,-0.279296875,-0.103515625,0.1708984375,-0.251953125,-0.8662109375
1071.274095,info,IMU,3355.6171,-0.87109375,-1.23046875,10.73828125,-0.091796875,-0.240234375,-0.09375,0.1669921875,-0.2509765625,-0.8681640625
1071.294304,info,IMU,3355.6371,-0.47265625,-1.296875,8.90625,-0.033203125,-0.25,-0.0859375,0.162109375,-0.25,-0.8671875
1071.314570,info,IMU,3355.6571,-0.52734375,-1.29296875,10.33203125,0.013671875,-0.279296875,-0.08203125,0.1591796875,-0.25,-0.8671875
1071.334128,info,IMU,3355.6771,-0.5546875,-0.9296875,8.734375,0.02734375,-0.21875,-0.0703125,0.1533203125,-0.2490234375,-0.87109375
1071.354353,info,IMU,3355.6971000000003,-0.52734375,-0.89453125,9.6875,0.0078125,-0.22265625,-0.078125,0.1484375,-0.24609375,-0.8681640625
1071.376378,info,IMU,3355.7171000000003,-0.59765625,-1.03515625,9.5703125,-0.00390625,-0.216796875,-0.078125,0.1484375,-0.248046875,-0.869140625
1071.394378,info,IMU,3355.7371000000003,-0.76953125,-1.25390625,9.16015625,0.029296875,-0.189453125,-0.0703125,0.1435546875,-0.2470703125,-0.8681640625
1071.414398,info,IMU,3355.7571000000003,-0.58203125,-1.171875,9.82421875,0.0390625,-0.177734375,-0.06640625,0.1396484375,-0.2451171875,-0.869140625
1071.434697,info,IMU,3355.7771000000002,-0.47265625,-1.3359375,9.58984375,-0.001953125,-0.12890625,-0.05859375,0.134765625,-0.24609375,-0.8681640625
1071.454277,info,IMU,3355.7971000000002,-0.35546875,-1.125,9.53515625,0.052734375,-0.123046875,-0.0625,0.1337890625,-0.248046875,-0.869140625
1071.474476,info,IMU,3355.8171,-0.30078125,-1.23046875,10.0078125,0.02734375,-0.076171875,-0.064453125,0.1298828125,-0.25,-0.869140625
1071.494092,info,IMU,3355.8371,-0.40625,-1.4765625,8.9296875,0.07421875,-0.080078125,-0.060546875,0.1298828125,-0.251953125,-0.8701171875
1071.514335,info,IMU,3355.8571,-0.65625,-1.49609375,10.5,0.037109375,-0.09375,-0.068359375,0.12890625,-0.2529296875,-0.8671875
1071.534528,info,IMU,3355.8771,-0.5390625,-1.60546875,10.30078125,0.05859375,-0.07421875,-0.060546875,0.1259765625,-0.2548828125,-0.869140625
1071.554149,info,IMU,3355.8971,-0.3515625,-1.296875,9.74609375,0.138671875,-0.109375,-0.056640625,0.1298828125,-0.2548828125,-0.869140625
1071.574341,info,IMU,3355.9171,-0.6953125,-1.0390625,10.28515625,0.08984375,-0.017578125,-0.05078125,0.125,-0.2607421875,-0.8681640625
1071.594597,info,IMU,3355.9371,-0.58203125,-1.484375,8.31640625,0.18359375,-0.0390625,-0.060546875,0.1259765625,-0.2607421875,-0.8671875
1071.614189,info,IMU,3355.9571,-0.59375,-0.98046875,10.85546875,0.115234375,0.04296875,-0.064453125,0.1259765625,-0.2646484375,-0.8671875
1071.634510,info,IMU,3355.9771,-1.03515625,-1.5234375,7.5703125,0.21484375,0.08984375,-0.0625,0.1259765625,-0.2666015625,-0.8671875
1071.654636,info,IMU,3355.9971,-0.93359375,-1.15234375,11.125,0.1796875,0.130859375,-0.0625,0.1259765625,-0.271484375,-0.8623046875
1071.674254,info,IMU,3356.0171,-0.2578125,-1.2890625,9.26953125,0.134765625,0.169921875,-0.05859375,0.1279296875,-0.2744140625,-0.865234375
1071.694489,info,IMU,3356.0371,-0.1484375,-1.2734375,11.34375,0.171875,0.11328125,-0.05859375,0.1328125,-0.27734375,-0.865234375
1071.714336,info,IMU,3356.0571,-0,-1.0703125,10.40625,0.154296875,0.154296875,-0.0625,0.1328125,-0.283203125,-0.86328125
1071.734327,info,IMU,3356.0771,-0.140625,-0.9296875,10.15625,0.212890625,0.154296875,-0.0703125,0.1396484375,-0.2841796875,-0.8603515625
1071.754525,info,IMU,3356.0971,-0.64453125,-1.375,9.47265625,0.193359375,0.142578125,-0.0703125,0.1396484375,-0.291015625,-0.859375
1071.774115,info,IMU,3356.1171,-0.5859375,-1.21875,10.796875,0.15625,0.18359375,-0.0703125,0.1474609375,-0.294921875,-0.8583984375
1071.794350,info,IMU,3356.1371,-0.66015625,-1.45703125,9.8046875,0.181640625,0.162109375,-0.06640625,0.15234375,-0.2958984375,-0.85546875
1071.814542,info,IMU,3356.1571,-0.30859375,-0.828125,11.13671875,0.26171875,0.248046875,-0.0703125,0.15234375,-0.30078125,-0.8544921875
1071.834181,info,IMU,3356.1771,-0.4140625,-0.88671875,7.43359375,0.2265625,0.255859375,-0.072265625,0.16015625,-0.3046875,-0.853515625
1071.854397,info,IMU,3356.1971000000003,-0.84375,-1.015625,11.23828125,0.236328125,0.251953125,-0.08203125,0.1689453125,-0.3076171875,-0.8515625
1071.874611,info,IMU,3356.2171000000003,-0.6328125,-0.82421875,7.9921875,0.19921875,0.291015625,-0.087890625,0.1748046875,-0.3154296875,-0.853515625
1071.894235,info,IMU,3356.2371000000003,-1.0859375,-1.1015625,10.66796875,0.212890625,0.330078125,-0.087890625,0.181640625,-0.31640625,-0.849609375
1071.914462,info,IMU,3356.2571000000003,-0.58203125,-1.01953125,9.71484375,0.1640625,0.341796875,-0.08203125,0.1884765625,-0.3193359375,-0.8466796875
1071.934054,info,IMU,3356.2771000000002,-0.6484375,-0.40234375,10.390625,0.2109375,0.314453125,-0.083984375,0.1982421875,-0.32421875,-0.845703125
1071.954282,info,IMU,3356.2971000000002,-0.6875,-1.3203125,10.0859375,0.12890625,0.421875,-0.087890625,0.2021484375,-0.3251953125,-0.84375
1071.974521,info,IMU,3356.3171,-0.47265625,-0.60546875,10.80078125,0.162109375,0.40234375,-0.095703125,0.212890625,-0.330078125,-0.841796875
1071.997150,info,IMU,3356.3371,-0.81640625,-0.98828125,9.4296875,0.11328125,0.390625,-0.095703125,0.22265625,-0.3330078125,-0.8408203125
1072.014349,info,IMU,3356.3571,-0.91796875,-1.2890625,11.34375,0.06640625,0.447265625,-0.095703125,0.228515625,-0.3349609375,-0.83984375
1072.034654,info,IMU,3356.3771,-0.38671875,-0.64453125,10.83984375,0.076171875,0.37890625,-0.095703125,0.23828125,-0.3359375,-0.837890625
1072.054260,info,IMU,3356.3971,-1.0234375,-0.8984375,11.29296875,0.06640625,0.388671875,-0.095703125,0.24609375,-0.3359375,-0.8359375
1072.074392,info,IMU,3356.4171,-1.0703125,-0.546875,9.48046875,0.068359375,0.400390625,-0.1015625,0.2548828125,-0.3349609375,-0.8349609375
1072.094617,info,IMU,3356.4371,-1.265625,-0.515625,8.9921875,0.07421875,0.376953125,-0.11328125,0.263671875,-0.337890625,-0.8330078125
1072.114235,info,IMU,3356.4571,-1.77734375,-0.88671875,9.41796875,-0.005859375,0.4609375,-0.109375,0.275390625,-0.3388671875,-0.8310546875
1072.134463,info,IMU,3356.4771,-1.30859375,-0.453125,9.3125,0.0078125,0.41015625,-0.109375,0.2822265625,-0.337890625,-0.828125
1072.154669,info,IMU,3356.4971,-1.25,-0.8203125,9.58203125,-0.013671875,0.41796875,-0.107421875,0.291015625,-0.337890625,-0.828125
1072.174296,info,IMU,3356.5171,-1.484375,-0.61328125,9.46484375,-0.029296875,0.369140625,-0.111328125,0.296875,-0.337890625,-0.8251953125
1072.194500,info,IMU,3356.5371,-1.19140625,-0.63671875,10.5859375,-0.078125,0.4140625,-0.12109375,0.306640625,-0.33203125,-0.8232421875
1072.214103,info,IMU,3356.5571,-1.40625,-0.98046875,9.89453125,-0.07421875,0.333984375,-0.12109375,0.314453125,-0.3349609375,-0.822265625
1072.234313,info,IMU,3356.5771,-1.4921875,-0.8828125,10.53515625,-0.041015625,0.2734375,-0.119140625,0.3212890625,-0.33203125,-0.8212890625
1072.254547,info,IMU,3356.5971,-1.5703125,-0.75,10.3828125,-0.060546875,0.228515625,-0.125,0.3251953125,-0.333984375,-0.8193359375
1072.274139,info,IMU,3356.6171,-1.53125,-0.55078125,9.84375,-0.046875,0.169921875,-0.12890625,0.33203125,-0.330078125,-0.818359375
1072.294571,info,IMU,3356.6371,-1.484375,-0.8125,10.05078125,-0.08984375,0.17578125,-0.138671875,0.3359375,-0.326171875,-0.8173828125
1072.314851,info,IMU,3356.6571,-1.99609375,-0.94140625,8.7109375,-0.083984375,0.1796875,-0.140625,0.34375,-0.326171875,-0.818359375
1072.334225,info,IMU,3356.6771,-2.15234375,-0.77734375,9.75,-0.072265625,0.1640625,-0.1484375,0.3466796875,-0.3203125,-0.81640625
1072.354453,info,IMU,3356.6971000000003,-1.89453125,-0.8828125,7.4609375,-0.12109375,0.1015625,-0.1484375,0.3486328125,-0.3203125,-0.818359375
1072.374653,info,IMU,3356.7171000000003,-1.78515625,-0.72265625,9.75390625,-0.173828125,0.10546875,-0.142578125,0.353515625,-0.3173828125,-0.81640625
1072.394256,info,IMU,3356.7371000000003,-1.5234375,-0.578125,7.78125,-0.091796875,0.04296875,-0.1484375,0.3525390625,-0.314453125,-0.8173828125
1072.414558,info,IMU,3356.7571000000003,-1.8671875,-0.41015625,9.8203125,-0.09765625,0.01171875,-0.16015625,0.357421875,-0.3125,-0.81640625
1072.434110,info,IMU,3356.7771000000002,-1.8828125,-1.30859375,7.31640625,-0.06640625,0.009765625,-0.16015625,0.357421875,-0.310546875,-0.818359375
1072.454319,info,IMU,3356.7971000000002,-2.16015625,-0.98828125,10.0390625,-0.091796875,-0.0625,-0.158203125,0.3583984375,-0.3076171875,-0.8203125
1072.474530,info,IMU,3356.8171,-1.8359375,-1.52734375,8.82421875,-0.09765625,-0.068359375,-0.15625,0.3583984375,-0.3037109375,-0.8193359375
1072.494128,info,IMU,3356.8371,-1.1484375,-0.87890625,9.6484375,-0.083984375,-0.15625,-0.15234375,0.35546875,-0.2998046875,-0.818359375
1072.514370,info,IMU,3356.8571,-1.546875,-1.0703125,9.31640625,-0.095703125,-0.169921875,-0.15234375,0.3564453125,-0.2998046875,-0.8212890625
1072.534582,info,IMU,3356.8771,-1.60546875,-0.91015625,9.421875,-0.103515625,-0.216796875,-0.1640625,0.3544921875,-0.296875,-0.822265625
1072.554285,info,IMU,3356.8971,-1.56640625,-1.15234375,9.1328125,-0.0859375,-0.24609375,-0.1640625,0.3544921875,-0.29296875,-0.826171875
1072.574403,info,IMU,3356.9171,-1.84765625,-1.21484375,9.16015625,-0.0703125,-0.205078125,-0.154296875,0.345703125,-0.2919921875,-0.828125
1072.594637,info,IMU,3356.9371,-2.06640625,-1.10546875,8.171875,-0.083984375,-0.263671875,-0.150390625,0.3427734375,-0.2900390625,-0.828125
1072.614512,info,IMU,3356.9571,-1.46875,-1,9.69921875,-0.080078125,-0.259765625,-0.15625,0.3408203125,-0.287109375,-0.8271484375
1072.634524,info,IMU,3356.9771,-1.26171875,-0.97265625,9.09765625,-0.03125,-0.240234375,-0.150390625,0.3359375,-0.287109375,-0.83203125
1072.654124,info,IMU,3356.9971,-1.28125,-0.8359375,9.37890625,-0.0078125,-0.330078125,-0.16015625,0.326171875,-0.2861328125,-0.8310546875
1072.674320,info,IMU,3357.0171,-1.51171875,-1.1875,8.09765625,-0.0546875,-0.337890625,-0.154296875,0.322265625,-0.28515625,-0.8359375
1072.694540,info,IMU,3357.0371,-1.62109375,-1.36328125,7.8359375,-0.068359375,-0.353515625,-0.150390625,0.3173828125,-0.2822265625,-0.8359375
1072.717060,info,IMU,3357.0571,-1.39453125,-1.109375,9.32421875,-0.037109375,-0.306640625,-0.1484375,0.3076171875,-0.28125,-0.8369140625
1072.734377,info,IMU,3357.0771,-1,-0.8828125,9.9375,0.00390625,-0.353515625,-0.142578125,0.3037109375,-0.279296875,-0.8408203125
1072.754585,info,IMU,3357.0971,-1.0078125,-0.84375,9.8515625,0.068359375,-0.412109375,-0.138671875,0.2978515625,-0.28125,-0.8408203125
1072.774197,info,IMU,3357.1171,-1.125,-1.15234375,9.28515625,0.029296875,-0.4375,-0.138671875,0.287109375,-0.2783203125,-0.83984375
1072.794409,info,IMU,3357.1371,-1,-1.2421875,8.69921875,0.060546875,-0.453125,-0.140625,0.2822265625,-0.2802734375,-0.8447265625
1072.814628,info,IMU,3357.1571,-1.09375,-1.3671875,8.75390625,0.03515625,-0.470703125,-0.13671875,0.2724609375,-0.2802734375,-0.84765625
1072.834250,info,IMU,3357.1771,-1.28125,-1.30078125,9.140625,0.044921875,-0.478515625,-0.130859375,0.265625,-0.279296875,-0.84765625
1072.854491,info,IMU,3357.1971000000003,-1.23828125,-1.33984375,9.30859375,0.04296875,-0.41796875,-0.125,0.2578125,-0.279296875,-0.8486328125
1072.874075,info,IMU,3357.2171000000003,-0.71484375,-1.1171875,8.640625,0.078125,-0.41015625,-0.1171875,0.25,-0.283203125,-0.8515625
1072.894286,info,IMU,3357.2371000000003,-0.57421875,-1.0390625,9.21484375,0.05078125,-0.412109375,-0.115234375,0.2421875,-0.279296875,-0.8505859375
1072.914787,info,IMU,3357.2571000000003,-0.5390625,-1.0625,8.88671875,0.091796875,-0.453125,-0.12109375,0.2353515625,-0.2802734375,-0.8525390625
1072.934108,info,IMU,3357.2771000000002,-0.6015625,-1.046875,10.4609375,0.064453125,-0.40625,-0.11328125,0.228515625,-0.283203125,-0.853515625
1072.954611,info,IMU,3357.2971000000002,-0.4921875,-1.1875,8.73046875,0.095703125,-0.390625,-0.099609375,0.2197265625,-0.2861328125,-0.853515625
1072.974582,info,IMU,3357.3171,-0.73046875,-1.00390625,9.6953125,0.052734375,-0.365234375,-0.1015625,0.21484375,-0.28515625,-0.8544921875
1072.994232,info,IMU,3357.3371,-0.53125,-1.2734375,9.53125,0.025390625,-0.279296875,-0.09765625,0.2060546875,-0.2861328125,-0.853515625
1073.014393,info,IMU,3357.3571,-0.234375,-1.0703125,10.98046875,0.0546875,-0.28515625,-0.087890625,0.2021484375,-0.2890625,-0.85546875
1073.034644,info,IMU,3357.3771,-0.22265625,-0.96484375,11.05859375,0.091796875,-0.2578125,-0.087890625,0.193359375,-0.2880859375,-0.85546875
1073.055076,info,IMU,3357.3971,-0.265625,-0.87109375,10.00390625,0.08203125,-0.283203125,-0.083984375,0.189453125,-0.2900390625,-0.85546875
1073.074457,info,IMU,3357.4171,-0.23828125,-1.2421875,10.28515625,0.078125,-0.27734375,-0.07421875,0.185546875,-0.2900390625,-0.85546875
1073.094064,info,IMU,3357.4371,-0.28125,-1.40625,10.23046875,0.046875,-0.220703125,-0.05859375,0.1796875,-0.291015625,-0.8564453125
1073.114298,info,IMU,3357.4571,0.0703125,-0.9609375,11.890625,0.052734375,-0.228515625,-0.0546875,0.1748046875,-0.294921875,-0.8544921875
1073.134533,info,IMU,3357.4771,0.25390625,-1.16796875,11.86328125,0.0546875,-0.224609375,-0.046875,0.1728515625,-0.294921875,-0.853515625
1073.155447,info,IMU,3357.4971,0.17578125,-1.1328125,10.984375,0.103515625,-0.2421875,-0.041015625,0.16796875,-0.29296875,-0.85546875
1073.174326,info,IMU,3357.5171,-0.2578125,-1.26953125,11.140625,0.015625,-0.1875,-0.029296875,0.1630859375,-0.298828125,-0.857421875
1073.194551,info,IMU,3357.5371,-0.10546875,-1.29296875,9.9453125,0.03515625,-0.150390625,-0.025390625,0.1611328125,-0.296875,-0.8564453125
1073.214182,info,IMU,3357.5571,-0.0078125,-1.12890625,10.609375,-0.001953125,-0.109375,-0.015625,0.1572265625,-0.294921875,-0.857421875
1073.234390,info,IMU,3357.5771,-0.1171875,-1.01171875,10.58984375,-0.005859375,-0.09765625,-0.00390625,0.1611328125,-0.2958984375,-0.8544921875
1073.255844,info,IMU,3357.5971,0.11328125,-0.8828125,11.375,-0.033203125,-0.060546875,-0.001953125,0.1572265625,-0.296875,-0.85546875
1073.274245,info,IMU,3357.6171,0.3671875,-0.76171875,10.5703125,-0.00390625,-0.04296875,0.0078125,0.15625,-0.298828125,-0.8564453125
1073.294472,info,IMU,3357.6371,0.2890625,-0.9765625,10.6953125,-0.076171875,-0.009765625,0.01953125,0.154296875,-0.294921875,-0.8564453125
1073.314069,info,IMU,3357.6571,0.10546875,-1.19140625,10.046875,-0.025390625,-0.005859375,0.02734375,0.154296875,-0.296875,-0.85546875
1073.335382,info,IMU,3357.6771,0.16796875,-0.9375,11.62109375,-0.091796875,0.072265625,0.037109375,0.154296875,-0.2939453125,-0.857421875
1073.356271,info,IMU,3357.6971000000003,0.4140625,-1.1953125,10.64453125,-0.03515625,0.103515625,0.046875,0.15625,-0.2939453125,-0.8564453125
1073.374281,info,IMU,3357.7171000000003,0.59765625,-0.9375,12.6953125,-0.0234375,0.12109375,0.05078125,0.1611328125,-0.29296875,-0.857421875
1073.394330,info,IMU,3357.7371000000003,0.671875,-1.078125,11.78515625,-0.099609375,0.166015625,0.064453125,0.1630859375,-0.2919921875,-0.8564453125
1073.417448,info,IMU,3357.7571000000003,0.5390625,-1.60546875,12.765625,-0.123046875,0.197265625,0.072265625,0.1640625,-0.2880859375,-0.8583984375
1073.434173,info,IMU,3357.7771000000002,0.64453125,-1.08203125,13.31640625,-0.09765625,0.20703125,0.078125,0.1669921875,-0.2880859375,-0.857421875
1073.456607,info,IMU,3357.7971000000002,0.54296875,-1.1953125,13.375,-0.169921875,0.2578125,0.087890625,0.1689453125,-0.28515625,-0.857421875
1073.474622,info,IMU,3357.8171,0.4296875,-1,11.7890625,-0.064453125,0.21484375,0.1015625,0.171875,-0.283203125,-0.8583984375
1073.494228,info,IMU,3357.8371,0.37890625,-0.7109375,12.44921875,-0.20703125,0.23046875,0.107421875,0.1767578125,-0.2802734375,-0.8583984375
1073.514449,info,IMU,3357.8571,0.1171875,-1.1796875,9.9921875,-0.10546875,0.21484375,0.115234375,0.181640625,-0.2763671875,-0.8583984375
1073.534066,info,IMU,3357.8771,-0.05859375,-0.98828125,12.3671875,-0.154296875,0.294921875,0.119140625,0.189453125,-0.2724609375,-0.859375
1073.556973,info,IMU,3357.8971,0.07421875,-1.0390625,9.859375,-0.166015625,0.330078125,0.134765625,0.1923828125,-0.2705078125,-0.859375
1073.574512,info,IMU,3357.9171,0.1328125,-0.71484375,12.67578125,-0.130859375,0.369140625,0.140625,0.2001953125,-0.2666015625,-0.8603515625
1073.594103,info,IMU,3357.9371,0.1484375,-1.1796875,11.05859375,-0.158203125,0.396484375,0.1484375,0.205078125,-0.2646484375,-0.861328125
1073.614338,info,IMU,3357.9571,-0.171875,-1.2109375,11.08203125,-0.087890625,0.37109375,0.15234375,0.212890625,-0.263671875,-0.857421875
1073.634921,info,IMU,3357.9771,-0.50390625,-0.96875,11.77734375,-0.177734375,0.37890625,0.15234375,0.2177734375,-0.26171875,-0.8603515625
1073.654174,info,IMU,3357.9971,-0.24609375,-0.875,12.04296875,-0.208984375,0.41015625,0.162109375,0.2236328125,-0.2578125,-0.859375
1073.674360,info,IMU,3358.0171,-0.08203125,-1.09765625,11.703125,-0.15234375,0.421875,0.171875,0.2333984375,-0.255859375,-0.8603515625
1073.694659,info,IMU,3358.0371,-0.25390625,-0.6953125,11.15234375,-0.119140625,0.37109375,0.171875,0.2392578125,-0.2509765625,-0.8583984375
1073.714321,info,IMU,3358.0571,-0.92578125,-1.37109375,9.078125,-0.234375,0.412109375,0.17578125,0.24609375,-0.248046875,-0.857421875
1073.734463,info,IMU,3358.0771,-0.609375,-1.125,10.859375,-0.21484375,0.3671875,0.169921875,0.251953125,-0.2451171875,-0.85546875
1073.758164,info,IMU,3358.0971,-0.67578125,-1.0625,11.78515625,-0.30859375,0.416015625,0.1875,0.2587890625,-0.2421875,-0.859375
1073.774254,info,IMU,3358.1171,-0.953125,-0.91796875,9.44140625,-0.11328125,0.283203125,0.185546875,0.263671875,-0.2392578125,-0.8564453125
1073.794500,info,IMU,3358.1371,-0.7265625,-0.58984375,11.16015625,-0.271484375,0.353515625,0.1953125,0.26953125,-0.2373046875,-0.8564453125
1073.814117,info,IMU,3358.1571,-0.34375,-0.8671875,8.1796875,-0.201171875,0.318359375,0.19140625,0.2744140625,-0.2333984375,-0.8564453125
1073.834316,info,IMU,3358.1771,-0.953125,-1.30859375,11.6875,-0.255859375,0.353515625,0.185546875,0.28125,-0.2314453125,-0.8525390625
1073.854543,info,IMU,3358.1971000000003,-0.9140625,-1.0546875,9.55859375,-0.169921875,0.35546875,0.19140625,0.287109375,-0.23046875,-0.85546875
1073.874149,info,IMU,3358.2171000000003,-0.64453125,-0.703125,12.08203125,-0.140625,0.40234375,0.20703125,0.294921875,-0.2275390625,-0.85546875
1073.894394,info,IMU,3358.2371000000003,-0.37109375,-0.6328125,8.7421875,-0.05078125,0.267578125,0.205078125,0.2958984375,-0.224609375,-0.8525390625
1073.914620,info,IMU,3358.2571000000003,-0.44921875,-0.61328125,10.3125,-0.09375,0.255859375,0.203125,0.3037109375,-0.2216796875,-0.8525390625
1073.936747,info,IMU,3358.2771000000002,-0.6171875,-1.203125,7.14453125,-0.05078125,0.23828125,0.203125,0.3076171875,-0.220703125,-0.853515625
1073.954466,info,IMU,3358.2971000000002,-1.25,-0.65625,10.21484375,-0.021484375,0.119140625,0.189453125,0.3125,-0.220703125,-0.849609375
1073.974067,info,IMU,3358.3171,-1.41796875,-1.27734375,6.296875,-0.12890625,0.205078125,0.203125,0.3154296875,-0.21875,-0.8515625
1073.994273,info,IMU,3358.3371,-1,-0.90234375,9.0859375,-0.078125,0.177734375,0.19921875,0.3193359375,-0.21875,-0.84765625
1074.014562,info,IMU,3358.3571,-0.890625,-1.125,9.64453125,-0.150390625,0.271484375,0.2109375,0.3251953125,-0.2177734375,-0.84765625
1074.034112,info,IMU,3358.3771,-0.96875,-1.328125,8.62890625,0.0703125,0.201171875,0.185546875,0.330078125,-0.2177734375,-0.84765625
1074.054304,info,IMU,3358.3971,-1.03515625,-1.05859375,10.046875,-0.08203125,0.19921875,0.181640625,0.3330078125,-0.2197265625,-0.8466796875
1074.074524,info,IMU,3358.4171,-1.00390625,-1.2265625,7.99609375,0.02734375,0.271484375,0.1875,0.3359375,-0.2197265625,-0.8466796875
1074.094184,info,IMU,3358.4371,-1.26953125,-1.0625,9.27734375,0.005859375,0.119140625,0.1875,0.33984375,-0.22265625,-0.8466796875
1074.114349,info,IMU,3358.4571,-1.4765625,-1.0859375,8.62890625,0.01953125,0.1875,0.1796875,0.3408203125,-0.220703125,-0.84375
1074.134603,info,IMU,3358.4771,-1.61328125,-1.1953125,9.21875,-0.001953125,0.1953125,0.177734375,0.34375,-0.224609375,-0.8427734375
1074.154202,info,IMU,3358.4971,-1.2265625,-0.83203125,8.81640625,0.056640625,0.08984375,0.162109375,0.3466796875,-0.2255859375,-0.841796875
1074.174437,info,IMU,3358.5171,-1.4609375,-1.15234375,8.91015625,-0.0234375,0.1953125,0.173828125,0.349609375,-0.2275390625,-0.841796875
1074.194056,info,IMU,3358.5371,-1.44140625,-1.34375,6.37890625,0.109375,0.08984375,0.169921875,0.3505859375,-0.228515625,-0.83984375
1074.214250,info,IMU,3358.5571,-1.421875,-0.5078125,9.66796875,0.099609375,0.017578125,0.16015625,0.3515625,-0.232421875,-0.8388671875
1074.234497,info,IMU,3358.5771,-1.49609375,-0.91015625,6.2421875,0.09765625,0.060546875,0.154296875,0.3515625,-0.2353515625,-0.8408203125
1074.254091,info,IMU,3358.5971,-1.484375,-0.63671875,7.90234375,0.2265625,-0.046875,0.138671875,0.3515625,-0.2412109375,-0.8388671875
1074.274297,info,IMU,3358.6171,-1.75390625,-0.53515625,7.55859375,0.103515625,0.078125,0.140625,0.353515625,-0.2451171875,-0.8388671875
1074.294522,info,IMU,3358.6371,-1.95703125,-1.25,6.4765625,0.2578125,-0.013671875,0.130859375,0.3505859375,-0.2470703125,-0.8349609375
1074.314142,info,IMU,3358.6571,-1.8515625,-1.05078125,9.7421875,0.21875,0.013671875,0.134765625,0.3505859375,-0.251953125,-0.8349609375
1074.334366,info,IMU,3358.6771,-1.9140625,-1.05078125,7.32421875,0.185546875,-0.0078125,0.130859375,0.349609375,-0.2568359375,-0.8349609375
1074.354578,info,IMU,3358.6971000000003,-1.5703125,-0.94921875,9.60546875,0.197265625,-0.04296875,0.115234375,0.3447265625,-0.2626953125,-0.8330078125
1074.374193,info,IMU,3358.7171000000003,-1.37890625,-0.9921875,8.3046875,0.212890625,-0.099609375,0.107421875,0.3466796875,-0.2666015625,-0.833984375
1074.394412,info,IMU,3358.7371000000003,-1.61328125,-1.43359375,8.90234375,0.203125,-0.087890625,0.109375,0.341796875,-0.26953125,-0.833984375
1074.414023,info,IMU,3358.7571000000003,-1.51953125,-1.6015625,7.68359375,0.17578125,-0.19921875,0.095703125,0.341796875,-0.2744140625,-0.8310546875
1074.434234,info,IMU,3358.7771000000002,-1.27734375,-0.8125,9.77734375,0.18359375,-0.19921875,0.09375,0.337890625,-0.2783203125,-0.8330078125
1074.454570,info,IMU,3358.7971000000002,-1.30859375,-0.6484375,6.71875,0.177734375,-0.193359375,0.09375,0.3330078125,-0.28515625,-0.8330078125
1074.474078,info,IMU,3358.8171,-1.60546875,-0.2890625,8.78125,0.19140625,-0.19921875,0.08203125,0.330078125,-0.2900390625,-0.8330078125
1074.494292,info,IMU,3358.8371,-1.6171875,-0.47265625,7.421875,0.1875,-0.173828125,0.06640625,0.32421875,-0.2939453125,-0.8330078125
1074.514527,info,IMU,3358.8571,-1.62109375,-0.66796875,8.8359375,0.265625,-0.201171875,0.056640625,0.3203125,-0.2978515625,-0.8330078125
1074.534131,info,IMU,3358.8771,-1.62890625,-1.02734375,8.78125,0.15625,-0.185546875,0.0625,0.31640625,-0.2998046875,-0.8310546875
1074.554358,info,IMU,3358.8971,-1.28125,-0.59375,9.94921875,0.205078125,-0.251953125,0.05078125,0.30859375,-0.3076171875,-0.830078125
1074.574554,info,IMU,3358.9171,-1.609375,-0.9609375,10.234375,0.115234375,-0.28125,0.046875,0.3056640625,-0.30859375,-0.8310546875
1074.594221,info,IMU,3358.9371,-1.13671875,-1.16796875,9.76953125,0.154296875,-0.18359375,0.044921875,0.298828125,-0.3154296875,-0.830078125
1074.614478,info,IMU,3358.9571,-0.68359375,-0.8203125,11.19140625,0.123046875,-0.216796875,0.03515625,0.294921875,-0.318359375,-0.8349609375
1074.633996,info,IMU,3358.9771,-0.78515625,-0.6484375,10.51953125,0.140625,-0.328125,0.033203125,0.2890625,-0.3232421875,-0.83203125
1074.654230,info,IMU,3358.9971,-0.91015625,-0.98828125,9.48828125,0.123046875,-0.341796875,0.03125,0.2861328125,-0.3251953125,-0.8310546875
1074.674478,info,IMU,3359.0171,-1.05859375,-0.8671875,11.15625,0.1328125,-0.30078125,0.021484375,0.279296875,-0.3291015625,-0.83203125
1074.694064,info,IMU,3359.0371,-0.98828125,-0.90625,10.91796875,0.10546875,-0.27734375,0.025390625,0.2734375,-0.3291015625,-0.8349609375
1074.714957,info,IMU,3359.0571,-1.07421875,-0.92578125,9.80078125,0.11328125,-0.330078125,0.0234375,0.2666015625,-0.3310546875,-0.8310546875
1074.734510,info,IMU,3359.0771,-1.0078125,-0.9609375,9.63671875,0.052734375,-0.25390625,0.0234375,0.26171875,-0.333984375,-0.8330078125
1074.754101,info,IMU,3359.0971,-0.58984375,-0.578125,10.078125,0.06640625,-0.251953125,0.01171875,0.2578125,-0.333984375,-0.8349609375
1074.774335,info,IMU,3359.1171,-0.88671875,-1.17578125,9.26953125,0.04296875,-0.2265625,0.013671875,0.2490234375,-0.3349609375,-0.8349609375
1074.794552,info,IMU,3359.1371,-0.9453125,-1.015625,11.0625,0.05078125,-0.220703125,0.009765625,0.2470703125,-0.337890625,-0.8349609375
1074.816856,info,IMU,3359.1571,-0.3984375,-0.90234375,9.90234375,-0.005859375,-0.23046875,0.013671875,0.2392578125,-0.337890625,-0.8349609375
1074.834483,info,IMU,3359.1771,-0.50390625,-0.609375,12.0859375,-0.009765625,-0.19140625,0.013671875,0.232421875,-0.337890625,-0.833984375
1074.853981,info,IMU,3359.1971000000003,-0.390625,-1.21484375,9.15234375,-0.05078125,-0.208984375,0.01953125,0.23046875,-0.3369140625,-0.8359375
1074.874213,info,IMU,3359.2171000000003,-0.44921875,-0.93359375,11.63671875,-0.048828125,-0.2421875,0.001953125,0.2255859375,-0.3388671875,-0.837890625
1074.894444,info,IMU,3359.2371000000003,-0.3203125,-0.96875,10.28125,-0.029296875,-0.26171875,0.005859375,0.2236328125,-0.3369140625,-0.837890625
1074.914064,info,IMU,3359.2571000000003,-0.546875,-0.76953125,11.28515625,0.001953125,-0.25390625,0.005859375,0.21875,-0.3388671875,-0.8388671875
1074.934280,info,IMU,3359.2771000000002,-0.953125,-1.1875,10.609375,-0.025390625,-0.1328125,0.01171875,0.21484375,-0.3359375,-0.8388671875
1074.954497,info,IMU,3359.2971000000002,-0.49609375,-0.94140625,11.2109375,-0.041015625,-0.029296875,0.0078125,0.212890625,-0.3349609375,-0.8408203125
1074.974086,info,IMU,3359.3171,-0.1484375,-0.84765625,11.07421875,-0.064453125,-0.05859375,0.00390625,0.208984375,-0.3349609375,-0.83984375
1074.994324,info,IMU,3359.3371,-0.1640625,-0.875,10.8828125,-0.0546875,-0.083984375,0.005859375,0.20703125,-0.3330078125,-0.841796875
1075.014922,info,IMU,3359.3571,-0.3515625,-1.375,9.8203125,-0.126953125,-0.046875,-0,0.2060546875,-0.33203125,-0.83984375
1075.034170,info,IMU,3359.3771,-0.1015625,-1.3203125,11.125,-0.087890625,-0.07421875,0.0078125,0.205078125,-0.33203125,-0.841796875
1075.054425,info,IMU,3359.3971,-0.00390625,-1.0234375,10.08984375,-0.0546875,-0.060546875,0.01953125,0.205078125,-0.326171875,-0.8447265625
1075.074593,info,IMU,3359.4171,0.1015625,-0.52734375,10.390625,-0.07421875,-0.056640625,0.013671875,0.2041015625,-0.3251953125,-0.84375
1075.094220,info,IMU,3359.4371,-0.16796875,-0.8046875,9.125,-0.0234375,-0.091796875,0.013671875,0.201171875,-0.3251953125,-0.84375
1075.114519,info,IMU,3359.4571,-0.7265625,-0.95703125,8.62890625,-0.111328125,0.013671875,0.005859375,0.2041015625,-0.3251953125,-0.8447265625
1075.134050,info,IMU,3359.4771,-0.97265625,-0.97265625,9.06640625,-0.078125,0.080078125,0.009765625,0.205078125,-0.32421875,-0.84375
1075.154280,info,IMU,3359.4971,-0.65625,-0.921875,9.37890625,0.009765625,0.09375,0.013671875,0.205078125,-0.3212890625,-0.8427734375
1075.174481,info,IMU,3359.5171,-0.390625,-1.08984375,9.6875,-0.07421875,0.185546875,0.01953125,0.2060546875,-0.322265625,-0.84375
1075.194082,info,IMU,3359.5371,-0.38671875,-1.50390625,8.45703125,0.001953125,0.09765625,0.025390625,0.2060546875,-0.3212890625,-0.845703125
1075.214329,info,IMU,3359.5571,-0.40234375,-1.0703125,10.58984375,-0.09375,0.16796875,0.0234375,0.208984375,-0.3193359375,-0.84375
1075.234552,info,IMU,3359.5771,-0.1171875,-1.1171875,8.09375,-0.0078125,0.1015625,0.021484375,0.2099609375,-0.318359375,-0.8447265625
1075.254172,info,IMU,3359.5971,-0.75,-1.48828125,9.40625,-0.01953125,0.05078125,0.033203125,0.2119140625,-0.3193359375,-0.8447265625
1075.274381,info,IMU,3359.6171,-0.171875,-0.62109375,8.4453125,-0.03125,0.0546875,0.033203125,0.2138671875,-0.3203125,-0.84375
1075.294623,info,IMU,3359.6371,-0.2578125,-0.84375,8.13671875,0.01953125,-0.01953125,0.044921875,0.21484375,-0.3212890625,-0.8466796875
1075.314204,info,IMU,3359.6571,-0.33203125,-1.42578125,6.9296875,0.091796875,0.029296875,0.037109375,0.2158203125,-0.322265625,-0.8447265625
1075.334487,info,IMU,3359.6771,-0.3515625,-0.984375,7.42578125,0.005859375,0.041015625,0.0390625,0.220703125,-0.3203125,-0.8447265625
1075.354086,info,IMU,3359.6971000000003,-0.71875,-1.11328125,7.7890625,0.115234375,-0,0.0390625,0.21875,-0.3212890625,-0.841796875
1075.374246,info,IMU,3359.7171000000003,-0.6796875,-1,7.4296875,0.017578125,-0.01953125,0.0390625,0.2197265625,-0.322265625,-0.841796875
1075.394477,info,IMU,3359.7371000000003,-0.72265625,-1.21875,6.09765625,0.07421875,-0.041015625,0.05078125,0.2236328125,-0.3232421875,-0.8408203125
1075.414105,info,IMU,3359.7571000000003,-0.9375,-0.94140625,7.3984375,0.056640625,0.03515625,0.048828125,0.2236328125,-0.3251953125,-0.841796875
1075.434454,info,IMU,3359.7771000000002,-0.79296875,-0.75390625,7.046875,0.083984375,0.064453125,0.041015625,0.2236328125,-0.3271484375,-0.83984375
1075.454524,info,IMU,3359.7971000000002,-0.93359375,-1.09765625,8.2421875,0.056640625,0.009765625,0.044921875,0.2255859375,-0.3271484375,-0.84375
1075.474144,info,IMU,3359.8171,-0.67578125,-0.6484375,9.12109375,0.044921875,0.03125,0.0390625,0.2275390625,-0.3291015625,-0.8408203125
1075.494355,info,IMU,3359.8371,-1.1640625,-1.32421875,7.81640625,0.01953125,0.060546875,0.04296875,0.224609375,-0.3291015625,-0.8388671875
1075.514581,info,IMU,3359.8571,-0.67578125,-0.80859375,10.7734375,-0.0078125,0.109375,0.041015625,0.2275390625,-0.33203125,-0.8408203125
1075.534216,info,IMU,3359.8771,-0.6796875,-0.83984375,9.03515625,-0.013671875,0.01171875,0.048828125,0.2275390625,-0.3330078125,-0.8388671875
1075.554430,info,IMU,3359.8971,-0.875,-0.6171875,11.7734375,0.017578125,-0,0.046875,0.22265625,-0.3330078125,-0.8388671875
1075.574020,info,IMU,3359.9171,-0.9140625,-0.8828125,8.41015625,-0.044921875,0.03515625,0.044921875,0.224609375,-0.3359375,-0.837890625
1075.594240,info,IMU,3359.9371,-1.14453125,-1.03515625,10.62890625,0.068359375,-0.033203125,0.041015625,0.2236328125,-0.333984375,-0.8388671875
1075.615600,info,IMU,3359.9571,-1.06640625,-1.19140625,9.15234375,-0.0625,0.001953125,0.048828125,0.2216796875,-0.3369140625,-0.83984375
1075.634074,info,IMU,3359.9771,-0.76953125,-0.66796875,9.30078125,0.056640625,-0.095703125,0.056640625,0.220703125,-0.337890625,-0.8388671875
1075.654310,info,IMU,3359.9971,-1.23046875,-0.8828125,9.28125,-0.064453125,-0.1171875,0.05859375,0.2197265625,-0.3349609375,-0.8388671875
1075.674525,info,IMU,3360.0171,-0.796875,-0.7578125,9.18359375,0.001953125,-0.076171875,0.05859375,0.216796875,-0.3330078125,-0.83984375
1075.694140,info,IMU,3360.0371,-0.9921875,-0.80859375,7.60546875,-0.03125,-0.23046875,0.064453125,0.2158203125,-0.330078125,-0.83984375
1075.716766,info,IMU,3360.0571,-1.1484375,-0.78515625,8.546875,-0.0546875,-0.158203125,0.072265625,0.21484375,-0.3349609375,-0.8388671875
1075.734588,info,IMU,3360.0771,-0.8984375,-0.29296875,7.88671875,-0.078125,-0.150390625,0.06640625,0.2109375,-0.333984375,-0.84375
1075.754213,info,IMU,3360.0971,-1.48828125,-0.9765625,8.8828125,-0.0390625,-0.162109375,0.0625,0.2021484375,-0.33203125,-0.8408203125
1075.774446,info,IMU,3360.1171,-1.12890625,-1.33203125,8.7578125,-0.07421875,-0.072265625,0.068359375,0.19921875,-0.3310546875,-0.8427734375
1075.794047,info,IMU,3360.1371,-0.7421875,-0.59765625,9.16796875,-0.064453125,-0.189453125,0.072265625,0.1953125,-0.328125,-0.8427734375
1075.814260,info,IMU,3360.1571,-0.61328125,-0.6015625,10.859375,-0.099609375,-0.2265625,0.078125,0.19140625,-0.326171875,-0.845703125
1075.834471,info,IMU,3360.1771,-0.4296875,-1.03125,8.36328125,-0.126953125,-0.267578125,0.080078125,0.185546875,-0.32421875,-0.845703125
1075.854107,info,IMU,3360.1971000000003,-0.6640625,-0.9921875,10.390625,-0.091796875,-0.310546875,0.068359375,0.1806640625,-0.3203125,-0.8486328125
1075.874328,info,IMU,3360.2171000000003,-0.4375,-1.05078125,8.81640625,-0.150390625,-0.27734375,0.07421875,0.1748046875,-0.318359375,-0.849609375
1075.894562,info,IMU,3360.2371000000003,-0.68359375,-0.57421875,9.18359375,-0.087890625,-0.33203125,0.083984375,0.1708984375,-0.3203125,-0.8486328125
1075.914166,info,IMU,3360.2571000000003,-1.01171875,-0.9765625,9.171875,-0.123046875,-0.2578125,0.08203125,0.1640625,-0.3173828125,-0.8486328125
1075.934354,info,IMU,3360.2771000000002,-0.703125,-0.9375,8.01171875,-0.1171875,-0.279296875,0.078125,0.1611328125,-0.3125,-0.853515625
1075.954556,info,IMU,3360.2971000000002,-0.91015625,-0.91796875,9.0625,-0.12890625,-0.25390625,0.083984375,0.1533203125,-0.30859375,-0.8544921875
1075.974245,info,IMU,3360.3171,-0.625,-0.80859375,8.875,-0.134765625,-0.1953125,0.08203125,0.1484375,-0.3076171875,-0.8525390625
1075.994418,info,IMU,3360.3371,-0.54296875,-0.8359375,8.80078125,-0.1171875,-0.203125,0.08203125,0.142578125,-0.306640625,-0.8544921875
1076.014022,info,IMU,3360.3571,-0.578125,-0.82421875,10.1328125,-0.146484375,-0.19921875,0.07421875,0.1357421875,-0.302734375,-0.85546875
1076.034286,info,IMU,3360.3771,-0.2421875,-0.92578125,9.5078125,-0.16796875,-0.154296875,0.083984375,0.1318359375,-0.302734375,-0.857421875
1076.054480,info,IMU,3360.3971,-0.38671875,-0.7734375,11.06640625,-0.03125,-0.208984375,0.078125,0.123046875,-0.2998046875,-0.857421875
1076.074054,info,IMU,3360.4171,-0.52734375,-1.24609375,10.03125,-0.154296875,-0.189453125,0.078125,0.123046875,-0.296875,-0.859375
1076.094301,info,IMU,3360.4371,-0.12109375,-1.0546875,10.23046875,-0.11328125,-0.259765625,0.078125,0.1181640625,-0.29296875,-0.8603515625
1076.114495,info,IMU,3360.4571,-0.08984375,-1.421875,11.2421875,-0.1328125,-0.189453125,0.076171875,0.11328125,-0.294921875,-0.857421875
1076.134129,info,IMU,3360.4771,-0.05859375,-0.7109375,10.12890625,-0.001953125,-0.1953125,0.08203125,0.109375,-0.291015625,-0.8583984375
1076.154312,info,IMU,3360.4971,-0.46484375,-1.06640625,10.2890625,-0.0625,-0.142578125,0.08203125,0.10546875,-0.2890625,-0.859375
1076.174581,info,IMU,3360.5171,-0.0546875,-0.8125,10.3203125,0.005859375,-0.19140625,0.068359375,0.1044921875,-0.287109375,-0.8623046875
1076.194217,info,IMU,3360.5371,-0.16796875,-0.61328125,8.6015625,-0.05859375,-0.177734375,0.0703125,0.0986328125,-0.2861328125,-0.8603515625
1076.214409,info,IMU,3360.5571,-0.21484375,-1.08203125,9.65625,-0.03125,-0.041015625,0.0625,0.09765625,-0.2841796875,-0.859375
1076.233993,info,IMU,3360.5771,-0.19921875,-0.86328125,9.69140625,-0.0703125,-0.07421875,0.07421875,0.095703125,-0.2822265625,-0.861328125
1076.254253,info,IMU,3360.5971,-0.30859375,-1.1953125,9.3671875,-0.0390625,-0.037109375,0.076171875,0.0927734375,-0.283203125,-0.8642578125
1076.274482,info,IMU,3360.6171,-0.3203125,-1.546875,9.58203125,-0.06640625,0.0078125,0.0703125,0.091796875,-0.28125,-0.8603515625
1076.294066,info,IMU,3360.6371,-0.1953125,-0.66796875,10.16796875,-0.060546875,-0.044921875,0.07421875,0.0908203125,-0.2802734375,-0.8623046875
1076.314295,info,IMU,3360.6571,-0.25390625,-1.46875,9.05078125,-0.056640625,0.025390625,0.078125,0.0927734375,-0.2802734375,-0.8642578125
1076.334504,info,IMU,3360.6771,-0.5625,-1.515625,9.45703125,-0.046875,0.080078125,0.072265625,0.0927734375,-0.279296875,-0.8623046875
1076.354107,info,IMU,3360.6971000000003,-0.25390625,-0.9375,9.72265625,-0.111328125,0.0234375,0.076171875,0.09375,-0.2783203125,-0.86328125
1076.374359,info,IMU,3360.7171000000003,-0.60546875,-1.9375,8.76953125,0.046875,-0.009765625,0.083984375,0.0947265625,-0.2744140625,-0.8623046875
1076.394547,info,IMU,3360.7371000000003,-0.60546875,-1.2734375,10.44140625,-0.125,0.099609375,0.083984375,0.099609375,-0.2744140625,-0.8623046875
1076.414187,info,IMU,3360.7571000000003,0.08984375,-1.328125,10.078125,-0.06640625,0.09765625,0.0859375,0.0966796875,-0.2734375,-0.865234375
1076.434384,info,IMU,3360.7771000000002,0.56640625,-1.55078125,11.8359375,-0,0.1484375,0.087890625,0.1044921875,-0.2705078125,-0.8671875
1076.453983,info,IMU,3360.7971000000002,0.70703125,-1.59765625,12.1875,-0.052734375,0.14453125,0.080078125,0.1064453125,-0.271484375,-0.8642578125
1076.474289,info,IMU,3360.8171,0.19140625,-1.71875,12.390625,0.083984375,0.275390625,0.087890625,0.1083984375,-0.2705078125,-0.8642578125
1076.494448,info,IMU,3360.8371,-0.21875,-1.578125,10.19140625,0.015625,0.228515625,0.0859375,0.115234375,-0.2705078125,-0.8671875
1076.514094,info,IMU,3360.8571,0.28515625,-1.2109375,15.05859375,-0.16015625,0.333984375,0.087890625,0.1201171875,-0.267578125,-0.865234375
1076.534279,info,IMU,3360.8771,0.46875,-1.296875,10.78515625,-0.08203125,0.291015625,0.087890625,0.125,-0.2646484375,-0.8671875
1076.554492,info,IMU,3360.8971,-0.48828125,-1.21875,10.6328125,-0.0234375,0.2578125,0.09375,0.130859375,-0.265625,-0.86328125
1076.574103,info,IMU,3360.9171,-0.51171875,-1.703125,11.25,-0.08984375,0.421875,0.08984375,0.13671875,-0.2626953125,-0.8662109375
1076.594357,info,IMU,3360.9371,0.078125,-1.53515625,11.05859375,-0.033203125,0.34765625,0.080078125,0.142578125,-0.26171875,-0.8642578125
1076.614562,info,IMU,3360.9571,-0.171875,-1.66796875,10.30859375,-0.08203125,0.390625,0.091796875,0.1494140625,-0.2607421875,-0.865234375
1076.634216,info,IMU,3360.9771,-0.68359375,-2.0078125,9.8359375,-0.0234375,0.36328125,0.09765625,0.158203125,-0.2587890625,-0.865234375
1076.654488,info,IMU,3360.9971,-0.34765625,-1.19140625,12.8828125,-0.0859375,0.353515625,0.09375,0.1650390625,-0.259765625,-0.865234375
1076.673975,info,IMU,3361.0171,-0.015625,-1.359375,10.76953125,-0.080078125,0.4296875,0.09375,0.171875,-0.2568359375,-0.8642578125
1076.694208,info,IMU,3361.0371,-0.0078125,-1.0078125,11.125,-0.0234375,0.44140625,0.0859375,0.1796875,-0.2607421875,-0.8642578125
1076.714453,info,IMU,3361.0571,-0.50390625,-1.64453125,10.9453125,-0.05859375,0.388671875,0.091796875,0.189453125,-0.2568359375,-0.865234375
1076.734051,info,IMU,3361.0771,-0.6875,-2.3671875,11.578125,0.009765625,0.37109375,0.08984375,0.1962890625,-0.2568359375,-0.8642578125
1076.754748,info,IMU,3361.0971,-0.55078125,-1.66796875,11.9453125,-0.056640625,0.5078125,0.091796875,0.2041015625,-0.2548828125,-0.861328125
1076.774479,info,IMU,3361.1171,-0.453125,-1.11328125,9.67578125,-0.05078125,0.388671875,0.08984375,0.2138671875,-0.25390625,-0.861328125
1076.794090,info,IMU,3361.1371,-0.61328125,-1.73046875,10.21484375,-0.021484375,0.380859375,0.087890625,0.2197265625,-0.2529296875,-0.861328125
1076.814352,info,IMU,3361.1571,-0.7734375,-1.37890625,10.73046875,-0.0078125,0.439453125,0.083984375,0.23046875,-0.2529296875,-0.8603515625
1076.834539,info,IMU,3361.1771,-1.03125,-1.44140625,10.25,-0.064453125,0.365234375,0.083984375,0.236328125,-0.2509765625,-0.857421875
1076.855021,info,IMU,3361.1971000000003,-1.19921875,-1.69921875,9.55859375,-0.015625,0.376953125,0.072265625,0.24609375,-0.2509765625,-0.8564453125
1076.874368,info,IMU,3361.2171000000003,-1.3515625,-1.6640625,7.953125,0.02734375,0.390625,0.087890625,0.2509765625,-0.25,-0.85546875
1076.894019,info,IMU,3361.2371000000003,-1.47265625,-1.609375,9.91796875,0.03125,0.279296875,0.08203125,0.2587890625,-0.251953125,-0.8564453125
1076.914215,info,IMU,3361.2571000000003,-1.09375,-1.4453125,9.3828125,-0.017578125,0.3125,0.08203125,0.265625,-0.2509765625,-0.8525390625
1076.934661,info,IMU,3361.2771000000002,-1.07421875,-1.671875,9.08984375,0.029296875,0.25390625,0.072265625,0.26953125,-0.2529296875,-0.8515625
1076.955493,info,IMU,3361.2971000000002,-1.32421875,-1.49609375,9.2109375,0.001953125,0.2578125,0.0703125,0.2763671875,-0.2548828125,-0.8515625
1076.974261,info,IMU,3361.3171,-1.578125,-1.5078125,8.43359375,0.029296875,0.2109375,0.06640625,0.279296875,-0.2548828125,-0.849609375
1076.994460,info,IMU,3361.3371,-1.5390625,-1.83203125,7.66796875,0.107421875,0.181640625,0.0703125,0.283203125,-0.2548828125,-0.8515625
1077.014078,info,IMU,3361.3571,-1.5625,-1.59375,9.06640625,0.04296875,0.18359375,0.068359375,0.2890625,-0.2578125,-0.8486328125
1077.034321,info,IMU,3361.3771,-1.18359375,-1.68359375,9.27734375,0.033203125,0.140625,0.06640625,0.291015625,-0.2587890625,-0.84765625
1077.055893,info,IMU,3361.3971,-1.49609375,-1.5078125,10.83203125,0.076171875,0.078125,0.056640625,0.29296875,-0.2607421875,-0.8486328125
1077.074157,info,IMU,3361.4171,-1.62890625,-1.2578125,8.98046875,0.095703125,0.078125,0.05859375,0.294921875,-0.263671875,-0.8466796875
1077.094388,info,IMU,3361.4371,-2.1796875,-1.94921875,7.91015625,0.150390625,0.02734375,0.0546875,0.2919921875,-0.26171875,-0.845703125
1077.113965,info,IMU,3361.4571,-1.8984375,-1.86328125,7.48828125,0.1328125,0.021484375,0.0546875,0.294921875,-0.2666015625,-0.84375
1077.134211,info,IMU,3361.4771,-1.890625,-2.2109375,7.95703125,0.099609375,0.00390625,0.0546875,0.2919921875,-0.2685546875,-0.8466796875
1077.156276,info,IMU,3361.4971,-1.50390625,-2.1015625,8.421875,0.08203125,-0.001953125,0.044921875,0.2958984375,-0.2734375,-0.84765625
1077.174020,info,IMU,3361.5171,-1.25390625,-1.3828125,9.16015625,0.052734375,-0.068359375,0.044921875,0.2919921875,-0.2724609375,-0.8447265625
1077.194234,info,IMU,3361.5371,-1.1875,-1.56640625,8.62109375,0.08203125,-0.11328125,0.0390625,0.2919921875,-0.275390625,-0.8427734375
1077.214501,info,IMU,3361.5571,-1.23828125,-1.18359375,8.8125,0.1015625,-0.134765625,0.0390625,0.2890625,-0.279296875,-0.8447265625
1077.234105,info,IMU,3361.5771,-1.15625,-1.24609375,7.9921875,0.1875,-0.1640625,0.037109375,0.2841796875,-0.2822265625,-0.845703125
1077.256680,info,IMU,3361.5971,-1.46875,-1.26953125,7.96875,0.158203125,-0.16015625,0.02734375,0.28515625,-0.28515625,-0.8427734375
1077.274528,info,IMU,3361.6171,-1.3515625,-2.1796875,8.99609375,0.16015625,-0.193359375,0.021484375,0.2802734375,-0.2880859375,-0.8427734375
1077.294140,info,IMU,3361.6371,-1.43359375,-1.53515625,9.23046875,0.1328125,-0.2265625,0.013671875,0.27734375,-0.2900390625,-0.84375
1077.314380,info,IMU,3361.6571,-1.24609375,-1.86328125,9.5078125,0.15625,-0.228515625,0.013671875,0.2705078125,-0.29296875,-0.8427734375
1077.333944,info,IMU,3361.6771,-1.4140625,-1.25390625,7.828125,0.138671875,-0.26953125,0.01171875,0.265625,-0.296875,-0.84375
1077.357093,info,IMU,3361.6971000000003,-1.39453125,-1.7734375,8.44140625,0.150390625,-0.267578125,0.009765625,0.2607421875,-0.3017578125,-0.845703125
1077.374432,info,IMU,3361.7171000000003,-1.34375,-1.3125,8.51953125,0.1328125,-0.28515625,0.001953125,0.2568359375,-0.2998046875,-0.8427734375
1077.394044,info,IMU,3361.7371000000003,-1.3046875,-1.84765625,8.953125,0.1796875,-0.267578125,-0.001953125,0.2490234375,-0.302734375,-0.8447265625
1077.414743,info,IMU,3361.7571000000003,-1.38671875,-1.41015625,8.9296875,0.119140625,-0.287109375,-0.0078125,0.248046875,-0.3056640625,-0.84375
1077.434472,info,IMU,3361.7771000000002,-1.0390625,-1.671875,9.59765625,0.115234375,-0.283203125,-0.013671875,0.240234375,-0.3115234375,-0.8427734375
1077.457488,info,IMU,3361.7971000000002,-1.38671875,-1.4609375,9.984375,0.087890625,-0.294921875,-0.015625,0.236328125,-0.30859375,-0.8447265625
1077.474296,info,IMU,3361.8171,-1.28125,-1.55859375,9.83203125,0.111328125,-0.3125,-0.01953125,0.228515625,-0.314453125,-0.84375
1077.494525,info,IMU,3361.8371,-1.27734375,-1.08984375,9.80078125,0.08203125,-0.3359375,-0.01953125,0.2236328125,-0.3134765625,-0.8427734375
1077.516890,info,IMU,3361.8571,-1.24609375,-1.66796875,10.15234375,0.064453125,-0.298828125,-0.025390625,0.21875,-0.3193359375,-0.8466796875
1077.534336,info,IMU,3361.8771,-0.90625,-1.6328125,10.30859375,0.048828125,-0.365234375,-0.029296875,0.208984375,-0.3173828125,-0.8447265625
1077.557885,info,IMU,3361.8971,-0.6875,-1.6640625,10.43359375,0.013671875,-0.314453125,-0.0234375,0.205078125,-0.3203125,-0.8466796875
1077.574208,info,IMU,3361.9171,-0.9140625,-2.01171875,10.16015625,0.0078125,-0.333984375,-0.02734375,0.193359375,-0.318359375,-0.8486328125
1077.594404,info,IMU,3361.9371,-0.61328125,-1.56640625,10.62890625,-0.02734375,-0.3125,-0.02734375,0.193359375,-0.3203125,-0.84765625
1077.614289,info,IMU,3361.9571,-1.0078125,-1.7578125,9.51953125,-0.01171875,-0.322265625,-0.02734375,0.181640625,-0.3193359375,-0.845703125
1077.634291,info,IMU,3361.9771,-0.69921875,-1.48828125,12.4453125,-0.0859375,-0.357421875,-0.0234375,0.1728515625,-0.3173828125,-0.845703125
1077.658365,info,IMU,3361.9971,0.0703125,-1.26953125,10.87109375,-0.04296875,-0.302734375,-0.017578125,0.1728515625,-0.3154296875,-0.8515625
1077.674056,info,IMU,3362.0171,-0.23828125,-1.92578125,9.9921875,-0.08984375,-0.33203125,-0.015625,0.1640625,-0.314453125,-0.8505859375
1077.694276,info,IMU,3362.0371,-0.3046875,-1.90625,11.921875,-0.064453125,-0.267578125,-0.017578125,0.1591796875,-0.314453125,-0.8486328125
1077.714945,info,IMU,3362.0571,-0.4609375,-2.0546875,10.31640625,-0.123046875,-0.205078125,-0.015625,0.1552734375,-0.3134765625,-0.853515625
1077.734140,info,IMU,3362.0771,-0.484375,-2.0078125,10.171875,-0.01171875,-0.267578125,-0.013671875,0.1494140625,-0.30859375,-0.8515625
1077.754318,info,IMU,3362.0971,-0.171875,-1.66796875,11.734375,-0.14453125,-0.255859375,-0.0078125,0.146484375,-0.3076171875,-0.8544921875
1077.773937,info,IMU,3362.1171,0.14453125,-1.52734375,11.12890625,-0.09375,-0.134765625,0.00390625,0.1416015625,-0.3056640625,-0.853515625
1077.794206,info,IMU,3362.1371,0.56640625,-1.640625,10.37109375,-0.12109375,-0.216796875,-0.001953125,0.1416015625,-0.3046875,-0.857421875
1077.814547,info,IMU,3362.1571,0.32421875,-1.46484375,12.69921875,-0.12109375,-0.103515625,0.0078125,0.134765625,-0.2998046875,-0.85546875
1077.834025,info,IMU,3362.1771,0.44140625,-1.91796875,8.84765625,-0.197265625,-0.08984375,0.015625,0.1318359375,-0.296875,-0.8583984375
1077.854247,info,IMU,3362.1971000000003,0.19140625,-1.7265625,13.3515625,-0.1015625,-0.091796875,0.015625,0.12890625,-0.2958984375,-0.857421875
1077.874453,info,IMU,3362.2171000000003,0.49609375,-2.18359375,10.33984375,-0.205078125,0.009765625,0.02734375,0.1318359375,-0.29296875,-0.8583984375
1077.894061,info,IMU,3362.2371000000003,0.359375,-1.609375,11.52734375,-0.0859375,-0.04296875,0.02734375,0.130859375,-0.2900390625,-0.8583984375
1077.914428,info,IMU,3362.2571000000003,0.97265625,-1.8203125,11.70703125,-0.171875,0.068359375,0.029296875,0.1318359375,-0.2880859375,-0.8603515625
1077.934513,info,IMU,3362.2771000000002,0.43359375,-1.75390625,10.20703125,-0.078125,0.0703125,0.037109375,0.1376953125,-0.2841796875,-0.8623046875
1077.954118,info,IMU,3362.2971000000002,0.171875,-1.9296875,11.9296875,-0.08984375,0.150390625,0.03515625,0.1318359375,-0.28125,-0.861328125
1077.974310,info,IMU,3362.3171,0.1875,-1.91015625,10.3125,-0.11328125,0.150390625,0.041015625,0.1357421875,-0.28125,-0.859375
1077.994538,info,IMU,3362.3371,0.171875,-1.4375,11.265625,-0.09765625,0.16796875,0.04296875,0.1416015625,-0.2783203125,-0.8623046875
1078.014183,info,IMU,3362.3571,0.12890625,-1.71875,11.24609375,-0.13671875,0.19921875,0.0546875,0.1435546875,-0.2763671875,-0.8623046875
1078.034471,info,IMU,3362.3771,0.0703125,-1.453125,8.87890625,-0.10546875,0.205078125,0.052734375,0.146484375,-0.2734375,-0.8623046875
1078.054017,info,IMU,3362.3971,0.10546875,-1.9765625,11.36328125,-0.099609375,0.2734375,0.052734375,0.150390625,-0.26953125,-0.8623046875
1078.074276,info,IMU,3362.4171,-0.16796875,-1.78515625,8.65234375,-0.08984375,0.228515625,0.05859375,0.1572265625,-0.2685546875,-0.86328125
1078.094455,info,IMU,3362.4371,-0.078125,-1.89453125,10.57421875,-0.083984375,0.2890625,0.05859375,0.1591796875,-0.265625,-0.86328125
1078.114039,info,IMU,3362.4571,-0.27734375,-1.7734375,9.1796875,-0.0390625,0.21875,0.06640625,0.16796875,-0.265625,-0.8623046875
1078.134271,info,IMU,3362.4771,-0.5625,-1.93359375,10.08984375,-0.044921875,0.298828125,0.06640625,0.1728515625,-0.2685546875,-0.86328125
1078.154485,info,IMU,3362.4971,-0.453125,-1.671875,7.63671875,-0.0078125,0.25,0.06640625,0.1767578125,-0.2646484375,-0.8623046875
1078.174103,info,IMU,3362.5171,-0.49609375,-2.0390625,10.18359375,-0.03515625,0.248046875,0.064453125,0.181640625,-0.263671875,-0.8623046875
1078.194331,info,IMU,3362.5371,-0.80859375,-2.2109375,7.13671875,0.064453125,0.244140625,0.068359375,0.19140625,-0.267578125,-0.86328125
1078.214527,info,IMU,3362.5571,-0.6171875,-1.7734375,8.796875,-0.013671875,0.263671875,0.072265625,0.19140625,-0.2666015625,-0.861328125
1078.234162,info,IMU,3362.5771,-0.90234375,-1.80859375,6.5078125,0.146484375,0.1640625,0.076171875,0.197265625,-0.267578125,-0.861328125
1078.254415,info,IMU,3362.5971,-0.70703125,-1.4921875,8.2890625,-0.041015625,0.208984375,0.076171875,0.1982421875,-0.2685546875,-0.859375
1078.273987,info,IMU,3362.6171,-0.859375,-1.6953125,5.50390625,0.1484375,0.134765625,0.083984375,0.203125,-0.2705078125,-0.857421875
1078.294333,info,IMU,3362.6371,-0.21484375,-1.46875,7.546875,0.04296875,0.169921875,0.078125,0.2080078125,-0.2705078125,-0.8564453125
1078.314810,info,IMU,3362.6571,-0.6484375,-1.7265625,5.859375,0.0859375,0.126953125,0.078125,0.208984375,-0.2734375,-0.857421875
1078.334060,info,IMU,3362.6771,-0.82421875,-1.83984375,9.03515625,0.10546875,0.181640625,0.078125,0.21484375,-0.275390625,-0.8564453125
1078.354270,info,IMU,3362.6971000000003,-0.875,-1.4296875,5.4296875,0.068359375,0.123046875,0.080078125,0.2158203125,-0.2783203125,-0.857421875
1078.374499,info,IMU,3362.7171000000003,-1.49609375,-1.84765625,9.54296875,0.138671875,0.15234375,0.076171875,0.2197265625,-0.28125,-0.857421875
1078.394098,info,IMU,3362.7371000000003,-1.2109375,-1.18359375,5.5234375,0.0859375,0.001953125,0.076171875,0.2197265625,-0.28125,-0.853515625
1078.414316,info,IMU,3362.7571000000003,-1.49609375,-1.640625,9.3984375,0.111328125,0.044921875,0.0703125,0.2197265625,-0.2841796875,-0.8525390625
1078.434538,info,IMU,3362.7771000000002,-1.3828125,-1.46875,6.359375,0.06640625,-0.02734375,0.068359375,0.2216796875,-0.28515625,-0.8525390625
1078.454161,info,IMU,3362.7971000000002,-1.44921875,-1.6171875,8.12890625,0.154296875,-0.02734375,0.060546875,0.220703125,-0.2890625,-0.8515625
1078.474366,info,IMU,3362.8171,-1.09375,-1.625,6.9609375,0.060546875,-0.025390625,0.0625,0.22265625,-0.291015625,-0.849609375
1078.493996,info,IMU,3362.8371,-1.5703125,-1.4296875,7.9375,0.142578125,-0.044921875,0.05859375,0.2197265625,-0.29296875,-0.8486328125
1078.514192,info,IMU,3362.8571,-1.38671875,-1.1171875,8.45703125,0.083984375,-0.072265625,0.052734375,0.21875,-0.296875,-0.8525390625
1078.534458,info,IMU,3362.8771,-1.546875,-1.3515625,7.19140625,0.064453125,-0.09765625,0.048828125,0.2177734375,-0.296875,-0.8525390625
1078.554048,info,IMU,3362.8971,-1.3046875,-1.4375,9.375,0.111328125,-0.150390625,0.046875,0.2138671875,-0.2978515625,-0.849609375
1078.574260,info,IMU,3362.9171,-0.98828125,-1.3203125,7.2265625,-0.02734375,-0.1640625,0.05078125,0.2138671875,-0.3037109375,-0.8505859375
1078.594460,info,IMU,3362.9371,-0.703125,-2.14453125,8.625,0.087890625,-0.146484375,0.048828125,0.208984375,-0.30078125,-0.849609375
1078.614108,info,IMU,3362.9571,-0.54296875,-1.25,7.84765625,-0.025390625,-0.24609375,0.048828125,0.2041015625,-0.302734375,-0.849609375
1078.634312,info,IMU,3362.9771,-1.015625,-1.94140625,8.2109375,0.05859375,-0.142578125,0.056640625,0.2001953125,-0.3017578125,-0.8544921875
1078.654522,info,IMU,3362.9971,-1,-1.76953125,7.109375,-0.01171875,-0.220703125,0.05859375,0.1953125,-0.30078125,-0.8515625
1078.674129,info,IMU,3363.0171,-1.58203125,-1.2890625,9.25390625,0.060546875,-0.267578125,0.044921875,0.193359375,-0.3017578125,-0.8515625
1078.694933,info,IMU,3363.0371,-1.23828125,-1.53125,8.08203125,-0.05078125,-0.248046875,0.060546875,0.1865234375,-0.302734375,-0.8525390625
1078.713953,info,IMU,3363.0571,-1.0859375,-1.13671875,8.83984375,0.021484375,-0.353515625,0.060546875,0.1787109375,-0.3017578125,-0.8505859375
1078.734209,info,IMU,3363.0771,-1.36328125,-1.3203125,9.328125,-0.080078125,-0.302734375,0.0546875,0.1748046875,-0.2998046875,-0.8544921875
1078.754425,info,IMU,3363.0971,-1.109375,-1.34765625,8.453125,-0.041015625,-0.3671875,0.048828125,0.1689453125,-0.298828125,-0.857421875
1078.774012,info,IMU,3363.1171,-0.359375,-1.51953125,10.4921875,-0.095703125,-0.3125,0.056640625,0.1611328125,-0.296875,-0.85546875
1078.794219,info,IMU,3363.1371,-0.828125,-1.83203125,8.53125,-0.087890625,-0.34765625,0.060546875,0.1533203125,-0.2958984375,-0.853515625
1078.814471,info,IMU,3363.1571,-0.97265625,-1.56640625,10.76171875,-0.09765625,-0.314453125,0.05078125,0.1474609375,-0.294921875,-0.8564453125
1078.834064,info,IMU,3363.1771,-0.38671875,-1.94140625,9.046875,-0.109375,-0.28515625,0.05078125,0.1376953125,-0.29296875,-0.8583984375
1078.854302,info,IMU,3363.1971000000003,-0.69921875,-1.25,10.5546875,-0.072265625,-0.345703125,0.0546875,0.1328125,-0.291015625,-0.861328125
1078.874516,info,IMU,3363.2171000000003,-0.96875,-1.40234375,9.6875,-0.119140625,-0.322265625,0.05859375,0.1240234375,-0.2900390625,-0.859375
1078.894138,info,IMU,3363.2371000000003,-0.9375,-0.9765625,9.41796875,-0.103515625,-0.421875,0.041015625,0.1103515625,-0.2880859375,-0.86328125
1078.914724,info,IMU,3363.2571000000003,-0.4765625,-1.2890625,10.53515625,-0.12890625,-0.353515625,0.04296875,0.1083984375,-0.287109375,-0.861328125
1078.933987,info,IMU,3363.2771000000002,-0.2578125,-1.09375,7.296875,-0.150390625,-0.375,0.05859375,0.0986328125,-0.2822265625,-0.8642578125
1078.954214,info,IMU,3363.2971000000002,-0.5078125,-1.23046875,11.32421875,-0.1328125,-0.359375,0.05859375,0.0888671875,-0.279296875,-0.86328125
1078.974460,info,IMU,3363.3171,-0.44140625,-1.33203125,8.390625,-0.220703125,-0.353515625,0.0546875,0.0830078125,-0.27734375,-0.86328125
1078.993991,info,IMU,3363.3371,-0.296875,-1.3984375,10.9453125,-0.171875,-0.375,0.0546875,0.078125,-0.2763671875,-0.8671875
1079.014224,info,IMU,3363.3571,0.2578125,-1.4375,9.53125,-0.123046875,-0.359375,0.0625,0.0654296875,-0.2724609375,-0.865234375
1079.034504,info,IMU,3363.3771,-0.47265625,-1.33203125,9.52734375,-0.20703125,-0.390625,0.0625,0.0634765625,-0.267578125,-0.865234375
1079.054061,info,IMU,3363.3971,0.30078125,-1.79296875,11.40625,-0.13671875,-0.310546875,0.060546875,0.052734375,-0.265625,-0.8681640625
1079.074286,info,IMU,3363.4171,0.30078125,-1.60546875,9.87890625,-0.201171875,-0.296875,0.07421875,0.0478515625,-0.2626953125,-0.865234375
1079.094503,info,IMU,3363.4371,0.44921875,-1.57421875,12.04296875,-0.11328125,-0.275390625,0.0859375,0.0390625,-0.2578125,-0.8662109375
1079.114147,info,IMU,3363.4571,0.21875,-1.72265625,11.00390625,-0.240234375,-0.21484375,0.080078125,0.03515625,-0.25390625,-0.8681640625
1079.134348,info,IMU,3363.4771,0.515625,-1.640625,11.9765625,-0.138671875,-0.220703125,0.076171875,0.033203125,-0.25390625,-0.8681640625
1079.153931,info,IMU,3363.4971,0.859375,-1.32421875,12.12109375,-0.2109375,-0.134765625,0.083984375,0.0244140625,-0.2470703125,-0.8671875
1079.174196,info,IMU,3363.5171,0.5546875,-1.484375,11.36328125,-0.16796875,-0.162109375,0.08984375,0.0234375,-0.240234375,-0.869140625
1079.194549,info,IMU,3363.5371,0.58203125,-1.30859375,11.88671875,-0.22265625,-0.09375,0.0859375,0.0224609375,-0.23828125,-0.87109375
1079.214009,info,IMU,3363.5571,0.81640625,-1.58984375,11.11328125,-0.173828125,-0.021484375,0.0859375,0.017578125,-0.2353515625,-0.87109375
1079.234423,info,IMU,3363.5771,0.6484375,-1.42578125,11.4140625,-0.181640625,0.015625,0.095703125,0.017578125,-0.23046875,-0.87109375
1079.254461,info,IMU,3363.5971,0.16015625,-1.91015625,11.0390625,-0.11328125,0.07421875,0.09375,0.01953125,-0.2265625,-0.87109375
1079.274037,info,IMU,3363.6171,0.3671875,-1.7734375,11.1796875,-0.16796875,0.103515625,0.091796875,0.0166015625,-0.2236328125,-0.8720703125
1079.294286,info,IMU,3363.6371,-0.109375,-1.5859375,11.33984375,-0.146484375,0.115234375,0.09375,0.021484375,-0.220703125,-0.8720703125
1079.314523,info,IMU,3363.6571,-0.0546875,-1.80859375,11.80859375,-0.1484375,0.1484375,0.09765625,0.021484375,-0.216796875,-0.8720703125
1079.334121,info,IMU,3363.6771,0.19921875,-1.38671875,11.87109375,-0.1328125,0.15625,0.099609375,0.0244140625,-0.212890625,-0.876953125
1079.354318,info,IMU,3363.6971000000003,0.31640625,-1.71484375,11.17578125,-0.140625,0.19140625,0.1015625,0.02734375,-0.212890625,-0.875
1079.373926,info,IMU,3363.7171000000003,0.27734375,-1.7265625,10.59375,-0.1328125,0.208984375,0.09765625,0.03125,-0.20703125,-0.87890625
1079.394207,info,IMU,3363.7371000000003,0.61328125,-1.96484375,9.890625,-0.123046875,0.298828125,0.1015625,0.0361328125,-0.2060546875,-0.875
1079.414392,info,IMU,3363.7571000000003,0.36328125,-1.6484375,10.3125,-0.064453125,0.2734375,0.103515625,0.0400390625,-0.203125,-0.8759765625
1079.434064,info,IMU,3363.7771000000002,-0.375,-1.84375,8.59375,-0.048828125,0.314453125,0.095703125,0.0478515625,-0.2041015625,-0.87890625
1079.454262,info,IMU,3363.7971000000002,-0.16015625,-1.328125,9.55078125,-0.091796875,0.263671875,0.099609375,0.0517578125,-0.2021484375,-0.8779296875
1079.474450,info,IMU,3363.8171,0.08203125,-1.453125,9.0859375,-0.03515625,0.248046875,0.103515625,0.056640625,-0.197265625,-0.8779296875
1079.494028,info,IMU,3363.8371,0.15625,-1.3828125,8.03125,-0.044921875,0.25390625,0.11328125,0.064453125,-0.2001953125,-0.8798828125
1079.514802,info,IMU,3363.8571,-0.03125,-0.8671875,8.515625,-0.015625,0.271484375,0.103515625,0.0703125,-0.1962890625,-0.8798828125
1079.534521,info,IMU,3363.8771,0.05078125,-1.6796875,7.73828125,-0.017578125,0.3359375,0.099609375,0.07421875,-0.1953125,-0.876953125
1079.554111,info,IMU,3363.8971,-0.31640625,-1.40234375,7.37109375,-0.033203125,0.25390625,0.099609375,0.0791015625,-0.1982421875,-0.8798828125
1079.574293,info,IMU,3363.9171,-0.796875,-1.6171875,8.48828125,0.0390625,0.30078125,0.099609375,0.0859375,-0.1982421875,-0.87890625
1079.593959,info,IMU,3363.9371,-0.3984375,-1.31640625,7.89453125,-0,0.27734375,0.095703125,0.08984375,-0.2001953125,-0.87890625
1079.614175,info,IMU,3363.9571,-0.3671875,-1.46875,5.96875,0.076171875,0.26171875,0.09375,0.09375,-0.2001953125,-0.876953125
1079.634391,info,IMU,3363.9771,-0.47265625,-1.44921875,8.84765625,0.056640625,0.244140625,0.099609375,0.1044921875,-0.19921875,-0.880859375
1079.653989,info,IMU,3363.9971,-0.921875,-1.8046875,5.78515625,0.056640625,0.23828125,0.08984375,0.111328125,-0.19921875,-0.8779296875
1079.674197,info,IMU,3364.0171,-0.8359375,-1.41796875,8.95703125,0.125,0.212890625,0.0859375,0.11328125,-0.2001953125,-0.87890625
1079.694462,info,IMU,3364.0371,-0.93359375,-1.94921875,5.6953125,0.052734375,0.263671875,0.091796875,0.1162109375,-0.205078125,-0.8798828125
1079.714054,info,IMU,3364.0571,-1.01953125,-1.625,9.53125,0.17578125,0.21875,0.080078125,0.1201171875,-0.2080078125,-0.8798828125
1079.734298,info,IMU,3364.0771,-0.2578125,-1.48046875,6.25390625,0.111328125,0.212890625,0.08203125,0.125,-0.2119140625,-0.876953125
1079.754477,info,IMU,3364.0971,-0.96484375,-1.203125,7.94921875,0.1953125,0.17578125,0.068359375,0.1298828125,-0.212890625,-0.8759765625
1079.774113,info,IMU,3364.1171,-1.06640625,-1.8046875,6.9140625,0.12109375,0.162109375,0.0703125,0.1328125,-0.2158203125,-0.876953125
1079.794335,info,IMU,3364.1371,-1.44921875,-1.4765625,7.79296875,0.14453125,0.166015625,0.05859375,0.138671875,-0.2197265625,-0.875
1079.813939,info,IMU,3364.1571,-1.32421875,-2.015625,8.08984375,0.208984375,0.16796875,0.060546875,0.1435546875,-0.22265625,-0.8759765625
1079.834151,info,IMU,3364.1771,-1.59765625,-0.77734375,6.20703125,0.19140625,0.0546875,0.052734375,0.1435546875,-0.2294921875,-0.8720703125
1079.854398,info,IMU,3364.1971000000003,-1.77734375,-1.0703125,9,0.150390625,0.076171875,0.044921875,0.146484375,-0.232421875,-0.873046875
1079.874212,info,IMU,3364.2171000000003,-0.8203125,-1.12109375,7.72265625,0.12109375,0.064453125,0.037109375,0.1474609375,-0.2353515625,-0.8720703125
1079.894223,info,IMU,3364.2371000000003,-0.94921875,-1.3203125,8.98046875,0.146484375,0.05859375,0.025390625,0.1484375,-0.23828125,-0.8720703125
1079.914432,info,IMU,3364.2571000000003,-0.8984375,-1.90625,9.24609375,0.11328125,0.1328125,0.0234375,0.1494140625,-0.2412109375,-0.8701171875
1079.934053,info,IMU,3364.2771000000002,-1.2265625,-1.40234375,8.26171875,0.13671875,-0.017578125,0.013671875,0.1474609375,-0.244140625,-0.869140625
1079.954285,info,IMU,3364.2971000000002,-1.88671875,-1.38671875,11.75,0.1015625,0.080078125,0.013671875,0.1474609375,-0.2470703125,-0.8701171875
1079.974675,info,IMU,3364.3171,-1.91796875,-1.24609375,6.53515625,0.142578125,-0.064453125,0.005859375,0.1455078125,-0.2490234375,-0.8681640625
1079.994091,info,IMU,3364.3371,-2.22265625,-0.7265625,11.83203125,0.08984375,-0.109375,-0.009765625,0.1494140625,-0.25,-0.8671875
1080.014305,info,IMU,3364.3571,-1.50390625,-0.95703125,7.88671875,0.001953125,-0.1328125,-0.013671875,0.1494140625,-0.251953125,-0.8671875
1080.033906,info,IMU,3364.3771,-1.35546875,-1.328125,10.26953125,0.005859375,-0.130859375,-0.017578125,0.1416015625,-0.25390625,-0.869140625
1080.054180,info,IMU,3364.3971,-0.74609375,-1.86328125,9.0078125,0.025390625,-0.109375,-0.0234375,0.1416015625,-0.2529296875,-0.8681640625
1080.075205,info,IMU,3364.4171,-1.046875,-1.82421875,9.6875,-0.01171875,-0.130859375,-0.01953125,0.1396484375,-0.2568359375,-0.8662109375
1080.093998,info,IMU,3364.4371,-1.23828125,-1.73828125,10.39453125,0.052734375,-0.173828125,-0.025390625,0.1357421875,-0.2548828125,-0.869140625
1080.114207,info,IMU,3364.4571,-1,-1.24609375,11.8125,-0.05078125,-0.1640625,-0.017578125,0.134765625,-0.2529296875,-0.8662109375
1080.134466,info,IMU,3364.4771,-0.87109375,-1.05078125,10.8359375,0.046875,-0.248046875,-0.029296875,0.12890625,-0.2509765625,-0.8671875
1080.154034,info,IMU,3364.4971,-0.86328125,-1.265625,13.23046875,-0.130859375,-0.228515625,-0.029296875,0.1279296875,-0.251953125,-0.8681640625
1080.175418,info,IMU,3364.5171,-0.41015625,-1.53125,11.51953125,-0.111328125,-0.166015625,-0.02734375,0.12109375,-0.25,-0.8701171875
1080.194470,info,IMU,3364.5371,-0.03515625,-2.04296875,14.12890625,-0.095703125,-0.197265625,-0.025390625,0.1220703125,-0.24609375,-0.87109375
1080.214137,info,IMU,3364.5571,-0.5859375,-1.80859375,12.8515625,-0.12890625,-0.138671875,-0.029296875,0.1171875,-0.244140625,-0.8701171875
1080.234288,info,IMU,3364.5771,-0.7890625,-2.22265625,13.6171875,-0.130859375,-0.177734375,-0.029296875,0.11328125,-0.2392578125,-0.87109375
1080.253907,info,IMU,3364.5971,0.33203125,-0.8984375,14.93359375,-0.173828125,-0.142578125,-0.0234375,0.107421875,-0.2392578125,-0.87109375
1080.275855,info,IMU,3364.6171,-0.14453125,-1.5546875,13.37109375,-0.18359375,-0.107421875,-0.01171875,0.10546875,-0.232421875,-0.8740234375
1080.294418,info,IMU,3364.6371,-0.19921875,-1.78515625,13.74609375,-0.17578125,-0.09375,-0.021484375,0.1064453125,-0.2314453125,-0.875
1080.313960,info,IMU,3364.6571,0.41796875,-1.359375,13.5078125,-0.2734375,0.015625,-0.017578125,0.1044921875,-0.2294921875,-0.8740234375
1080.334204,info,IMU,3364.6771,0.30859375,-1.8671875,14.0078125,-0.236328125,0.07421875,-0.005859375,0.1025390625,-0.2216796875,-0.875
1080.354436,info,IMU,3364.6971000000003,0.10546875,-2.1953125,13,-0.208984375,0.068359375,-0.00390625,0.1044921875,-0.2138671875,-0.875
1080.376239,info,IMU,3364.7171000000003,-0.42578125,-1.40234375,14.39453125,-0.26171875,0.130859375,-0.00390625,0.103515625,-0.21484375,-0.8798828125
1080.394251,info,IMU,3364.7371000000003,0.125,-2.0625,11.75390625,-0.169921875,0.1484375,-0.00390625,0.1083984375,-0.2080078125,-0.87890625
1080.414515,info,IMU,3364.7571000000003,-0.57421875,-0.96484375,13.6171875,-0.248046875,0.09765625,0.00390625,0.1083984375,-0.205078125,-0.87890625
1080.434087,info,IMU,3364.7771000000002,-0.20703125,-1.3515625,12.1171875,-0.17578125,0.21484375,0.005859375,0.111328125,-0.19921875,-0.8798828125
1080.454280,info,IMU,3364.7971000000002,-0.03125,-0.78515625,11.2890625,-0.173828125,0.119140625,-0.00390625,0.1181640625,-0.193359375,-0.8798828125
1080.476614,info,IMU,3364.8171,0.1171875,-1.56640625,12.80078125,-0.21484375,0.28515625,-0,0.1201171875,-0.1943359375,-0.87890625
1080.494156,info,IMU,3364.8371,0.125,-2.1328125,10.35546875,-0.197265625,0.244140625,0.005859375,0.126953125,-0.1884765625,-0.8828125
1080.514360,info,IMU,3364.8571,-0.1875,-1.640625,12.10546875,-0.078125,0.267578125,-0,0.1328125,-0.185546875,-0.8818359375
1080.533943,info,IMU,3364.8771,-0.640625,-1.63671875,9.7578125,-0.244140625,0.3203125,0.00390625,0.1357421875,-0.1826171875,-0.8837890625
1080.554175,info,IMU,3364.8971,-0.57421875,-1.8125,10.58203125,-0.015625,0.193359375,-0.009765625,0.1435546875,-0.1806640625,-0.8828125
1080.576988,info,IMU,3364.9171,-0.5390625,-1.47265625,10.74609375,-0.162109375,0.2734375,-0.001953125,0.1494140625,-0.177734375,-0.880859375
1080.593989,info,IMU,3364.9371,-0.3515625,-1.8515625,9.359375,-0.046875,0.29296875,0.001953125,0.15625,-0.17578125,-0.8818359375
1080.614235,info,IMU,3364.9571,-0.28125,-1.96875,10.7421875,-0.001953125,0.28515625,-0.017578125,0.1591796875,-0.1728515625,-0.880859375
1080.634448,info,IMU,3364.9771,-0.34375,-1.5859375,10.90234375,-0.087890625,0.337890625,-0.009765625,0.16796875,-0.1728515625,-0.880859375
1080.654061,info,IMU,3364.9971,-0.8671875,-1.734375,10.6796875,0.02734375,0.322265625,-0.009765625,0.1728515625,-0.1708984375,-0.8818359375
1080.677500,info,IMU,3365.0171,-0.83984375,-1.1484375,10.9921875,0.04296875,0.306640625,-0.01171875,0.1796875,-0.1728515625,-0.880859375
1080.693895,info,IMU,3365.0371,-0.44140625,-1.46484375,8.5078125,-0.01171875,0.287109375,-0.01953125,0.1884765625,-0.1708984375,-0.8798828125
1080.714875,info,IMU,3365.0571,-0.3125,-1.375,10.015625,0.05078125,0.283203125,-0.025390625,0.1943359375,-0.1689453125,-0.8779296875
1080.734331,info,IMU,3365.0771,-0.203125,-2.20703125,7.90625,-0.021484375,0.3671875,-0.017578125,0.19921875,-0.1728515625,-0.87890625
1080.753934,info,IMU,3365.0971,-0.875,-2.08984375,10.33203125,0.12890625,0.33984375,-0.01953125,0.20703125,-0.173828125,-0.8798828125
1080.777975,info,IMU,3365.1171,-1.23046875,-1.9609375,6.68359375,0.076171875,0.390625,-0.021484375,0.21484375,-0.177734375,-0.875
1080.794398,info,IMU,3365.1371,-1.4140625,-1.3359375,8.26953125,0.123046875,0.24609375,-0.021484375,0.22265625,-0.17578125,-0.8759765625
1080.814024,info,IMU,3365.1571,-1.52734375,-1.921875,8.21484375,0.12109375,0.23046875,-0.01953125,0.2236328125,-0.181640625,-0.873046875
1080.834233,info,IMU,3365.1771,-0.98828125,-1.25390625,7.19140625,0.11328125,0.201171875,-0.021484375,0.2314453125,-0.181640625,-0.8740234375
1080.854440,info,IMU,3365.1971000000003,-0.81640625,-1.7109375,7.85546875,0.12890625,0.189453125,-0.017578125,0.23828125,-0.1865234375,-0.8740234375
1080.878353,info,IMU,3365.2171000000003,-0.68359375,-1.80859375,7.33203125,0.107421875,0.2265625,-0.025390625,0.2431640625,-0.185546875,-0.87109375
1080.894274,info,IMU,3365.2371000000003,-0.59375,-1.4609375,8.140625,0.1484375,0.271484375,-0.01953125,0.248046875,-0.189453125,-0.869140625
1080.914493,info,IMU,3365.2571000000003,-0.5390625,-2.14453125,6.22265625,0.203125,0.2578125,-0.017578125,0.2490234375,-0.19140625,-0.869140625
1080.934118,info,IMU,3365.2771000000002,-1.80859375,-1.44921875,8.16796875,0.173828125,0.173828125,-0.025390625,0.25390625,-0.1962890625,-0.8671875
1080.954334,info,IMU,3365.2971000000002,-2.12890625,-1.60546875,8.42578125,0.19921875,0.1875,-0.02734375,0.2568359375,-0.201171875,-0.8662109375
1080.973907,info,IMU,3365.3171,-1.6640625,-1.26953125,6.0859375,0.18359375,0.03515625,-0.029296875,0.26171875,-0.201171875,-0.86328125
1080.994228,info,IMU,3365.3371,-2.11328125,-1.3984375,8.7109375,0.19921875,0.0078125,-0.025390625,0.2626953125,-0.20703125,-0.8623046875
1081.014807,info,IMU,3365.3571,-1.421875,-0.875,6.30859375,0.13671875,0.017578125,-0.029296875,0.2626953125,-0.2109375,-0.8642578125
1081.034171,info,IMU,3365.3771,-1.29296875,-1.5703125,6.4609375,0.111328125,0.005859375,-0.037109375,0.2646484375,-0.2138671875,-0.861328125
1081.054202,info,IMU,3365.3971,-1,-1.625,7.4921875,0.158203125,-0.001953125,-0.0390625,0.2646484375,-0.2177734375,-0.865234375
1081.074428,info,IMU,3365.4171,-1.203125,-1.75390625,6.89453125,0.072265625,-0.01171875,-0.03515625,0.2666015625,-0.220703125,-0.859375
1081.094079,info,IMU,3365.4371,-1.43359375,-2.3125,7.1015625,0.21484375,-0.109375,-0.04296875,0.2666015625,-0.2216796875,-0.8623046875
1081.114531,info,IMU,3365.4571,-1.203125,-1.40234375,8.42578125,0.0390625,-0.083984375,-0.037109375,0.263671875,-0.224609375,-0.861328125
1081.134502,info,IMU,3365.4771,-1.45703125,-1.69140625,7.3671875,0.203125,-0.13671875,-0.037109375,0.263671875,-0.2294921875,-0.859375
1081.154114,info,IMU,3365.4971,-1.39453125,-0.9453125,8.3984375,0.076171875,-0.193359375,-0.041015625,0.2568359375,-0.232421875,-0.8583984375
1081.174305,info,IMU,3365.5171,-1.88671875,-1.0078125,8.23828125,0.142578125,-0.263671875,-0.05859375,0.251953125,-0.2314453125,-0.8603515625
1081.193914,info,IMU,3365.5371,-1.57421875,-1.19921875,9.4921875,-0.0546875,-0.23828125,-0.05078125,0.2451171875,-0.234375,-0.8623046875
1081.214158,info,IMU,3365.5571,-1.265625,-1.3515625,8.38671875,0.099609375,-0.392578125,-0.052734375,0.2431640625,-0.234375,-0.8623046875
1081.234380,info,IMU,3365.5771,-0.7109375,-1.48046875,10.83203125,-0.001953125,-0.302734375,-0.037109375,0.236328125,-0.236328125,-0.861328125
1081.253987,info,IMU,3365.5971,-0.8359375,-1.59375,5.80859375,0.052734375,-0.4140625,-0.052734375,0.232421875,-0.234375,-0.8662109375
1081.274196,info,IMU,3365.6171,-0.58984375,-2.16015625,11.38671875,0.00390625,-0.33984375,-0.052734375,0.2236328125,-0.236328125,-0.8662109375
1081.294415,info,IMU,3365.6371,-0.703125,-2.2890625,6.9453125,0.029296875,-0.39453125,-0.05078125,0.216796875,-0.234375,-0.8662109375
1081.314054,info,IMU,3365.6571,-1.16015625,-1.9609375,10.78515625,0.06640625,-0.3828125,-0.052734375,0.2060546875,-0.2333984375,-0.865234375
1081.334267,info,IMU,3365.6771,-0.5078125,-1.484375,8.0390625,-0.02734375,-0.39453125,-0.037109375,0.2001953125,-0.234375,-0.8662109375
1081.354781,info,IMU,3365.6971000000003,-0.53515625,-1.61328125,11.2109375,-0.03125,-0.3828125,-0.03125,0.19140625,-0.232421875,-0.869140625
1081.374123,info,IMU,3365.7171000000003,-0.11328125,-1.59375,9.53125,-0.04296875,-0.439453125,-0.02734375,0.1865234375,-0.23046875,-0.869140625
1081.394325,info,IMU,3365.7371000000003,-0.38671875,-1.45703125,10.55078125,-0.001953125,-0.439453125,-0.03515625,0.17578125,-0.23046875,-0.87109375
1081.413903,info,IMU,3365.7571000000003,-0.4609375,-1.765625,8.78125,-0.033203125,-0.373046875,-0.029296875,0.16796875,-0.2333984375,-0.8701171875
1081.434137,info,IMU,3365.7771000000002,-0.37109375,-1.578125,10.234375,-0.05078125,-0.3828125,-0.0234375,0.1630859375,-0.2294921875,-0.873046875
1081.454390,info,IMU,3365.7971000000002,-0.2734375,-2.0703125,9.375,-0.03125,-0.35546875,-0.01171875,0.15234375,-0.23046875,-0.8720703125
1081.473965,info,IMU,3365.8171,-0.671875,-1.734375,10.1875,-0.029296875,-0.396484375,-0.015625,0.142578125,-0.2314453125,-0.8720703125
1081.494181,info,IMU,3365.8371,0.03515625,-1.6796875,9.2578125,-0.03125,-0.32421875,-0.013671875,0.138671875,-0.23046875,-0.873046875
1081.514431,info,IMU,3365.8571,-0.25390625,-1.6640625,9.57421875,-0.029296875,-0.375,-0.0078125,0.1259765625,-0.2255859375,-0.8720703125
1081.534045,info,IMU,3365.8771,-0.13671875,-1.79296875,9.7265625,-0.0234375,-0.34375,-0,0.119140625,-0.2275390625,-0.8759765625
1081.554253,info,IMU,3365.8971,-0.12109375,-1.35546875,9.30859375,-0.029296875,-0.353515625,-0,0.11328125,-0.2255859375,-0.873046875
1081.574453,info,IMU,3365.9171,-0.26171875,-1.58984375,8.83203125,-0.013671875,-0.33203125,0.005859375,0.1064453125,-0.22265625,-0.8759765625
1081.594097,info,IMU,3365.9371,-0.1640625,-1.34375,9.9453125,-0.07421875,-0.310546875,-0,0.0986328125,-0.224609375,-0.8740234375
1081.616201,info,IMU,3365.9571,-0.01171875,-1.4609375,8.48828125,0.005859375,-0.32421875,0.013671875,0.0947265625,-0.2236328125,-0.8759765625
1081.633893,info,IMU,3365.9771,0.140625,-1.8515625,9.375,-0.041015625,-0.26171875,0.017578125,0.083984375,-0.224609375,-0.8759765625
1081.654136,info,IMU,3365.9971,0.08984375,-1.77734375,8.6796875,0.0390625,-0.26953125,0.017578125,0.0830078125,-0.2216796875,-0.8759765625
1081.674409,info,IMU,3366.0171,-0.3984375,-1.4921875,9.796875,-0.033203125,-0.26953125,0.017578125,0.076171875,-0.2236328125,-0.876953125
1081.693980,info,IMU,3366.0371,0.02734375,-1.5234375,8.76953125,0.00390625,-0.23046875,0.021484375,0.0712890625,-0.22265625,-0.8759765625
1081.714416,info,IMU,3366.0571,0.125,-1.53125,10.16796875,0.03515625,-0.265625,0.01953125,0.06640625,-0.22265625,-0.8759765625
1081.734448,info,IMU,3366.0771,-0.109375,-1.5546875,9.265625,0.029296875,-0.21875,0.021484375,0.060546875,-0.224609375,-0.8779296875
1081.754011,info,IMU,3366.0971,0.01953125,-1.91015625,8.93359375,0.037109375,-0.203125,0.025390625,0.0576171875,-0.224609375,-0.875
1081.774259,info,IMU,3366.1171,0.11328125,-1.70703125,9.60546875,0.06640625,-0.1875,0.0234375,0.0517578125,-0.22265625,-0.8720703125
1081.794461,info,IMU,3366.1371,-0.2734375,-1.8671875,9.26171875,0.05078125,-0.16796875,0.025390625,0.0517578125,-0.2275390625,-0.873046875
1081.814080,info,IMU,3366.1571,-0.578125,-1.78125,7.5703125,0.078125,-0.220703125,0.02734375,0.044921875,-0.2275390625,-0.875
1081.834280,info,IMU,3366.1771,0.08984375,-1.2890625,10.7890625,0.05859375,-0.12890625,0.021484375,0.0400390625,-0.23046875,-0.873046875
1081.853927,info,IMU,3366.1971000000003,0.1484375,-1.33984375,7.484375,0.037109375,-0.169921875,0.029296875,0.03515625,-0.2314453125,-0.8740234375
1081.874139,info,IMU,3366.2171000000003,-0.47265625,-1.89453125,10.5859375,0.078125,-0.1171875,0.02734375,0.0341796875,-0.2294921875,-0.87109375
1081.894392,info,IMU,3366.2371000000003,0.30078125,-2.08203125,8.75,0.064453125,-0.07421875,0.03125,0.0341796875,-0.232421875,-0.873046875
1081.913961,info,IMU,3366.2571000000003,0.28515625,-1.828125,7.890625,0.107421875,-0.140625,0.0390625,0.0283203125,-0.234375,-0.873046875
1081.934234,info,IMU,3366.2771000000002,-0.015625,-1.98828125,9.390625,0.126953125,-0.09375,0.037109375,0.0244140625,-0.236328125,-0.8720703125
1081.954441,info,IMU,3366.2971000000002,-0.1953125,-1.52734375,7.98046875,0.05859375,-0.14453125,0.037109375,0.0244140625,-0.2392578125,-0.8701171875
1081.974087,info,IMU,3366.3171,-0.1875,-1.515625,9.0390625,0.10546875,-0.05859375,0.037109375,0.0224609375,-0.240234375,-0.8701171875
1081.994243,info,IMU,3366.3371,0.13671875,-1.47265625,8.20703125,0.103515625,-0.09375,0.041015625,0.01953125,-0.2451171875,-0.8701171875
1082.014471,info,IMU,3366.3571,0.0234375,-1.53125,9.13671875,0.107421875,-0.0078125,0.044921875,0.017578125,-0.24609375,-0.8671875
1082.034084,info,IMU,3366.3771,0.2421875,-1.953125,7.81640625,0.12109375,0.0546875,0.052734375,0.021484375,-0.24609375,-0.869140625
1082.054282,info,IMU,3366.3971,0.23046875,-1.69921875,10.4140625,0.107421875,0.01953125,0.048828125,0.015625,-0.2490234375,-0.8671875
1082.073969,info,IMU,3366.4171,0.171875,-1.62890625,8.8828125,0.099609375,0.021484375,0.0546875,0.0166015625,-0.2529296875,-0.8681640625
1082.094116,info,IMU,3366.4371,0.2421875,-1.5390625,9.734375,0.169921875,-0.021484375,0.056640625,0.0205078125,-0.2568359375,-0.8671875
1082.114362,info,IMU,3366.4571,0.4140625,-1.60546875,9.5078125,0.0546875,0.013671875,0.0625,0.0185546875,-0.2548828125,-0.8662109375
1082.133933,info,IMU,3366.4771,0.26953125,-1.81640625,11.50390625,0.111328125,0.0546875,0.072265625,0.0205078125,-0.2607421875,-0.865234375
1082.154160,info,IMU,3366.4971,0.40625,-1.58203125,10.31640625,0.0703125,-0,0.072265625,0.0205078125,-0.2587890625,-0.8662109375
1082.174390,info,IMU,3366.5171,-0.23046875,-1.65625,12.2109375,0.068359375,0.07421875,0.076171875,0.0205078125,-0.2626953125,-0.8681640625
1082.193981,info,IMU,3366.5371,-0.08984375,-1.7890625,11.1015625,0.025390625,0.111328125,0.076171875,0.0205078125,-0.2626953125,-0.865234375
1082.214276,info,IMU,3366.5571,-0.0390625,-1.15234375,10.47265625,0.01171875,0.046875,0.068359375,0.0224609375,-0.2626953125,-0.86328125
1082.236870,info,IMU,3366.5771,-0.36328125,-1.6796875,11.94921875,-0.052734375,0.103515625,0.0703125,0.02734375,-0.263671875,-0.865234375
1082.254073,info,IMU,3366.5971,0.30078125,-1.57421875,11.1640625,-0.025390625,0.07421875,0.072265625,0.03125,-0.263671875,-0.8671875
1082.274274,info,IMU,3366.6171,0.34765625,-1.58203125,11.796875,-0.0546875,0.1015625,0.078125,0.0322265625,-0.2607421875,-0.8662109375
1082.293982,info,IMU,3366.6371,0.33984375,-1.96875,11.58984375,-0.017578125,0.212890625,0.078125,0.03125,-0.2578125,-0.8662109375
1082.314154,info,IMU,3366.6571,0.2265625,-1.2421875,10.890625,-0.041015625,0.158203125,0.072265625,0.0341796875,-0.2587890625,-0.8662109375
1082.334341,info,IMU,3366.6771,-0.35546875,-1.6484375,10.93359375,-0.03515625,0.232421875,0.07421875,0.0400390625,-0.255859375,-0.87109375
1082.353923,info,IMU,3366.6971000000003,-0.37109375,-1.3828125,10.83203125,-0.064453125,0.107421875,0.0703125,0.0390625,-0.2568359375,-0.869140625
1082.374171,info,IMU,3366.7171000000003,0.140625,-1.25,9.68359375,-0.142578125,0.15234375,0.087890625,0.0439453125,-0.25390625,-0.865234375
1082.394414,info,IMU,3366.7371000000003,0.4375,-1.890625,10.6640625,-0.103515625,0.138671875,0.0859375,0.0478515625,-0.25,-0.8720703125
1082.413981,info,IMU,3366.7571000000003,0.7890625,-1.33203125,11.23828125,-0.1640625,0.109375,0.076171875,0.0478515625,-0.248046875,-0.8681640625
1082.434223,info,IMU,3366.7771000000002,0.34375,-1.859375,11.4140625,-0.103515625,0.26171875,0.078125,0.056640625,-0.24609375,-0.8701171875
1082.454448,info,IMU,3366.7971000000002,-0.01953125,-1.64453125,13.046875,-0.125,0.263671875,0.08984375,0.0595703125,-0.2431640625,-0.8720703125
1082.474046,info,IMU,3366.8171,-0.31640625,-1.7890625,10.1484375,-0.060546875,0.232421875,0.1015625,0.0654296875,-0.240234375,-0.873046875
1082.494253,info,IMU,3366.8371,-0.37890625,-1.23828125,11.4921875,-0.1171875,0.0859375,0.0859375,0.0703125,-0.2392578125,-0.8720703125
1082.513902,info,IMU,3366.8571,0.26953125,-1.3359375,11.4765625,-0.2109375,0.16015625,0.08203125,0.0712890625,-0.236328125,-0.8740234375
1082.534133,info,IMU,3366.8771,0.56640625,-1.5546875,10.73828125,-0.16796875,0.1015625,0.0859375,0.072265625,-0.232421875,-0.875
1082.554337,info,IMU,3366.8971,0.58203125,-1.55859375,12.37890625,-0.12890625,0.2109375,0.091796875,0.0771484375,-0.232421875,-0.8720703125
1082.573919,info,IMU,3366.9171,0.41015625,-1.47265625,10.0390625,-0.10546875,0.283203125,0.09375,0.0791015625,-0.2255859375,-0.8759765625
1082.594167,info,IMU,3366.9371,-0.7890625,-1.09765625,10.12890625,-0.056640625,0.162109375,0.076171875,0.08203125,-0.2255859375,-0.8779296875
1082.614384,info,IMU,3366.9571,-0.76953125,-1.32421875,11.21875,-0.138671875,0.21484375,0.0703125,0.0869140625,-0.22265625,-0.8740234375
1082.633998,info,IMU,3366.9771,-0.73828125,-1.1015625,7.546875,-0.154296875,0.140625,0.087890625,0.091796875,-0.2197265625,-0.875
1082.654257,info,IMU,3366.9971,-0.74609375,-0.85546875,10.0234375,-0.048828125,0.080078125,0.076171875,0.09375,-0.2177734375,-0.8759765625
1082.675277,info,IMU,3367.0171,0.0078125,-1.5234375,6.6875,-0.1484375,0.123046875,0.0625,0.0947265625,-0.216796875,-0.876953125
1082.694060,info,IMU,3367.0371,0.00390625,-1.6875,9.64453125,-0.134765625,0.091796875,0.044921875,0.099609375,-0.2138671875,-0.8798828125
1082.714311,info,IMU,3367.0571,-0.26953125,-1.65625,10.453125,-0.056640625,0.171875,0.052734375,0.1005859375,-0.212890625,-0.8779296875
1082.733880,info,IMU,3367.0771,-1.265625,-1.53515625,7.8125,0.017578125,0.126953125,0.046875,0.1044921875,-0.2119140625,-0.87890625
1082.754106,info,IMU,3367.0971,-1.6640625,-1.33203125,9.66796875,0.04296875,0.05859375,0.029296875,0.1044921875,-0.2119140625,-0.876953125
1082.774326,info,IMU,3367.1171,-0.4765625,-1.40234375,9.29296875,-0.06640625,0.05078125,0.03125,0.107421875,-0.2109375,-0.876953125
1082.793985,info,IMU,3367.1371,0.1875,-1.30859375,7.875,0.0078125,-0.02734375,0.021484375,0.10546875,-0.2119140625,-0.87890625
1082.814141,info,IMU,3367.1571,-0.19921875,-1.26953125,10.16015625,0.015625,0.04296875,0.013671875,0.1083984375,-0.2109375,-0.87890625
1082.834432,info,IMU,3367.1771,0.0625,-1.54296875,8.67578125,-0.021484375,-0.025390625,-0.001953125,0.107421875,-0.208984375,-0.87890625
1082.854042,info,IMU,3367.1971000000003,-0.15625,-1.55078125,8.54296875,-0,0.083984375,0.0078125,0.1083984375,-0.208984375,-0.8798828125
1082.874201,info,IMU,3367.2171000000003,-0.8828125,-1.41015625,8.8671875,0.08203125,-0.025390625,0.001953125,0.1083984375,-0.2119140625,-0.8779296875
1082.894764,info,IMU,3367.2371000000003,-0.72265625,-1.30859375,11.15625,0.009765625,-0.056640625,-0,0.1044921875,-0.212890625,-0.87890625
1082.914088,info,IMU,3367.2571000000003,-0.046875,-1.22265625,6.50390625,-0,-0.052734375,0.001953125,0.103515625,-0.2109375,-0.876953125
1082.934261,info,IMU,3367.2771000000002,0.0859375,-1.22265625,9.609375,0.06640625,-0.177734375,0.001953125,0.1025390625,-0.2119140625,-0.880859375
1082.953873,info,IMU,3367.2971000000002,0.35546875,-1.4296875,7.14453125,-0.017578125,-0.12890625,0.001953125,0.099609375,-0.2138671875,-0.8779296875
1082.974098,info,IMU,3367.3171,-0.4765625,-1.24609375,8.00390625,0.0078125,-0.15234375,-0.017578125,0.0986328125,-0.2138671875,-0.87890625
1082.994361,info,IMU,3367.3371,-0.78125,-1.3828125,8.34375,0.009765625,-0.099609375,-0.029296875,0.09375,-0.2138671875,-0.8779296875
1083.013901,info,IMU,3367.3571,-0.51953125,-1.22265625,7.19921875,0.041015625,-0.169921875,-0.02734375,0.09375,-0.21484375,-0.876953125
1083.034185,info,IMU,3367.3771,-0.9296875,-1.1328125,8.9296875,0.068359375,-0.185546875,-0.0234375,0.087890625,-0.2158203125,-0.876953125
1083.054425,info,IMU,3367.3971,-0.875,-1.359375,8.0859375,0.009765625,-0.2578125,-0.029296875,0.0810546875,-0.2158203125,-0.875
1083.073960,info,IMU,3367.4171,-0.6953125,-1.17578125,8.75,0.05859375,-0.353515625,-0.046875,0.0771484375,-0.216796875,-0.876953125
1083.094195,info,IMU,3367.4371,-0.11328125,-1.625,8.3515625,-0,-0.255859375,-0.048828125,0.07421875,-0.216796875,-0.876953125
1083.114434,info,IMU,3367.4571,0.20703125,-1.4375,8.875,0.013671875,-0.29296875,-0.056640625,0.0703125,-0.2197265625,-0.8779296875
1083.134054,info,IMU,3367.4771,0.00390625,-1.41796875,9.78125,0.05078125,-0.26953125,-0.06640625,0.064453125,-0.21875,-0.8779296875
1083.154251,info,IMU,3367.4971,0.55859375,-1.234375,10.17578125,0.0234375,-0.21484375,-0.07421875,0.0595703125,-0.22265625,-0.8759765625
1083.173827,info,IMU,3367.5171,0.453125,-1.078125,9.8203125,0.05078125,-0.26171875,-0.08203125,0.0537109375,-0.2216796875,-0.876953125
1083.194079,info,IMU,3367.5371,0.2578125,-1.61328125,10.71484375,0.083984375,-0.197265625,-0.087890625,0.048828125,-0.2236328125,-0.8740234375
1083.214317,info,IMU,3367.5571,0.140625,-1.85546875,8.99609375,0.009765625,-0.216796875,-0.083984375,0.044921875,-0.2236328125,-0.8740234375
1083.233912,info,IMU,3367.5771,-0.04296875,-1.53515625,11.078125,0.111328125,-0.25,-0.087890625,0.0380859375,-0.2236328125,-0.8740234375
1083.254144,info,IMU,3367.5971,-0.4375,-0.7578125,7.98046875,0.029296875,-0.291015625,-0.087890625,0.03125,-0.224609375,-0.8740234375
1083.274367,info,IMU,3367.6171,-0.33984375,-0.78515625,8.890625,0.021484375,-0.32421875,-0.08984375,0.0283203125,-0.2255859375,-0.873046875
1083.294000,info,IMU,3367.6371,0.4296875,-0.96484375,8.2421875,-0.0859375,-0.29296875,-0.09765625,0.0205078125,-0.2265625,-0.8720703125
1083.314307,info,IMU,3367.6571,0.9921875,-1.15234375,8.953125,0.01953125,-0.240234375,-0.099609375,0.01953125,-0.2275390625,-0.8740234375
1083.334411,info,IMU,3367.6771,0.59375,-1.23828125,8.94140625,0.009765625,-0.2734375,-0.115234375,0.013671875,-0.2265625,-0.873046875
1083.354030,info,IMU,3367.6971000000003,-0.25390625,-1.609375,9.36328125,-0.001953125,-0.150390625,-0.115234375,0.0068359375,-0.228515625,-0.8720703125
1083.374464,info,IMU,3367.7171000000003,-0.5546875,-1.34765625,10.40234375,0.041015625,-0.24609375,-0.125,0.001953125,-0.2294921875,-0.8701171875
1083.393849,info,IMU,3367.7371000000003,-0.91015625,-1.09765625,10.9609375,0.029296875,-0.212890625,-0.119140625,-0.0009765625,-0.2275390625,-0.87109375
1083.414741,info,IMU,3367.7571000000003,0.21484375,-0.9453125,8.67578125,0.083984375,-0.318359375,-0.130859375,-0.0029296875,-0.2275390625,-0.8701171875
1083.434301,info,IMU,3367.7771000000002,0.72265625,-0.53125,11.75,-0.05078125,-0.259765625,-0.142578125,-0.0068359375,-0.2333984375,-0.869140625
1083.453901,info,IMU,3367.7971000000002,1.81640625,-2.0625,9.37109375,-0.013671875,-0.08984375,-0.1484375,-0.0078125,-0.23046875,-0.8701171875
1083.474103,info,IMU,3367.8171,1.234375,-1.17578125,12.95703125,-0.046875,-0.08984375,-0.146484375,-0.0146484375,-0.2333984375,-0.8671875
1083.494412,info,IMU,3367.8371,-0.01953125,-1.91796875,10.8671875,0.09375,0.048828125,-0.15234375,-0.0146484375,-0.2314453125,-0.869140625
1083.516855,info,IMU,3367.8571,-0.5234375,-0.50390625,10.66796875,0.001953125,-0.1015625,-0.16796875,-0.015625,-0.232421875,-0.8671875
1083.534187,info,IMU,3367.8771,-0.94921875,-1.17578125,10.54296875,0.05859375,-0.111328125,-0.166015625,-0.0185546875,-0.2333984375,-0.869140625
1083.554445,info,IMU,3367.8971,-0.25390625,-0.85546875,9.421875,0.01171875,-0.181640625,-0.158203125,-0.0234375,-0.2353515625,-0.8671875
1083.574017,info,IMU,3367.9171,-0.37890625,-0.9453125,8.49609375,-0.0234375,-0.189453125,-0.169921875,-0.0263671875,-0.2373046875,-0.869140625
1083.594258,info,IMU,3367.9371,0.50390625,-1.46875,9.47265625,-0.01171875,-0.013671875,-0.1875,-0.021484375,-0.2333984375,-0.865234375
1083.613831,info,IMU,3367.9571,0.734375,-0.921875,8.80859375,-0.087890625,-0.07421875,-0.189453125,-0.0263671875,-0.236328125,-0.869140625
1083.634070,info,IMU,3367.9771,-0.19921875,-1.3125,10.6328125,0.052734375,-0.01953125,-0.181640625,-0.0234375,-0.2333984375,-0.8671875
1083.654281,info,IMU,3367.9971,0.26171875,-0.85546875,9.390625,-0.060546875,-0.0859375,-0.185546875,-0.0224609375,-0.236328125,-0.8671875
1083.676307,info,IMU,3368.0171,0.60546875,-1.2890625,10.03125,-0.01953125,-0.029296875,-0.19921875,-0.021484375,-0.23828125,-0.8681640625
1083.694122,info,IMU,3368.0371,1.18359375,-1.73046875,11.12890625,-0.0234375,0.041015625,-0.193359375,-0.0205078125,-0.2353515625,-0.8671875
1083.715121,info,IMU,3368.0571,0.64453125,-1.34375,10.5390625,0.029296875,0.0078125,-0.1953125,-0.0205078125,-0.236328125,-0.8681640625
1083.733931,info,IMU,3368.0771,-0.1640625,-1.4921875,11.34765625,-0.046875,0.083984375,-0.197265625,-0.017578125,-0.236328125,-0.8681640625
1083.754201,info,IMU,3368.0971,0.40234375,-1.13671875,12.0703125,-0.029296875,0.04296875,-0.208984375,-0.015625,-0.236328125,-0.869140625
1083.774374,info,IMU,3368.1171,1.1015625,-1.1640625,12.8671875,-0.099609375,0.15234375,-0.205078125,-0.01171875,-0.232421875,-0.8681640625
1083.793992,info,IMU,3368.1371,0.953125,-1.9140625,11.01953125,-0.0234375,0.162109375,-0.19921875,-0.0078125,-0.2353515625,-0.8681640625
1083.814316,info,IMU,3368.1571,0.43359375,-1.4765625,12.30859375,-0.044921875,0.2109375,-0.201171875,-0.00390625,-0.236328125,-0.869140625
1083.834425,info,IMU,3368.1771,0.18359375,-0.90234375,9.58984375,-0.0703125,0.216796875,-0.205078125,-0,-0.234375,-0.869140625
1083.854069,info,IMU,3368.1971000000003,-0.390625,-1.13671875,10.61328125,-0.01953125,0.11328125,-0.21875,0.0029296875,-0.234375,-0.869140625
1083.874276,info,IMU,3368.2171000000003,0.078125,-1.015625,8.33203125,-0.1171875,0.16015625,-0.21875,0.0087890625,-0.232421875,-0.87109375
1083.893860,info,IMU,3368.2371000000003,0.234375,-1.06640625,9.58203125,-0.083984375,0.1875,-0.22265625,0.0107421875,-0.2314453125,-0.8701171875
1083.914527,info,IMU,3368.2571000000003,0.015625,-1.61328125,9.87109375,-0.109375,0.232421875,-0.21875,0.01953125,-0.23046875,-0.873046875
1083.934638,info,IMU,3368.2771000000002,-0.4375,-1.2734375,9.6640625,-0.0234375,0.21875,-0.220703125,0.0244140625,-0.2294921875,-0.87109375
1083.953934,info,IMU,3368.2971000000002,-0.9140625,-1.21484375,9.06640625,-0.017578125,0.1875,-0.23828125,0.0283203125,-0.2275390625,-0.8740234375
1083.974144,info,IMU,3368.3171,-0.6171875,-1.23046875,9.35546875,-0.056640625,0.125,-0.244140625,0.0302734375,-0.2265625,-0.8740234375
1083.994371,info,IMU,3368.3371,0.20703125,-1.6796875,10.16015625,-0.0625,0.12109375,-0.24609375,0.0380859375,-0.2255859375,-0.8759765625
1084.013977,info,IMU,3368.3571,0.65625,-1.64453125,10.59765625,-0.03515625,0.1953125,-0.2421875,0.0419921875,-0.2255859375,-0.873046875
1084.034231,info,IMU,3368.3771,0.55078125,-0.9453125,10.32421875,-0.033203125,0.197265625,-0.25,0.0478515625,-0.2275390625,-0.875
1084.054417,info,IMU,3368.3971,0.234375,-1.5625,11.99609375,-0.033203125,0.25,-0.259765625,0.052734375,-0.2255859375,-0.87109375
1084.074047,info,IMU,3368.4171,-0.21875,-1.3671875,9.375,-0.05859375,0.205078125,-0.263671875,0.056640625,-0.2236328125,-0.876953125
1084.094251,info,IMU,3368.4371,-0.89453125,-1.35546875,10.765625,-0.02734375,0.158203125,-0.25390625,0.0615234375,-0.220703125,-0.875
1084.115298,info,IMU,3368.4571,-0.55859375,-1.12109375,8.53515625,-0,0.130859375,-0.265625,0.0654296875,-0.22265625,-0.8759765625
1084.134242,info,IMU,3368.4771,-0.01953125,-1.00390625,8.80078125,-0.064453125,0.1640625,-0.26953125,0.068359375,-0.2236328125,-0.875
1084.154441,info,IMU,3368.4971,0.20703125,-1.71484375,8.15234375,-0.021484375,0.12890625,-0.26953125,0.0751953125,-0.220703125,-0.875
1084.173918,info,IMU,3368.5171,-0.08984375,-1.2578125,9.94140625,-0.060546875,0.21875,-0.267578125,0.078125,-0.22265625,-0.875
1084.194165,info,IMU,3368.5371,-0.40234375,-1.328125,7.42578125,0.0546875,0.076171875,-0.27734375,0.08203125,-0.2216796875,-0.875
1084.215675,info,IMU,3368.5571,-1.08984375,-1.3203125,10.54296875,-0.0546875,0.068359375,-0.28125,0.0869140625,-0.220703125,-0.8740234375
1084.234011,info,IMU,3368.5771,-0.4140625,-1.390625,6.7109375,-0.0078125,0.0703125,-0.27734375,0.087890625,-0.2216796875,-0.8779296875
1084.254240,info,IMU,3368.5971,-0.53125,-1.3515625,10.01953125,0.0234375,0.0078125,-0.28125,0.0927734375,-0.2216796875,-0.876953125
1084.274437,info,IMU,3368.6171,-0.1796875,-1.45703125,8.21484375,0.0078125,0.12890625,-0.291015625,0.0947265625,-0.22265625,-0.8759765625
1084.294433,info,IMU,3368.6371,0.12890625,-0.99609375,8.375,0.029296875,0.095703125,-0.294921875,0.09765625,-0.2197265625,-0.876953125
1084.316263,info,IMU,3368.6571,-0.43359375,-1.60546875,10.125,0.064453125,0.0703125,-0.291015625,0.1015625,-0.2216796875,-0.8759765625
1084.333851,info,IMU,3368.6771,-0.91796875,-1.18359375,8.453125,0.0078125,0.0234375,-0.30078125,0.1015625,-0.2197265625,-0.8759765625
1084.354089,info,IMU,3368.6971000000003,-0.92578125,-1.15234375,7.55078125,0.041015625,-0.0390625,-0.314453125,0.1025390625,-0.22265625,-0.8759765625
1084.374325,info,IMU,3368.7171000000003,-0.35546875,-1.46484375,8.6796875,0.03515625,-0.05859375,-0.3203125,0.107421875,-0.2236328125,-0.8759765625
1084.393929,info,IMU,3368.7371000000003,-0.03515625,-0.8125,9.9609375,-0.025390625,0.03515625,-0.3125,0.10546875,-0.2236328125,-0.8759765625
1084.416808,info,IMU,3368.7571000000003,-0.59375,-1.55078125,7.78515625,0.09375,0.044921875,-0.3203125,0.107421875,-0.2255859375,-0.8779296875
1084.434378,info,IMU,3368.7771000000002,-1.12890625,-1.37890625,9.82421875,0.05078125,0.021484375,-0.32421875,0.109375,-0.2265625,-0.875
1084.454014,info,IMU,3368.7971000000002,-1.1015625,-1.33984375,6.51953125,0.060546875,-0.09375,-0.3359375,0.111328125,-0.2265625,-0.8740234375
1084.474194,info,IMU,3368.8171,-0.8203125,-1.25,10.05859375,0.021484375,-0.1484375,-0.3359375,0.1123046875,-0.2275390625,-0.8759765625
1084.494435,info,IMU,3368.8371,0.140625,-1.6015625,7.921875,0.005859375,-0.095703125,-0.333984375,0.109375,-0.2275390625,-0.875
1084.517063,info,IMU,3368.8571,-0.0390625,-0.87109375,10.015625,0.025390625,-0.04296875,-0.333984375,0.107421875,-0.2294921875,-0.8740234375
1084.534222,info,IMU,3368.8771,-0.578125,-1.2890625,10.15625,0.037109375,0.009765625,-0.3359375,0.107421875,-0.228515625,-0.875
1084.553837,info,IMU,3368.8971,-0.73046875,-0.92578125,10.921875,-0.01953125,-0.056640625,-0.34375,0.1083984375,-0.2294921875,-0.875
1084.574089,info,IMU,3368.9171,-0.90625,-1.0390625,9.515625,-0.03125,-0.076171875,-0.337890625,0.107421875,-0.228515625,-0.875
1084.594346,info,IMU,3368.9371,-1.05859375,-1.09375,8.33984375,0.01171875,-0.19921875,-0.345703125,0.1103515625,-0.2265625,-0.875
1084.617439,info,IMU,3368.9571,-0.87890625,-1.41796875,8.9765625,-0.072265625,-0.123046875,-0.34765625,0.10546875,-0.2275390625,-0.875
1084.634161,info,IMU,3368.9771,-0.2109375,-1.4765625,7.25390625,-0.060546875,-0.22265625,-0.345703125,0.10546875,-0.2255859375,-0.8759765625
1084.654401,info,IMU,3368.9971,-0.1875,-1.40234375,11.10546875,-0.06640625,-0.125,-0.3359375,0.103515625,-0.22265625,-0.875
1084.677358,info,IMU,3369.0171,-0.26953125,-1.77734375,8.265625,-0.021484375,-0.119140625,-0.333984375,0.1015625,-0.22265625,-0.8759765625
1084.694218,info,IMU,3369.0371,-1.2890625,-1.37109375,10.671875,0.015625,-0.146484375,-0.341796875,0.099609375,-0.220703125,-0.875
1084.717881,info,IMU,3369.0571,-0.9140625,-1.5625,8.55078125,-0.033203125,-0.1875,-0.34375,0.09765625,-0.22265625,-0.876953125
1084.738032,info,IMU,3369.0771,-0.84765625,-1.328125,9.51171875,-0.013671875,-0.298828125,-0.333984375,0.0947265625,-0.2177734375,-0.8759765625
1084.754220,info,IMU,3369.0971,0.21875,-1.375,10.6328125,-0.0703125,-0.251953125,-0.330078125,0.095703125,-0.2177734375,-0.8779296875
1084.773826,info,IMU,3369.1171,0.0625,-1.4765625,9.13671875,-0.1484375,-0.236328125,-0.330078125,0.091796875,-0.21484375,-0.8779296875
1084.794064,info,IMU,3369.1371,-0.0390625,-1.796875,12.3359375,-0.009765625,-0.107421875,-0.3359375,0.0908203125,-0.2158203125,-0.87890625
1084.814330,info,IMU,3369.1571,-0.0234375,-1.5078125,9.6484375,-0.142578125,-0.046875,-0.330078125,0.083984375,-0.2109375,-0.87890625
1084.833890,info,IMU,3369.1771,-0.734375,-1.41015625,12.58984375,0.02734375,-0.140625,-0.330078125,0.0849609375,-0.2109375,-0.87890625
1084.854128,info,IMU,3369.1971000000003,-0.9296875,-1.70703125,9.16015625,-0.12109375,-0.193359375,-0.33203125,0.080078125,-0.2099609375,-0.87890625
1084.874338,info,IMU,3369.2171000000003,-0.96484375,-1.37890625,10.171875,-0.0546875,-0.24609375,-0.330078125,0.0791015625,-0.208984375,-0.87890625
1084.893979,info,IMU,3369.2371000000003,-0.5625,-1.46484375,8.04296875,-0.095703125,-0.224609375,-0.3359375,0.078125,-0.2080078125,-0.87890625
1084.914183,info,IMU,3369.2571000000003,0.35546875,-1.0546875,9.3984375,-0.072265625,-0.14453125,-0.337890625,0.0771484375,-0.205078125,-0.87890625
1084.934505,info,IMU,3369.2771000000002,0.08203125,-2.125,9.109375,-0.119140625,-0.056640625,-0.33203125,0.0751953125,-0.2041015625,-0.87890625
1084.954026,info,IMU,3369.2971000000002,-0.5546875,-2.015625,11.2890625,-0.01953125,-0.00390625,-0.322265625,0.072265625,-0.205078125,-0.8798828125
1084.974261,info,IMU,3369.3171,-0.8125,-1.7890625,8.51953125,0.01171875,-0.1015625,-0.328125,0.072265625,-0.2001953125,-0.87890625
1084.993825,info,IMU,3369.3371,-0.78515625,-1.34375,10.53515625,-0.00390625,-0.14453125,-0.333984375,0.0751953125,-0.205078125,-0.880859375
1085.015228,info,IMU,3369.3571,0.23828125,-1.51953125,9.0703125,-0.015625,-0.03515625,-0.33203125,0.0712890625,-0.2021484375,-0.87890625
1085.034305,info,IMU,3369.3771,0.40234375,-1.6953125,9.59375,-0.0078125,-0.07421875,-0.32421875,0.072265625,-0.2041015625,-0.8798828125
1085.053917,info,IMU,3369.3971,0.0078125,-1.33984375,12.02734375,0.037109375,-0.037109375,-0.31640625,0.0732421875,-0.203125,-0.8798828125
1085.074110,info,IMU,3369.4171,0.49609375,-1.58203125,9.11328125,0.048828125,0.1015625,-0.314453125,0.076171875,-0.20703125,-0.87890625
1085.094378,info,IMU,3369.4371,0.08203125,-1.1328125,9.640625,0.001953125,-0.0078125,-0.31640625,0.0771484375,-0.205078125,-0.8779296875
1085.113959,info,IMU,3369.4571,-0.390625,-1.8671875,10.3984375,0.05078125,0.11328125,-0.310546875,0.0791015625,-0.205078125,-0.8779296875
1085.134237,info,IMU,3369.4771,0.12890625,-1.49609375,8.125,0.001953125,0.056640625,-0.30078125,0.083984375,-0.205078125,-0.8779296875
1085.154393,info,IMU,3369.4971,0.12890625,-1.390625,9.92578125,0.02734375,0.19921875,-0.294921875,0.0849609375,-0.2080078125,-0.87890625
1085.174009,info,IMU,3369.5171,0.1328125,-1.70703125,9.421875,0.052734375,0.2109375,-0.2890625,0.0908203125,-0.2080078125,-0.8798828125
1085.194199,info,IMU,3369.5371,-0.078125,-1.09375,8.8515625,0.02734375,0.09375,-0.2890625,0.0927734375,-0.2080078125,-0.8759765625
1085.213838,info,IMU,3369.5571,-0.27734375,-1.16796875,10.72265625,0.056640625,0.21484375,-0.28515625,0.099609375,-0.2099609375,-0.876953125
1085.234063,info,IMU,3369.5771,-0.3359375,-1.3828125,8.6484375,0.0234375,0.138671875,-0.28125,0.1015625,-0.2099609375,-0.876953125
1085.254296,info,IMU,3369.5971,0.078125,-1.859375,11.12890625,0.001953125,0.232421875,-0.259765625,0.1083984375,-0.2119140625,-0.8759765625
1085.274072,info,IMU,3369.6171,0.14453125,-1.86328125,8.67578125,0.09375,0.212890625,-0.25390625,0.11328125,-0.2109375,-0.876953125
1085.294146,info,IMU,3369.6371,0.0546875,-1.234375,9.8984375,0.037109375,0.21875,-0.248046875,0.1181640625,-0.2138671875,-0.8759765625
1085.314328,info,IMU,3369.6571,-0.0078125,-1.60546875,9.77734375,0.048828125,0.279296875,-0.255859375,0.1259765625,-0.212890625,-0.876953125
1085.333933,info,IMU,3369.6771,0.3359375,-1.4765625,10.3203125,-0.013671875,0.275390625,-0.234375,0.1318359375,-0.2138671875,-0.8759765625
1085.354167,info,IMU,3369.6971000000003,-0.0703125,-1.4609375,10.70703125,0.064453125,0.302734375,-0.22265625,0.138671875,-0.2158203125,-0.875
1085.374411,info,IMU,3369.7171000000003,-0.22265625,-1.23828125,9.828125,0.013671875,0.3125,-0.216796875,0.146484375,-0.216796875,-0.873046875
1085.394168,info,IMU,3369.7371000000003,-0.3828125,-1.24609375,9.65625,0.017578125,0.310546875,-0.220703125,0.1513671875,-0.2158203125,-0.8759765625
1085.414308,info,IMU,3369.7571000000003,-0.27734375,-1.421875,8.45703125,0.009765625,0.287109375,-0.212890625,0.16015625,-0.212890625,-0.8759765625
1085.433817,info,IMU,3369.7771000000002,-0.57421875,-1.453125,10.96484375,0.005859375,0.3125,-0.19921875,0.16796875,-0.2158203125,-0.875
1085.454067,info,IMU,3369.7971000000002,-0.52734375,-1.40234375,6.83203125,0.013671875,0.3515625,-0.1875,0.173828125,-0.216796875,-0.873046875
1085.474274,info,IMU,3369.8171,-0.8359375,-1.1875,11.3671875,-0.03125,0.255859375,-0.197265625,0.1796875,-0.212890625,-0.87109375
1085.494036,info,IMU,3369.8371,-0.7578125,-1.6953125,7.171875,-0.0078125,0.26953125,-0.1796875,0.1826171875,-0.2119140625,-0.8740234375
1085.514092,info,IMU,3369.8571,-0.53515625,-1.05078125,11.46484375,0.021484375,0.279296875,-0.173828125,0.19140625,-0.212890625,-0.8701171875
1085.534332,info,IMU,3369.8771,-1.140625,-1.6328125,8.19140625,-0.01171875,0.26171875,-0.1640625,0.19921875,-0.2109375,-0.875
1085.553913,info,IMU,3369.8971,-1.23828125,-1.17578125,12.26953125,-0.017578125,0.193359375,-0.173828125,0.2060546875,-0.2138671875,-0.8701171875
1085.574155,info,IMU,3369.9171,-1.15234375,-1.89453125,8.42578125,-0.03515625,0.234375,-0.166015625,0.2119140625,-0.2109375,-0.8720703125
1085.594398,info,IMU,3369.9371,-0.78515625,-0.98828125,11.14453125,-0.025390625,0.271484375,-0.15625,0.2138671875,-0.2080078125,-0.8720703125
1085.614255,info,IMU,3369.9571,-0.59765625,-1.33203125,8.05859375,-0.083984375,0.2421875,-0.150390625,0.224609375,-0.2099609375,-0.8681640625
1085.634218,info,IMU,3369.9771,-0.953125,-0.97265625,10.78515625,0.015625,0.23046875,-0.158203125,0.2265625,-0.20703125,-0.8671875
1085.653799,info,IMU,3369.9971,-1.03125,-1.46484375,9.2265625,-0.0625,0.208984375,-0.158203125,0.232421875,-0.2060546875,-0.8681640625
1085.678317,info,IMU,3370.0171,-0.72265625,-1.24609375,10.859375,0.056640625,0.1015625,-0.154296875,0.232421875,-0.2041015625,-0.87109375
1085.694262,info,IMU,3370.0371,-1.1796875,-1.23828125,10.13671875,-0.068359375,0.189453125,-0.146484375,0.236328125,-0.203125,-0.8662109375
1085.713870,info,IMU,3370.0571,-0.9296875,-0.8984375,8.8671875,0.015625,0.095703125,-0.150390625,0.2412109375,-0.2021484375,-0.8662109375
1085.734083,info,IMU,3370.0771,-0.59375,-0.55859375,9.23046875,-0.021484375,0.197265625,-0.140625,0.244140625,-0.2041015625,-0.865234375
1085.754343,info,IMU,3370.0971,-1.05859375,-1.45703125,8.25,0.07421875,0.146484375,-0.13671875,0.2470703125,-0.205078125,-0.8662109375
1085.773924,info,IMU,3370.1171,-1.08984375,-0.96875,12.09765625,-0.04296875,0.1328125,-0.13671875,0.25390625,-0.201171875,-0.8671875
1085.794149,info,IMU,3370.1371,-1.01953125,-1.66015625,7.29296875,-0.029296875,0.177734375,-0.134765625,0.2509765625,-0.2021484375,-0.8662109375
1085.814357,info,IMU,3370.1571,-1.06640625,-1.06640625,11.07421875,0.0390625,0.037109375,-0.138671875,0.2578125,-0.2021484375,-0.8671875
1085.834012,info,IMU,3370.1771,-0.6796875,-1.28125,8.9921875,-0.091796875,0.1015625,-0.12109375,0.2607421875,-0.201171875,-0.86328125
1085.854214,info,IMU,3370.1971000000003,-0.68359375,-0.76171875,11.55078125,0.08984375,0.0859375,-0.12109375,0.2626953125,-0.1982421875,-0.865234375
1085.873789,info,IMU,3370.2171000000003,-1.03515625,-1.65234375,10.61328125,-0.125,0.130859375,-0.123046875,0.2626953125,-0.1982421875,-0.865234375
1085.894068,info,IMU,3370.2371000000003,-0.78515625,-1.0234375,10.12890625,0.0625,0.02734375,-0.12890625,0.2626953125,-0.19921875,-0.865234375
1085.916760,info,IMU,3370.2571000000003,-1.2421875,-0.890625,8.76171875,-0.0390625,0.01953125,-0.119140625,0.265625,-0.1982421875,-0.8671875
1085.933856,info,IMU,3370.2771000000002,-1.5078125,-1.41015625,8.5546875,0.037109375,-0.0390625,-0.119140625,0.2666015625,-0.2001953125,-0.865234375
1085.954110,info,IMU,3370.2971000000002,-0.89453125,-1.50390625,11.58984375,-0.087890625,0.04296875,-0.10546875,0.265625,-0.197265625,-0.865234375
1085.974334,info,IMU,3370.3171,-0.765625,-0.85546875,10.140625,0.0703125,-0.001953125,-0.111328125,0.2685546875,-0.1962890625,-0.865234375
1085.993920,info,IMU,3370.3371,-1.3671875,-1.08203125,9.3984375,-0.09375,-0,-0.109375,0.2666015625,-0.197265625,-0.865234375
1086.014438,info,IMU,3370.3571,-0.953125,-1.20703125,9.08203125,0.009765625,-0.015625,-0.11328125,0.265625,-0.193359375,-0.86328125
1086.034378,info,IMU,3370.3771,-0.85546875,-0.8671875,13.01953125,-0.091796875,-0.03125,-0.1015625,0.267578125,-0.19140625,-0.8662109375
1086.053973,info,IMU,3370.3971,-1.21484375,-1.58984375,10.203125,-0.013671875,0.015625,-0.087890625,0.267578125,-0.1904296875,-0.8671875
1086.074208,info,IMU,3370.4171,-0.875,-1.0234375,11.578125,-0.072265625,0.060546875,-0.0859375,0.2685546875,-0.1904296875,-0.86328125
1086.093779,info,IMU,3370.4371,-0.5625,-0.87109375,10.390625,-0.05078125,-0.01953125,-0.091796875,0.2666015625,-0.1865234375,-0.8642578125
1086.114792,info,IMU,3370.4571,-0.859375,-0.984375,11.484375,-0.087890625,-0.08203125,-0.083984375,0.263671875,-0.185546875,-0.8662109375
1086.134261,info,IMU,3370.4771,-0.85546875,-1.44140625,10.44921875,-0.06640625,-0.052734375,-0.076171875,0.265625,-0.185546875,-0.865234375
1086.153847,info,IMU,3370.4971,-0.7109375,-1.05859375,13.0625,-0.111328125,-0.025390625,-0.06640625,0.2666015625,-0.1826171875,-0.8681640625
1086.174067,info,IMU,3370.5171,-0.5546875,-1.2890625,10.46875,-0.11328125,-0,-0.060546875,0.2666015625,-0.1787109375,-0.8681640625
1086.194401,info,IMU,3370.5371,-0.640625,-1.61328125,11.40625,-0.08984375,0.09375,-0.060546875,0.265625,-0.173828125,-0.869140625
1086.213932,info,IMU,3370.5571,-0.65234375,-0.953125,9.94140625,-0.099609375,0.02734375,-0.052734375,0.26953125,-0.17578125,-0.8681640625
1086.234321,info,IMU,3370.5771,-0.52734375,-1.1953125,13.19140625,-0.0703125,0.001953125,-0.056640625,0.267578125,-0.1728515625,-0.87109375
1086.254362,info,IMU,3370.5971,-0.609375,-1.32421875,12.0234375,-0.15234375,0.080078125,-0.05078125,0.2685546875,-0.1689453125,-0.8681640625
1086.274138,info,IMU,3370.6171,-0.26171875,-1.24609375,11.15625,-0.126953125,0.05859375,-0.046875,0.2685546875,-0.16796875,-0.869140625
1086.294188,info,IMU,3370.6371,-0.69921875,-0.734375,11.359375,-0.130859375,0.064453125,-0.044921875,0.271484375,-0.1630859375,-0.8681640625
1086.313785,info,IMU,3370.6571,-0.61328125,-1.4609375,11.59375,-0.099609375,0.16015625,-0.0390625,0.2763671875,-0.1611328125,-0.8701171875
1086.334029,info,IMU,3370.6771,-0.4375,-1.671875,9.9453125,-0.052734375,0.173828125,-0.037109375,0.28125,-0.1591796875,-0.8701171875
1086.354235,info,IMU,3370.6971000000003,-0.48828125,-0.97265625,12.5078125,-0.15234375,0.171875,-0.03515625,0.279296875,-0.15625,-0.869140625
1086.373965,info,IMU,3370.7171000000003,-0.34375,-1.52734375,10.4765625,-0.12109375,0.255859375,-0.03125,0.287109375,-0.15234375,-0.8671875
1086.394074,info,IMU,3370.7371000000003,-0.78125,-1.30859375,11.91796875,-0.06640625,0.21875,-0.03125,0.2900390625,-0.150390625,-0.8671875
1086.414695,info,IMU,3370.7571000000003,-0.5390625,-1.671875,11.0859375,-0.123046875,0.279296875,-0.021484375,0.2958984375,-0.1494140625,-0.8662109375
1086.433879,info,IMU,3370.7771000000002,-0.46875,-1.15234375,11.515625,-0.03125,0.22265625,-0.01953125,0.30078125,-0.1494140625,-0.8623046875
1086.454147,info,IMU,3370.7971000000002,-0.21484375,-1.51953125,12.0078125,-0.0859375,0.2265625,-0.01171875,0.3017578125,-0.146484375,-0.865234375
1086.474338,info,IMU,3370.8171,-0.25390625,-1.7734375,11.125,-0.01171875,0.26953125,-0.009765625,0.3125,-0.1416015625,-0.8642578125
1086.493963,info,IMU,3370.8371,-1.03125,-1.5078125,10.140625,-0.046875,0.287109375,-0.01171875,0.3173828125,-0.1435546875,-0.865234375
1086.516861,info,IMU,3370.8571,-0.71484375,-1.41796875,9.66015625,-0.033203125,0.365234375,-0.0078125,0.32421875,-0.14453125,-0.861328125
1086.533793,info,IMU,3370.8771,-0.3515625,-1.48828125,11.51953125,-0.060546875,0.400390625,0.00390625,0.3310546875,-0.140625,-0.859375
1086.554007,info,IMU,3370.8971,-0.19140625,-1.48046875,10.00390625,0.02734375,0.35546875,0.009765625,0.33984375,-0.142578125,-0.857421875
1086.574213,info,IMU,3370.9171,-0.80859375,-1.22265625,11.97265625,-0.03515625,0.4453125,0.0078125,0.3447265625,-0.138671875,-0.853515625
1086.593833,info,IMU,3370.9371,-0.53125,-1.73828125,8.421875,0.015625,0.373046875,-0,0.35546875,-0.1416015625,-0.8525390625
1086.614090,info,IMU,3370.9571,-0.83984375,-1.296875,12.6796875,0.064453125,0.48828125,0.0078125,0.3603515625,-0.1396484375,-0.853515625
1086.634294,info,IMU,3370.9771,-1.15234375,-2.12109375,7.12890625,0.07421875,0.419921875,0.0234375,0.3740234375,-0.1396484375,-0.84765625
1086.653887,info,IMU,3370.9971,-0.796875,-1.61328125,11.375,0.20703125,0.4609375,0.015625,0.3837890625,-0.1455078125,-0.8466796875
1086.674111,info,IMU,3371.0171,-0.66015625,-1.86328125,7.0078125,0.009765625,0.51171875,0.02734375,0.392578125,-0.146484375,-0.8447265625
1086.694379,info,IMU,3371.0371,-0.52734375,-1.95703125,10.35546875,0.12890625,0.501953125,0.021484375,0.40234375,-0.1494140625,-0.8408203125
1086.714885,info,IMU,3371.0571,-0.7578125,-2.03125,9.4140625,0.013671875,0.552734375,0.03515625,0.4111328125,-0.15234375,-0.8388671875
1086.734220,info,IMU,3371.0771,-0.81640625,-1.80078125,8.90234375,0.17578125,0.443359375,0.03125,0.41796875,-0.154296875,-0.8330078125
1086.753813,info,IMU,3371.0971,-1.0859375,-1.79296875,9.3125,0.09765625,0.517578125,0.04296875,0.4287109375,-0.1533203125,-0.83203125
1086.774017,info,IMU,3371.1171,-0.59765625,-1.51171875,7.2734375,0.138671875,0.439453125,0.046875,0.4375,-0.15625,-0.826171875
1086.794204,info,IMU,3371.1371,-1.01953125,-1.296875,10.86328125,0.154296875,0.49609375,0.05078125,0.447265625,-0.1630859375,-0.822265625
1086.813827,info,IMU,3371.1571,-1.06640625,-1.4140625,6.53125,0.212890625,0.421875,0.044921875,0.4560546875,-0.1640625,-0.8193359375
1086.834500,info,IMU,3371.1771,-1.3046875,-1.5078125,9.25,0.1484375,0.458984375,0.05078125,0.4609375,-0.171875,-0.8134765625
1086.854278,info,IMU,3371.1971000000003,-0.91015625,-1.6953125,6.484375,0.189453125,0.3984375,0.05859375,0.4736328125,-0.173828125,-0.810546875
1086.873884,info,IMU,3371.2171000000003,-1.4375,-1.7109375,9.7421875,0.1484375,0.443359375,0.06640625,0.478515625,-0.177734375,-0.8076171875
1086.894097,info,IMU,3371.2371000000003,-1.1875,-1.5546875,6.40234375,0.189453125,0.3984375,0.064453125,0.486328125,-0.1806640625,-0.8046875
1086.914470,info,IMU,3371.2571000000003,-0.9140625,-1.02734375,10.0546875,0.123046875,0.359375,0.07421875,0.4921875,-0.1865234375,-0.7978515625
1086.934063,info,IMU,3371.2771000000002,-1.80078125,-1.703125,7.23046875,0.19921875,0.365234375,0.06640625,0.501953125,-0.1904296875,-0.7978515625
1086.954171,info,IMU,3371.2971000000002,-1.83984375,-1.7890625,8.30859375,0.1640625,0.322265625,0.060546875,0.5078125,-0.1953125,-0.79296875
1086.974352,info,IMU,3371.3171,-2.33984375,-1.3046875,7.859375,0.1640625,0.3203125,0.05859375,0.5166015625,-0.1982421875,-0.7919921875
1086.993995,info,IMU,3371.3371,-1.83203125,-2.25390625,7.33984375,0.201171875,0.29296875,0.064453125,0.517578125,-0.201171875,-0.7861328125
1087.014261,info,IMU,3371.3571,-2.125,-1.8203125,7.83203125,0.158203125,0.19921875,0.06640625,0.5234375,-0.2041015625,-0.78515625
1087.033810,info,IMU,3371.3771,-1.89453125,-1.46875,8.375,0.240234375,0.2421875,0.068359375,0.5283203125,-0.2099609375,-0.78125
1087.054036,info,IMU,3371.3971,-2.5078125,-1.390625,7.0703125,0.083984375,0.134765625,0.064453125,0.5302734375,-0.212890625,-0.779296875
1087.074279,info,IMU,3371.4171,-2.41015625,-1.43359375,7.61328125,0.25390625,0.072265625,0.0546875,0.537109375,-0.2158203125,-0.775390625
1087.093898,info,IMU,3371.4371,-2.08984375,-1.3203125,7.28515625,0.068359375,0.04296875,0.060546875,0.5380859375,-0.21875,-0.7763671875
1087.114100,info,IMU,3371.4571,-1.703125,-1.80859375,7.85546875,0.126953125,-0.0078125,0.056640625,0.5380859375,-0.22265625,-0.7744140625
1087.134391,info,IMU,3371.4771,-1.84375,-1.4453125,9.609375,0.099609375,0.0390625,0.060546875,0.5361328125,-0.2265625,-0.7734375
1087.153906,info,IMU,3371.4971,-1.66796875,-1.66796875,6.91015625,0.125,-0.01171875,0.056640625,0.541015625,-0.23046875,-0.7724609375
1087.174161,info,IMU,3371.5171,-1.90625,-1.16015625,9.828125,0.0625,-0.060546875,0.068359375,0.533203125,-0.2294921875,-0.7734375
1087.194397,info,IMU,3371.5371,-2.09765625,-1.3359375,7.921875,0.08984375,-0.12890625,0.0625,0.5322265625,-0.2314453125,-0.771484375
1087.214010,info,IMU,3371.5571,-2.19140625,-1.78515625,9.203125,-0.005859375,-0.146484375,0.0625,0.53125,-0.2353515625,-0.7763671875
1087.234199,info,IMU,3371.5771,-1.8203125,-1.53515625,7.12109375,0.02734375,-0.21484375,0.052734375,0.5283203125,-0.2333984375,-0.77734375
1087.253792,info,IMU,3371.5971,-1.7421875,-1.09375,10.1171875,0.00390625,-0.17578125,0.06640625,0.5234375,-0.23828125,-0.7763671875
1087.274055,info,IMU,3371.6171,-1.859375,-1.9765625,6.80859375,-0.005859375,-0.25,0.076171875,0.51953125,-0.2373046875,-0.77734375
1087.294294,info,IMU,3371.6371,-2.20703125,-1.75,9.55078125,-0.041015625,-0.255859375,0.078125,0.513671875,-0.2373046875,-0.779296875
1087.313894,info,IMU,3371.6571,-1.61328125,-1.62890625,8.12109375,0.064453125,-0.28125,0.076171875,0.5087890625,-0.23828125,-0.783203125
1087.334078,info,IMU,3371.6771,-1.3984375,-1.453125,8.703125,-0.01171875,-0.33984375,0.07421875,0.501953125,-0.240234375,-0.78515625
1087.354338,info,IMU,3371.6971000000003,-1.63671875,-1.46484375,8.16796875,-0.0546875,-0.3359375,0.078125,0.4990234375,-0.240234375,-0.787109375
1087.373938,info,IMU,3371.7171000000003,-1.4296875,-1.62890625,10.015625,-0.0703125,-0.375,0.08203125,0.4892578125,-0.23828125,-0.79296875
1087.394140,info,IMU,3371.7371000000003,-1.43359375,-1.52734375,9.6328125,-0.009765625,-0.40625,0.08984375,0.484375,-0.2353515625,-0.7939453125
1087.414359,info,IMU,3371.7571000000003,-1.6015625,-1.25390625,8.43359375,-0.08203125,-0.396484375,0.09375,0.4736328125,-0.2373046875,-0.796875
1087.434009,info,IMU,3371.7771000000002,-1.40625,-1.71875,10.06640625,-0.080078125,-0.43359375,0.09375,0.4677734375,-0.236328125,-0.80078125
1087.454169,info,IMU,3371.7971000000002,-0.8671875,-1.72265625,8.88671875,-0.16796875,-0.4296875,0.08984375,0.4580078125,-0.2353515625,-0.802734375
1087.473801,info,IMU,3371.8171,-0.734375,-1.703125,8.98828125,-0.076171875,-0.4453125,0.09375,0.4482421875,-0.2333984375,-0.80859375
1087.494041,info,IMU,3371.8371,-1.0546875,-1.43359375,10.890625,-0.095703125,-0.439453125,0.091796875,0.4404296875,-0.2333984375,-0.8115234375
1087.514263,info,IMU,3371.8571,-1.3125,-1.5703125,7.85546875,-0.134765625,-0.41796875,0.1015625,0.431640625,-0.234375,-0.814453125
1087.533842,info,IMU,3371.8771,-1.30859375,-2.13671875,9.1796875,-0.08203125,-0.48828125,0.099609375,0.423828125,-0.232421875,-0.8193359375
1087.554099,info,IMU,3371.8971,-0.83203125,-1.875,9.99609375,-0.060546875,-0.4921875,0.109375,0.4130859375,-0.228515625,-0.8212890625
1087.574317,info,IMU,3371.9171,-0.78125,-1.578125,7.92578125,-0.0859375,-0.455078125,0.111328125,0.4033203125,-0.23046875,-0.8251953125
1087.593940,info,IMU,3371.9371,-0.4921875,-1.7265625,9.8828125,-0.05859375,-0.447265625,0.107421875,0.39453125,-0.2265625,-0.8271484375
1087.615261,info,IMU,3371.9571,0.0703125,-1.34375,11.17578125,-0.154296875,-0.41796875,0.115234375,0.3857421875,-0.2265625,-0.83203125
1087.634370,info,IMU,3371.9771,-0.6328125,-1.62109375,8.6953125,-0.107421875,-0.39453125,0.119140625,0.37890625,-0.2236328125,-0.8349609375
1087.654004,info,IMU,3371.9971,-1.09375,-1.9140625,9.7109375,-0.037109375,-0.43359375,0.1171875,0.3671875,-0.2236328125,-0.8369140625
1087.674175,info,IMU,3372.0171,-0.60546875,-1.765625,8.49609375,-0.162109375,-0.41796875,0.1171875,0.3603515625,-0.224609375,-0.8388671875
1087.693790,info,IMU,3372.0371,-0.2109375,-1.85546875,9.35546875,-0.111328125,-0.40234375,0.12890625,0.3525390625,-0.2236328125,-0.8408203125
1087.714043,info,IMU,3372.0571,-0.41015625,-2.3203125,9.12890625,-0.0703125,-0.384765625,0.140625,0.34375,-0.21875,-0.845703125
1087.734245,info,IMU,3372.0771,-0.45703125,-1.578125,9.60546875,-0.0390625,-0.39453125,0.142578125,0.333984375,-0.22265625,-0.84765625
1087.753835,info,IMU,3372.0971,-0.609375,-1.66796875,8.9375,-0.12109375,-0.376953125,0.140625,0.3271484375,-0.21875,-0.849609375
1087.774067,info,IMU,3372.1171,-0.2421875,-1.8203125,8.19921875,-0.0625,-0.412109375,0.146484375,0.3203125,-0.2158203125,-0.8486328125
1087.794295,info,IMU,3372.1371,0.2109375,-1.75390625,10.3046875,-0.083984375,-0.37109375,0.150390625,0.3115234375,-0.2158203125,-0.853515625
1087.813889,info,IMU,3372.1571,-0.27734375,-1.90234375,8.74609375,-0.0390625,-0.3359375,0.150390625,0.30078125,-0.216796875,-0.853515625
1087.834129,info,IMU,3372.1771,-0.22265625,-1.6484375,10.984375,-0.064453125,-0.2890625,0.1640625,0.2939453125,-0.21875,-0.8544921875
1087.854347,info,IMU,3372.1971000000003,-0.015625,-1.51953125,8.07421875,-0.08203125,-0.287109375,0.16796875,0.28515625,-0.21484375,-0.857421875
1087.873965,info,IMU,3372.2171000000003,-0.61328125,-1.765625,9.921875,0.029296875,-0.318359375,0.16796875,0.28125,-0.21484375,-0.859375
1087.894169,info,IMU,3372.2371000000003,-0.3359375,-1.33203125,9.0234375,-0.091796875,-0.283203125,0.16015625,0.2734375,-0.2158203125,-0.8583984375
1087.914634,info,IMU,3372.2571000000003,0.23046875,-1.5234375,7.72265625,-0.013671875,-0.265625,0.173828125,0.2666015625,-0.2177734375,-0.86328125
1087.934133,info,IMU,3372.2771000000002,-0.1796875,-2.04296875,10.125,-0.048828125,-0.275390625,0.16796875,0.26171875,-0.2158203125,-0.86328125
1087.954245,info,IMU,3372.2971000000002,-0.12890625,-2.15234375,8.34375,-0.09375,-0.173828125,0.17578125,0.255859375,-0.21875,-0.865234375
1087.973826,info,IMU,3372.3171,0.08203125,-1.796875,9.48828125,0.103515625,-0.220703125,0.1640625,0.2490234375,-0.2158203125,-0.86328125
1087.994064,info,IMU,3372.3371,0.19921875,-2.140625,9.98828125,-0.0546875,-0.138671875,0.171875,0.24609375,-0.2177734375,-0.8662109375
1088.014321,info,IMU,3372.3571,0.34765625,-2.10546875,10.125,0.1171875,-0.078125,0.169921875,0.2412109375,-0.216796875,-0.86328125
1088.033889,info,IMU,3372.3771,0.3125,-1.87109375,10.10546875,-0.00390625,-0.056640625,0.1640625,0.240234375,-0.2177734375,-0.8662109375
1088.054131,info,IMU,3372.3971,-0.11328125,-1.58984375,11.30078125,0.1015625,0.0078125,0.16015625,0.236328125,-0.21875,-0.8681640625
1088.074330,info,IMU,3372.4171,0.05078125,-2.0078125,9.19921875,0.02734375,0.01171875,0.15625,0.2392578125,-0.22265625,-0.865234375
1088.093972,info,IMU,3372.4371,0.0625,-1.46484375,9.31640625,0.095703125,0.01171875,0.16015625,0.2392578125,-0.224609375,-0.8662109375
1088.114156,info,IMU,3372.4571,-0.421875,-1.859375,10.13671875,0.01171875,0.09375,0.158203125,0.2373046875,-0.2236328125,-0.865234375
1088.133799,info,IMU,3372.4771,-0.203125,-1.5859375,9.52734375,0.095703125,0.123046875,0.15625,0.2392578125,-0.2265625,-0.865234375
1088.154023,info,IMU,3372.4971,-0.37109375,-1.9375,9.96484375,-0,0.103515625,0.15234375,0.2412109375,-0.228515625,-0.8642578125
1088.174227,info,IMU,3372.5171,-0.27734375,-1.61328125,12.44140625,0.10546875,0.193359375,0.150390625,0.24609375,-0.2314453125,-0.8603515625
1088.193960,info,IMU,3372.5371,0.07421875,-1.171875,11.18359375,-0.0078125,0.189453125,0.150390625,0.25,-0.232421875,-0.86328125
1088.214053,info,IMU,3372.5571,-0.0859375,-1.6796875,11.6015625,0.015625,0.2265625,0.142578125,0.25390625,-0.2353515625,-0.8603515625
1088.234287,info,IMU,3372.5771,0.19140625,-1.8984375,13.48046875,0.076171875,0.357421875,0.146484375,0.2578125,-0.236328125,-0.861328125
1088.254488,info,IMU,3372.5971,0.2890625,-1.671875,9.55859375,-0.001953125,0.318359375,0.15234375,0.26171875,-0.236328125,-0.857421875
1088.274121,info,IMU,3372.6171,-0.23828125,-1.98046875,12.92578125,0.064453125,0.36328125,0.154296875,0.2705078125,-0.23828125,-0.857421875
1088.294370,info,IMU,3372.6371,0.12890625,-1.8671875,10.22265625,-0.091796875,0.3828125,0.158203125,0.2734375,-0.23828125,-0.8564453125
1088.313958,info,IMU,3372.6571,-0.2890625,-1.46484375,11.26953125,0.009765625,0.33203125,0.1640625,0.28125,-0.23828125,-0.8564453125
1088.334167,info,IMU,3372.6771,-0.265625,-1.7109375,11.62109375,-0.09375,0.373046875,0.1640625,0.2880859375,-0.2373046875,-0.8525390625
1088.354841,info,IMU,3372.6971000000003,0.0078125,-1.19921875,10.5,-0.091796875,0.396484375,0.16015625,0.296875,-0.2353515625,-0.853515625
1088.374003,info,IMU,3372.7171000000003,-0.36328125,-2.12890625,11.26171875,-0.095703125,0.34765625,0.169921875,0.3037109375,-0.234375,-0.849609375
1088.394264,info,IMU,3372.7371000000003,-0.80078125,-2.03125,13.265625,-0.064453125,0.388671875,0.171875,0.3095703125,-0.2333984375,-0.849609375
1088.414023,info,IMU,3372.7571000000003,-0.046875,-1.5703125,10.6328125,-0.072265625,0.3984375,0.1796875,0.318359375,-0.232421875,-0.8486328125
1088.434038,info,IMU,3372.7771000000002,-0.296875,-2.078125,11.65625,-0.103515625,0.3046875,0.177734375,0.328125,-0.2314453125,-0.8466796875
1088.455239,info,IMU,3372.7971000000002,-0.03125,-1.640625,14.53515625,-0.091796875,0.44921875,0.189453125,0.3330078125,-0.2294921875,-0.8447265625
1088.474261,info,IMU,3372.8171,-0.00390625,-1.6484375,10.04296875,-0.138671875,0.40625,0.19140625,0.3388671875,-0.23046875,-0.84375
1088.494114,info,IMU,3372.8371,-0.33984375,-1.7265625,14.359375,-0.13671875,0.390625,0.18359375,0.3466796875,-0.2265625,-0.8447265625
1088.514864,info,IMU,3372.8571,-0.43359375,-1.578125,10.33984375,-0.1640625,0.390625,0.19140625,0.3525390625,-0.2236328125,-0.841796875
1088.534198,info,IMU,3372.8771,-0.484375,-1.5,11.24609375,-0.150390625,0.341796875,0.197265625,0.3603515625,-0.22265625,-0.8388671875
1088.555607,info,IMU,3372.8971,-0.6171875,-1.53515625,10.4375,-0.15625,0.314453125,0.201171875,0.3642578125,-0.220703125,-0.837890625
1088.573746,info,IMU,3372.9171,-0.6015625,-1.40625,11.24609375,-0.158203125,0.34765625,0.197265625,0.3720703125,-0.220703125,-0.8388671875
1088.594022,info,IMU,3372.9371,-1.04296875,-2.21875,9.41015625,-0.16015625,0.296875,0.1953125,0.376953125,-0.21875,-0.8359375
1088.614236,info,IMU,3372.9571,-1.08984375,-1.7109375,12.2421875,-0.125,0.271484375,0.189453125,0.380859375,-0.216796875,-0.8359375
1088.633793,info,IMU,3372.9771,-0.8671875,-1.78515625,9.55078125,-0.125,0.2890625,0.193359375,0.3857421875,-0.21484375,-0.833984375
1088.656093,info,IMU,3372.9971,-1.05859375,-1.9296875,10.78515625,-0.06640625,0.232421875,0.1875,0.3896484375,-0.2138671875,-0.833984375
1088.674285,info,IMU,3373.0171,-0.80078125,-1.234375,8.88671875,-0.064453125,0.232421875,0.18359375,0.39453125,-0.2138671875,-0.830078125
1088.693867,info,IMU,3373.0371,-1.05078125,-1.25390625,9.4375,-0.10546875,0.212890625,0.1796875,0.3974609375,-0.2109375,-0.8291015625
1088.714078,info,IMU,3373.0571,-1.1015625,-1.65234375,9.37109375,-0.111328125,0.173828125,0.169921875,0.4033203125,-0.208984375,-0.830078125
1088.734327,info,IMU,3373.0771,-1.0625,-1.50390625,9.671875,-0.095703125,0.197265625,0.16796875,0.4052734375,-0.2080078125,-0.828125
1088.756970,info,IMU,3373.0971,-0.6171875,-1.80859375,8.6796875,-0.029296875,0.158203125,0.169921875,0.41015625,-0.208984375,-0.826171875
1088.774147,info,IMU,3373.1171,-0.94140625,-1.515625,7.81640625,-0.05078125,0.103515625,0.162109375,0.412109375,-0.2099609375,-0.8271484375
1088.793962,info,IMU,3373.1371,-1.69140625,-1.99609375,8.7890625,-0.05859375,0.130859375,0.166015625,0.412109375,-0.2109375,-0.8271484375
1088.813990,info,IMU,3373.1571,-1.34375,-1.9296875,9.44140625,0.05078125,0.046875,0.15234375,0.4140625,-0.2099609375,-0.826171875
1088.834234,info,IMU,3373.1771,-1.55078125,-1.28515625,8.609375,-0.03125,0.0078125,0.158203125,0.41796875,-0.2099609375,-0.8251953125
1088.856801,info,IMU,3373.1971000000003,-1.49609375,-1.37109375,7.5625,0.0078125,-0.029296875,0.15234375,0.4140625,-0.212890625,-0.82421875
1088.874013,info,IMU,3373.2171000000003,-1.12890625,-1.890625,8.6875,0.005859375,-0.07421875,0.1484375,0.412109375,-0.2109375,-0.82421875
1088.894271,info,IMU,3373.2371000000003,-0.77734375,-1.6328125,7.53515625,-0.0078125,-0.044921875,0.146484375,0.4130859375,-0.2158203125,-0.826171875
1088.913855,info,IMU,3373.2571000000003,-0.67578125,-1.6640625,7.67578125,0.0078125,-0.029296875,0.1484375,0.41015625,-0.216796875,-0.82421875
1088.934090,info,IMU,3373.2771000000002,-1.24609375,-1.81640625,9.01171875,0.02734375,-0.09375,0.138671875,0.4052734375,-0.216796875,-0.8251953125
1088.957205,info,IMU,3373.2971000000002,-1.328125,-1.671875,7.80859375,-0.037109375,-0.107421875,0.14453125,0.4052734375,-0.2177734375,-0.8271484375
1088.973908,info,IMU,3373.3171,-1.16015625,-1.71875,7.984375,0.0625,-0.244140625,0.140625,0.4033203125,-0.21875,-0.830078125
1088.994233,info,IMU,3373.3371,-1.2734375,-1.7578125,8.375,-0.0234375,-0.2265625,0.138671875,0.396484375,-0.22265625,-0.8271484375
1089.013729,info,IMU,3373.3571,-0.97265625,-1.48046875,7.6640625,0.0234375,-0.173828125,0.142578125,0.392578125,-0.2216796875,-0.8310546875
1089.034073,info,IMU,3373.3771,-0.96875,-1.6484375,6.27734375,0.044921875,-0.306640625,0.138671875,0.3916015625,-0.2236328125,-0.83203125
1089.057767,info,IMU,3373.3971,-1.328125,-1.4609375,9.75,0.037109375,-0.28515625,0.1328125,0.3798828125,-0.2255859375,-0.833984375
1089.073792,info,IMU,3373.4171,-0.6640625,-1.734375,6.9140625,0.029296875,-0.232421875,0.130859375,0.376953125,-0.2275390625,-0.8369140625
1089.094013,info,IMU,3373.4371,-0.515625,-1.609375,9.13671875,0.0703125,-0.294921875,0.119140625,0.365234375,-0.2275390625,-0.8369140625
1089.114708,info,IMU,3373.4571,-0.421875,-1.109375,9.453125,0.052734375,-0.244140625,0.119140625,0.365234375,-0.2314453125,-0.83984375
1089.133843,info,IMU,3373.4771,-1.015625,-1.30859375,7.3125,0.091796875,-0.3125,0.111328125,0.357421875,-0.232421875,-0.837890625
1089.158126,info,IMU,3373.4971,-1.5078125,-1.34375,7.08984375,0.099609375,-0.330078125,0.095703125,0.3505859375,-0.236328125,-0.8369140625
1089.174281,info,IMU,3373.5171,-1.03515625,-1.5078125,7.95703125,0.009765625,-0.314453125,0.09765625,0.34375,-0.234375,-0.841796875
1089.193924,info,IMU,3373.5371,-0.3046875,-1.5390625,7.80859375,0.1484375,-0.30078125,0.09765625,0.337890625,-0.240234375,-0.8427734375
1089.214119,info,IMU,3373.5571,-0.1875,-1.3984375,7.4296875,0.09765625,-0.267578125,0.095703125,0.33203125,-0.2431640625,-0.845703125
1089.233725,info,IMU,3373.5771,-0.5859375,-1.484375,7.6640625,0.12109375,-0.193359375,0.087890625,0.328125,-0.2451171875,-0.841796875
1089.253969,info,IMU,3373.5971,-1.21875,-1.85546875,9.04296875,0.16796875,-0.26953125,0.072265625,0.322265625,-0.2451171875,-0.841796875
1089.274190,info,IMU,3373.6171,-1.546875,-1.40625,7.48046875,0.16015625,-0.345703125,0.0625,0.31640625,-0.25,-0.845703125
1089.293778,info,IMU,3373.6371,-1.04296875,-0.94140625,8.3984375,0.14453125,-0.326171875,0.0625,0.30859375,-0.2529296875,-0.8447265625
1089.314038,info,IMU,3373.6571,-0.3203125,-1.29296875,9.08203125,0.109375,-0.333984375,0.06640625,0.306640625,-0.2568359375,-0.845703125
1089.334247,info,IMU,3373.6771,0.53125,-1.23046875,9.19921875,0.052734375,-0.1953125,0.072265625,0.2978515625,-0.259765625,-0.845703125
1089.353839,info,IMU,3373.6971000000003,0.5078125,-1.72265625,8.7421875,0.119140625,-0.208984375,0.068359375,0.291015625,-0.2626953125,-0.84375
1089.374212,info,IMU,3373.7171000000003,-0.53515625,-1.8515625,13.3984375,0.126953125,-0.19140625,0.05859375,0.287109375,-0.2646484375,-0.8466796875
1089.394963,info,IMU,3373.7371000000003,-1.0859375,-1.78125,7.2890625,0.072265625,-0.208984375,0.05859375,0.2802734375,-0.263671875,-0.849609375
1089.413899,info,IMU,3373.7571000000003,-1.23046875,-1.328125,10.34765625,0.078125,-0.361328125,0.05859375,0.2734375,-0.2666015625,-0.8486328125
1089.434122,info,IMU,3373.7771000000002,-0.125,-1.2578125,9.57421875,-0.033203125,-0.263671875,0.0703125,0.271484375,-0.267578125,-0.8486328125
1089.453712,info,IMU,3373.7971000000002,0.21484375,-1.19921875,9.546875,-0.029296875,-0.26953125,0.078125,0.2666015625,-0.2685546875,-0.8525390625
1089.473962,info,IMU,3373.8171,-0.26953125,-2.12109375,10.9765625,0.005859375,-0.22265625,0.076171875,0.2607421875,-0.2666015625,-0.8525390625
1089.494180,info,IMU,3373.8371,-0.14453125,-1.9453125,11.83203125,-0.060546875,-0.173828125,0.087890625,0.25390625,-0.265625,-0.8525390625
1089.516807,info,IMU,3373.8571,-0.19921875,-1.88671875,10.10546875,-0.06640625,-0.255859375,0.08984375,0.25,-0.267578125,-0.8525390625
1089.533999,info,IMU,3373.8771,-0.015625,-1.69140625,12.24609375,-0.068359375,-0.259765625,0.095703125,0.2451171875,-0.2626953125,-0.8544921875
1089.554235,info,IMU,3373.8971,0.20703125,-1.67578125,11.36328125,-0.099609375,-0.19140625,0.10546875,0.240234375,-0.2626953125,-0.8564453125
1089.573830,info,IMU,3373.9171,0.19140625,-1.29296875,10.41796875,-0.095703125,-0.173828125,0.107421875,0.2373046875,-0.26171875,-0.85546875
1089.594114,info,IMU,3373.9371,-0,-1.203125,14.1796875,-0.123046875,-0.09375,0.095703125,0.234375,-0.26171875,-0.857421875
1089.614279,info,IMU,3373.9571,-0.1875,-1.45703125,10.01171875,-0.20703125,-0.08984375,0.1015625,0.228515625,-0.259765625,-0.859375
1089.633867,info,IMU,3373.9771,-0.453125,-1.87109375,12.82421875,-0.125,-0.109375,0.107421875,0.2255859375,-0.2548828125,-0.859375
1089.654127,info,IMU,3373.9971,-0.58984375,-1.60546875,10.35546875,-0.201171875,-0.08984375,0.11328125,0.2216796875,-0.2509765625,-0.857421875
1089.673722,info,IMU,3374.0171,-0.5,-0.875,11.41015625,-0.11328125,-0.080078125,0.103515625,0.220703125,-0.25,-0.8623046875
1089.693960,info,IMU,3374.0371,-0.3828125,-1.46875,8.56640625,-0.224609375,-0.087890625,0.10546875,0.21875,-0.244140625,-0.8603515625
1089.714764,info,IMU,3374.0571,-0.3046875,-1.6015625,12.29296875,-0.119140625,-0.068359375,0.1015625,0.2158203125,-0.2431640625,-0.8623046875
1089.733897,info,IMU,3374.0771,-0.29296875,-1.57421875,8.75,-0.173828125,-0.0390625,0.103515625,0.216796875,-0.23828125,-0.8642578125
1089.753996,info,IMU,3374.0971,-0.328125,-1.72265625,11.03125,-0.140625,-0.029296875,0.091796875,0.216796875,-0.236328125,-0.8671875
1089.774227,info,IMU,3374.1171,-0.40625,-1.7265625,10.88671875,-0.134765625,0.041015625,0.08984375,0.216796875,-0.2353515625,-0.8642578125
1089.793833,info,IMU,3374.1371,-0.234375,-1.25390625,9.98046875,-0.107421875,-0.029296875,0.09375,0.21484375,-0.232421875,-0.865234375
1089.814048,info,IMU,3374.1571,-0.48046875,-1.18359375,11.15625,-0.12890625,0.01171875,0.091796875,0.2138671875,-0.2294921875,-0.8671875
1089.834272,info,IMU,3374.1771,-0.43359375,-1.33984375,8.609375,-0.072265625,0.017578125,0.080078125,0.2158203125,-0.2294921875,-0.869140625
1089.853859,info,IMU,3374.1971000000003,-0.66015625,-1.859375,8.22265625,-0.126953125,-0.025390625,0.080078125,0.2138671875,-0.2275390625,-0.869140625
1089.874098,info,IMU,3374.2171000000003,-0.16796875,-1.78125,9.4765625,-0.10546875,0.029296875,0.08203125,0.2138671875,-0.224609375,-0.869140625
1089.894158,info,IMU,3374.2371000000003,-0.11328125,-1.3984375,9.39453125,-0.09375,0.05078125,0.087890625,0.2177734375,-0.220703125,-0.87109375
1089.913958,info,IMU,3374.2571000000003,-0.828125,-1.84765625,8.11328125,-0.060546875,-0.0390625,0.083984375,0.212890625,-0.220703125,-0.87109375
1089.934165,info,IMU,3374.2771000000002,-1.00390625,-1.5234375,9.875,-0.03515625,0.00390625,0.078125,0.2099609375,-0.2197265625,-0.869140625
1089.953795,info,IMU,3374.2971000000002,-0.609375,-1.765625,6.3125,-0.009765625,-0.048828125,0.08203125,0.212890625,-0.21875,-0.87109375
1089.974177,info,IMU,3374.3171,-0.3984375,-1.640625,9.09375,-0.00390625,-0.109375,0.080078125,0.212890625,-0.220703125,-0.8681640625
1089.994206,info,IMU,3374.3371,-0.0625,-1.87890625,7.8046875,0.00390625,-0.00390625,0.083984375,0.2099609375,-0.2197265625,-0.8701171875
1090.014088,info,IMU,3374.3571,0.31640625,-1.4375,9.32421875,0.05859375,-0.009765625,0.0859375,0.208984375,-0.2216796875,-0.869140625
1090.034045,info,IMU,3374.3771,0.03515625,-1.4140625,9.1796875,0.037109375,-0.00390625,0.08984375,0.2099609375,-0.220703125,-0.869140625
1090.054253,info,IMU,3374.3971,-1.0234375,-1.76171875,6.97265625,0.083984375,-0.060546875,0.0859375,0.203125,-0.2236328125,-0.8701171875
1090.073867,info,IMU,3374.4171,-0.91015625,-1.7578125,7.3984375,0.083984375,-0.0625,0.0859375,0.2041015625,-0.2255859375,-0.869140625
1090.094144,info,IMU,3374.4371,-0.58984375,-1.625,6.44140625,0.08203125,-0.12109375,0.08984375,0.2021484375,-0.2265625,-0.8662109375
1090.114313,info,IMU,3374.4571,-0.0859375,-1.36328125,7.54296875,0.099609375,-0.09375,0.099609375,0.2001953125,-0.2265625,-0.8671875
1090.133935,info,IMU,3374.4771,-0.46875,-1.95703125,5.65234375,0.119140625,-0.0859375,0.09375,0.197265625,-0.232421875,-0.869140625
1090.154164,info,IMU,3374.4971,-1.0234375,-1.78515625,7.421875,0.13671875,-0.0625,0.095703125,0.197265625,-0.232421875,-0.8681640625
1090.173741,info,IMU,3374.5171,-0.51171875,-1.63671875,6.609375,0.16796875,-0.10546875,0.08984375,0.1943359375,-0.2392578125,-0.8671875
1090.193967,info,IMU,3374.5371,-0.45703125,-1.6015625,7.65234375,0.17578125,-0.150390625,0.09375,0.19140625,-0.2421875,-0.8671875
1090.214223,info,IMU,3374.5571,-0.34765625,-1.796875,5.80078125,0.21875,-0.08203125,0.103515625,0.1884765625,-0.24609375,-0.8701171875
1090.233809,info,IMU,3374.5771,-0.2265625,-1.47265625,7.26171875,0.2109375,-0.09765625,0.103515625,0.185546875,-0.2490234375,-0.865234375
1090.256214,info,IMU,3374.5971,-0.41015625,-1.66796875,6.7578125,0.22265625,-0.1171875,0.103515625,0.1845703125,-0.251953125,-0.86328125
1090.274250,info,IMU,3374.6171,-0.54296875,-1.46484375,7.27734375,0.1953125,-0.150390625,0.1015625,0.1787109375,-0.2587890625,-0.865234375
1090.294203,info,IMU,3374.6371,-0.109375,-1.60546875,7.67578125,0.220703125,-0.078125,0.1015625,0.1767578125,-0.265625,-0.8642578125
1090.314089,info,IMU,3374.6571,0.1484375,-1.3828125,5.23828125,0.1875,-0.130859375,0.103515625,0.1767578125,-0.2685546875,-0.86328125
1090.334303,info,IMU,3374.6771,-0.625,-1.5390625,9.73828125,0.232421875,-0.099609375,0.1015625,0.171875,-0.271484375,-0.8603515625
1090.353941,info,IMU,3374.6971000000003,-0.62109375,-1.5625,8.078125,0.21875,-0.095703125,0.09375,0.171875,-0.279296875,-0.861328125
1090.374160,info,IMU,3374.7171000000003,-0.5546875,-1.26171875,8.76171875,0.228515625,-0.11328125,0.09765625,0.1669921875,-0.283203125,-0.8603515625
1090.393736,info,IMU,3374.7371000000003,-0.3828125,-1.55078125,7.65234375,0.18359375,-0.115234375,0.099609375,0.1669921875,-0.287109375,-0.859375
1090.413975,info,IMU,3374.7571000000003,-0.21875,-1.13671875,11.03125,0.208984375,-0.12890625,0.095703125,0.162109375,-0.2919921875,-0.857421875
1090.434352,info,IMU,3374.7771000000002,-0.01171875,-1.15234375,8.85546875,0.12109375,-0.05078125,0.091796875,0.16015625,-0.2939453125,-0.857421875
1090.453793,info,IMU,3374.7971000000002,-0.4921875,-1.3984375,8.640625,0.166015625,-0.060546875,0.083984375,0.1591796875,-0.298828125,-0.8544921875
1090.474030,info,IMU,3374.8171,-0.72265625,-1.578125,11.83203125,0.140625,-0.017578125,0.087890625,0.15625,-0.2998046875,-0.853515625
1090.494245,info,IMU,3374.8371,-0.41015625,-1.54296875,7.86328125,0.095703125,-0.048828125,0.095703125,0.154296875,-0.3037109375,-0.8515625
1090.513847,info,IMU,3374.8571,-0.765625,-0.9296875,10.33984375,0.130859375,-0.11328125,0.09375,0.1484375,-0.306640625,-0.8544921875
1090.534094,info,IMU,3374.8771,-0.46875,-1.578125,8.20703125,0.044921875,-0.080078125,0.08984375,0.150390625,-0.3095703125,-0.85546875
1090.554352,info,IMU,3374.8971,-0.60546875,-1.03125,11.32421875,0.033203125,-0.09765625,0.083984375,0.1474609375,-0.3095703125,-0.8525390625
1090.573924,info,IMU,3374.9171,-0.76953125,-1.96484375,9.5234375,0.021484375,-0.052734375,0.083984375,0.14453125,-0.3095703125,-0.8544921875
1090.599159,info,IMU,3374.9371,-0.2265625,-1.3515625,12.18359375,0.0625,-0.056640625,0.08984375,0.14453125,-0.310546875,-0.853515625
1090.614397,info,IMU,3374.9571,0.1484375,-1.4609375,11.01953125,-0.02734375,-0.0390625,0.091796875,0.142578125,-0.3095703125,-0.853515625
1090.633964,info,IMU,3374.9771,0.35546875,-1.55859375,13.54296875,0.015625,0.005859375,0.09375,0.1396484375,-0.310546875,-0.8544921875
1090.654206,info,IMU,3374.9971,0.1953125,-1.43359375,10.7265625,-0.015625,-0.056640625,0.091796875,0.1416015625,-0.3115234375,-0.8525390625
1090.673786,info,IMU,3375.0171,-0.52734375,-1.234375,13.92578125,-0.05078125,0.0390625,0.09375,0.140625,-0.3095703125,-0.8544921875
1090.694023,info,IMU,3375.0371,-0.49609375,-1.73046875,10.97265625,-0.0703125,0.00390625,0.09375,0.1357421875,-0.3076171875,-0.8544921875
1090.714247,info,IMU,3375.0571,-0.21875,-0.9765625,12.1171875,-0.095703125,0.021484375,0.09375,0.1376953125,-0.306640625,-0.853515625
1090.733856,info,IMU,3375.0771,-0.1328125,-0.95703125,12.12890625,-0.158203125,0.1328125,0.107421875,0.1396484375,-0.3056640625,-0.85546875
1090.754182,info,IMU,3375.0971,-0.49609375,-1.4765625,14.05078125,-0.125,0.103515625,0.099609375,0.140625,-0.302734375,-0.8544921875
1090.774288,info,IMU,3375.1171,-1.12890625,-1.18359375,12.1484375,-0.150390625,0.142578125,0.08984375,0.142578125,-0.302734375,-0.85546875
1090.793937,info,IMU,3375.1371,-1.16015625,-1.37890625,10.96484375,-0.060546875,0.0546875,0.080078125,0.1435546875,-0.298828125,-0.85546875
1090.814120,info,IMU,3375.1571,-0.83984375,-1.60546875,13.8515625,-0.1875,0.12890625,0.087890625,0.146484375,-0.294921875,-0.857421875
1090.833729,info,IMU,3375.1771,-0.05859375,-1.5078125,10.69140625,-0.078125,0.13671875,0.087890625,0.1455078125,-0.291015625,-0.85546875
1090.853959,info,IMU,3375.1971000000003,-0.0546875,-0.796875,12.91015625,-0.111328125,0.1171875,0.087890625,0.1513671875,-0.29296875,-0.857421875
1090.874184,info,IMU,3375.2171000000003,-0.1796875,-1.43359375,12.89453125,-0.15625,0.23046875,0.080078125,0.1513671875,-0.287109375,-0.859375
1090.893939,info,IMU,3375.2371000000003,-0.31640625,-1.16796875,10.98046875,-0.162109375,0.12890625,0.068359375,0.1533203125,-0.2841796875,-0.859375
1090.914723,info,IMU,3375.2571000000003,-0.96875,-1.4765625,14.1171875,-0.162109375,0.12109375,0.078125,0.1572265625,-0.2822265625,-0.861328125
1090.934470,info,IMU,3375.2771000000002,-0.5859375,-1.75390625,11.40234375,-0.20703125,0.09765625,0.0859375,0.16015625,-0.27734375,-0.8623046875
1090.953846,info,IMU,3375.2971000000002,0.37109375,-1.3515625,12.58203125,-0.197265625,0.1640625,0.091796875,0.1611328125,-0.27734375,-0.861328125
1090.974052,info,IMU,3375.3171,0.6015625,-1.9921875,12.6015625,-0.1875,0.169921875,0.099609375,0.1650390625,-0.2705078125,-0.86328125
1090.994323,info,IMU,3375.3371,0.08203125,-1.3203125,13.125,-0.20703125,0.203125,0.099609375,0.1650390625,-0.2685546875,-0.8623046875
1091.013913,info,IMU,3375.3571,-0.1875,-1.87890625,12.33203125,-0.140625,0.177734375,0.095703125,0.1708984375,-0.267578125,-0.86328125
1091.034614,info,IMU,3375.3771,-0.0078125,-1.9765625,13.1015625,-0.20703125,0.125,0.1015625,0.1728515625,-0.2626953125,-0.865234375
1091.053707,info,IMU,3375.3971,-0.02734375,-1.84765625,12.59375,-0.154296875,0.212890625,0.111328125,0.1748046875,-0.259765625,-0.8623046875
1091.073950,info,IMU,3375.4171,0.140625,-1.59765625,11.39453125,-0.150390625,0.197265625,0.123046875,0.1826171875,-0.255859375,-0.86328125
1091.094191,info,IMU,3375.4371,0.1484375,-1.59765625,13.99609375,-0.134765625,0.25390625,0.126953125,0.185546875,-0.251953125,-0.8642578125
1091.113824,info,IMU,3375.4571,0.04296875,-1.54296875,9.62890625,-0.19140625,0.27734375,0.123046875,0.1904296875,-0.2490234375,-0.86328125
1091.133988,info,IMU,3375.4771,0.08203125,-1.07421875,13.2421875,-0.111328125,0.25390625,0.12109375,0.19140625,-0.24609375,-0.865234375
1091.154217,info,IMU,3375.4971,-0.14453125,-1.87109375,10.765625,-0.236328125,0.27734375,0.12890625,0.2001953125,-0.2421875,-0.86328125
1091.173824,info,IMU,3375.5171,-0.41796875,-1.69140625,11.07421875,-0.126953125,0.2421875,0.13671875,0.2021484375,-0.2392578125,-0.8662109375
1091.194086,info,IMU,3375.5371,-0.28125,-1.84375,12.18359375,-0.095703125,0.244140625,0.14453125,0.2080078125,-0.23828125,-0.865234375
1091.214283,info,IMU,3375.5571,0.0390625,-1.62109375,10.74609375,-0.140625,0.24609375,0.1484375,0.2158203125,-0.236328125,-0.8642578125
1091.236761,info,IMU,3375.5771,0.4765625,-1.74609375,11.77734375,-0.08984375,0.306640625,0.14453125,0.22265625,-0.234375,-0.86328125
1091.254168,info,IMU,3375.5971,0.40234375,-1.8984375,11.234375,-0.109375,0.349609375,0.14453125,0.2197265625,-0.23046875,-0.86328125
1091.273828,info,IMU,3375.6171,-0.47265625,-1.7265625,11.37890625,-0.033203125,0.3046875,0.14453125,0.228515625,-0.23046875,-0.8681640625
1091.294471,info,IMU,3375.6371,-0.1796875,-1.515625,10.828125,-0.080078125,0.375,0.14453125,0.236328125,-0.2314453125,-0.861328125
1091.314180,info,IMU,3375.6571,-0.40234375,-1.28125,9.6953125,-0.0546875,0.330078125,0.158203125,0.2431640625,-0.2275390625,-0.8623046875
1091.333785,info,IMU,3375.6771,-0.1640625,-1.5,10.09375,-0.0625,0.337890625,0.150390625,0.2470703125,-0.2275390625,-0.8623046875
1091.354394,info,IMU,3375.6971000000003,-0.42578125,-1.1328125,8.5390625,-0.044921875,0.333984375,0.150390625,0.25390625,-0.2314453125,-0.861328125
1091.374200,info,IMU,3375.7171000000003,-0.5,-2.01171875,10.203125,0.001953125,0.310546875,0.14453125,0.259765625,-0.228515625,-0.859375
1091.393801,info,IMU,3375.7371000000003,-0.578125,-1.4296875,8.2890625,-0.037109375,0.34375,0.150390625,0.2666015625,-0.228515625,-0.8583984375
1091.414045,info,IMU,3375.7571000000003,-0.73046875,-1.8125,8.3515625,0.052734375,0.294921875,0.150390625,0.2744140625,-0.2275390625,-0.8564453125
1091.434274,info,IMU,3375.7771000000002,-0.1875,-1.95703125,10.52734375,-0.001953125,0.337890625,0.15625,0.2802734375,-0.228515625,-0.857421875
1091.453882,info,IMU,3375.7971000000002,-0.3359375,-1.41796875,8.34375,0.068359375,0.337890625,0.158203125,0.28515625,-0.232421875,-0.857421875
1091.474084,info,IMU,3375.8171,-0.70703125,-1.40234375,8.1328125,0.044921875,0.234375,0.142578125,0.2919921875,-0.232421875,-0.8525390625
1091.493919,info,IMU,3375.8371,-0.375,-1.4765625,8.875,0.064453125,0.283203125,0.142578125,0.2958984375,-0.2333984375,-0.8515625
1091.513946,info,IMU,3375.8571,-0.78515625,-1.38671875,7,0.0625,0.236328125,0.146484375,0.302734375,-0.236328125,-0.8505859375
1091.534184,info,IMU,3375.8771,-0.98828125,-1.87890625,9.4140625,0.109375,0.25390625,0.1484375,0.3046875,-0.2373046875,-0.849609375
1091.553783,info,IMU,3375.8971,-0.96875,-1.43359375,7.03515625,0.06640625,0.1953125,0.140625,0.306640625,-0.2431640625,-0.8486328125
1091.573974,info,IMU,3375.9171,-0.81640625,-1.19140625,8.34375,0.083984375,0.15625,0.138671875,0.310546875,-0.2431640625,-0.8486328125
1091.594235,info,IMU,3375.9371,-0.953125,-1.98046875,7.9375,0.060546875,0.18359375,0.14453125,0.3125,-0.2451171875,-0.845703125
1091.617986,info,IMU,3375.9571,-0.9921875,-1.46875,8.578125,0.125,0.1171875,0.14453125,0.3173828125,-0.24609375,-0.845703125
1091.634045,info,IMU,3375.9771,-1.109375,-0.94140625,6.49609375,0.099609375,0.091796875,0.12890625,0.3203125,-0.2509765625,-0.8447265625
1091.654256,info,IMU,3375.9971,-1.5078125,-1.56640625,8.9140625,0.072265625,0.056640625,0.126953125,0.3212890625,-0.2548828125,-0.84375
1091.673886,info,IMU,3376.0171,-1.05859375,-1.75390625,7.55078125,0.099609375,0.0625,0.125,0.3232421875,-0.25390625,-0.8427734375
1091.694127,info,IMU,3376.0371,-1.37890625,-1.0625,8.109375,0.064453125,0.0234375,0.12109375,0.3251953125,-0.2548828125,-0.841796875
1091.713685,info,IMU,3376.0571,-1.68359375,-1.3046875,9.25,0.11328125,0.015625,0.115234375,0.3232421875,-0.2607421875,-0.841796875
1091.733970,info,IMU,3376.0771,-1.13671875,-0.91015625,7.625,0.0390625,-0.017578125,0.107421875,0.3173828125,-0.259765625,-0.8408203125
1091.754178,info,IMU,3376.0971,-0.7890625,-1.03125,8.203125,0.068359375,-0.08984375,0.099609375,0.3193359375,-0.2626953125,-0.83984375
1091.773744,info,IMU,3376.1171,-1.0078125,-1.8046875,8.5859375,0.029296875,-0.083984375,0.09765625,0.3173828125,-0.263671875,-0.83984375
1091.793978,info,IMU,3376.1371,-1.04296875,-1.07421875,7.95703125,0.048828125,-0.123046875,0.091796875,0.3125,-0.2666015625,-0.8408203125
1091.814687,info,IMU,3376.1571,-1.4921875,-1.234375,9.78125,0.00390625,-0.1171875,0.09375,0.3154296875,-0.2646484375,-0.8408203125
1091.833794,info,IMU,3376.1771,-1.65234375,-1.390625,9.515625,0.087890625,-0.177734375,0.08203125,0.30859375,-0.2685546875,-0.841796875
1091.854022,info,IMU,3376.1971000000003,-1.08203125,-0.65234375,9.48828125,-0.025390625,-0.21875,0.068359375,0.306640625,-0.2705078125,-0.8447265625
1091.874228,info,IMU,3376.2171000000003,-0.953125,-1.58984375,8.98828125,-0.048828125,-0.18359375,0.068359375,0.3017578125,-0.2685546875,-0.841796875
1091.893882,info,IMU,3376.2371000000003,-0.578125,-1.43359375,10.91015625,0.0078125,-0.240234375,0.060546875,0.296875,-0.267578125,-0.8447265625
1091.914077,info,IMU,3376.2571000000003,-0.57421875,-1.125,9.15234375,-0.103515625,-0.169921875,0.06640625,0.2939453125,-0.2666015625,-0.84375
1091.933754,info,IMU,3376.2771000000002,-0.703125,-1.7734375,9.61328125,0.017578125,-0.23828125,0.06640625,0.2880859375,-0.267578125,-0.845703125
1091.953963,info,IMU,3376.2971000000002,-0.984375,-0.89453125,9.36328125,-0.091796875,-0.259765625,0.060546875,0.28125,-0.267578125,-0.84765625
1091.974140,info,IMU,3376.3171,-1.1328125,-1.2421875,9.07421875,-0.072265625,-0.251953125,0.05078125,0.2763671875,-0.265625,-0.849609375
1091.993735,info,IMU,3376.3371,-0.71875,-1.92578125,8.57421875,-0.068359375,-0.28515625,0.044921875,0.2724609375,-0.2607421875,-0.8505859375
1092.013994,info,IMU,3376.3571,-0.53515625,-1.20703125,10.171875,-0.0234375,-0.2890625,0.048828125,0.2626953125,-0.263671875,-0.849609375
1092.036719,info,IMU,3376.3771,-0.734375,-1.6015625,8.36328125,-0.083984375,-0.275390625,0.05859375,0.259765625,-0.2646484375,-0.853515625
1092.053788,info,IMU,3376.3971,-0.609375,-1.58984375,10.38671875,-0.048828125,-0.3203125,0.041015625,0.2509765625,-0.2626953125,-0.8544921875
1092.074015,info,IMU,3376.4171,-0.26171875,-1.40625,10.85546875,-0.0703125,-0.197265625,0.044921875,0.2470703125,-0.26171875,-0.8564453125
1092.094224,info,IMU,3376.4371,-0.1015625,-1.29296875,9.20703125,-0.0078125,-0.2578125,0.0390625,0.2412109375,-0.259765625,-0.8564453125
1092.114686,info,IMU,3376.4571,-0.54296875,-1.03515625,10.83203125,-0.041015625,-0.263671875,0.029296875,0.23828125,-0.2587890625,-0.857421875
1092.134111,info,IMU,3376.4771,-0.6875,-1.46484375,10.41015625,-0.07421875,-0.220703125,0.03515625,0.234375,-0.255859375,-0.8564453125
1092.153709,info,IMU,3376.4971,-0.70703125,-1.60546875,9.0859375,-0.033203125,-0.271484375,0.037109375,0.2275390625,-0.255859375,-0.8583984375
1092.173912,info,IMU,3376.5171,-0.3984375,-1.0078125,9.48828125,-0.09765625,-0.25390625,0.041015625,0.22265625,-0.2548828125,-0.857421875
1092.194138,info,IMU,3376.5371,-0.36328125,-1.13671875,9.87890625,-0.009765625,-0.232421875,0.04296875,0.216796875,-0.25390625,-0.859375
1092.216662,info,IMU,3376.5571,-0.5703125,-1.66796875,8.9296875,-0.119140625,-0.275390625,0.04296875,0.2109375,-0.251953125,-0.8623046875
1092.233971,info,IMU,3376.5771,-0.4609375,-1.37890625,9.234375,-0.025390625,-0.287109375,0.03515625,0.2060546875,-0.2529296875,-0.8642578125
1092.254286,info,IMU,3376.5971,-0.0234375,-1.859375,10.5625,-0.044921875,-0.244140625,0.046875,0.2021484375,-0.25390625,-0.8642578125
1092.273831,info,IMU,3376.6171,-0.21875,-1.81640625,9.59375,-0.013671875,-0.220703125,0.05078125,0.1953125,-0.2509765625,-0.8642578125
1092.294091,info,IMU,3376.6371,-0.078125,-1.3203125,10.0703125,-0.037109375,-0.177734375,0.052734375,0.189453125,-0.2509765625,-0.86328125
1092.314232,info,IMU,3376.6571,-0.0234375,-1.25,9.109375,0.013671875,-0.189453125,0.056640625,0.1845703125,-0.2509765625,-0.865234375
1092.333865,info,IMU,3376.6771,-0.15625,-1.60546875,10.51171875,-0.052734375,-0.189453125,0.0625,0.1806640625,-0.25,-0.8681640625
1092.354051,info,IMU,3376.6971000000003,-0.265625,-1.35546875,8.10546875,-0.029296875,-0.18359375,0.056640625,0.1767578125,-0.2490234375,-0.8662109375
1092.373671,info,IMU,3376.7171000000003,-0.1875,-1.609375,9.6875,-0.00390625,-0.189453125,0.05859375,0.1708984375,-0.2509765625,-0.8681640625
1092.394005,info,IMU,3376.7371000000003,-0.2421875,-2.01953125,8.74609375,-0.060546875,-0.185546875,0.072265625,0.1669921875,-0.251953125,-0.8671875
1092.414185,info,IMU,3376.7571000000003,-0.39453125,-1.51171875,10.53125,-0.017578125,-0.16015625,0.08203125,0.1650390625,-0.2490234375,-0.869140625
1092.433765,info,IMU,3376.7771000000002,0.234375,-1.26953125,9.1640625,-0.021484375,-0.18359375,0.080078125,0.1591796875,-0.2490234375,-0.8681640625
1092.454393,info,IMU,3376.7971000000002,0.13671875,-1.2265625,11.1640625,-0.05859375,-0.12890625,0.07421875,0.1591796875,-0.2490234375,-0.8681640625
1092.474185,info,IMU,3376.8171,-0.12890625,-1.6640625,9.87109375,-0.05859375,-0.048828125,0.076171875,0.1552734375,-0.2451171875,-0.8681640625
1092.493789,info,IMU,3376.8371,-0.1875,-1.4921875,11.4296875,0.048828125,-0.091796875,0.076171875,0.154296875,-0.24609375,-0.8681640625
1092.514015,info,IMU,3376.8571,-0.21875,-1.46875,10.859375,-0.056640625,-0.0390625,0.091796875,0.15234375,-0.2470703125,-0.869140625
1092.534258,info,IMU,3376.8771,0.1953125,-1.546875,9.1640625,-0.021484375,-0.05859375,0.09375,0.150390625,-0.244140625,-0.87109375
1092.554695,info,IMU,3376.8971,-0.125,-1.609375,11.15234375,-0.04296875,-0.078125,0.09765625,0.150390625,-0.24609375,-0.869140625
1092.574053,info,IMU,3376.9171,-0.20703125,-1.234375,8.1953125,-0.0625,-0.052734375,0.087890625,0.1474609375,-0.2451171875,-0.8681640625
1092.593735,info,IMU,3376.9371,-0.68359375,-1.36328125,10.22265625,-0.01171875,-0.00390625,0.0859375,0.14453125,-0.244140625,-0.869140625
1092.613917,info,IMU,3376.9571,-0.484375,-1.8359375,8.765625,-0.076171875,-0.0546875,0.091796875,0.1455078125,-0.244140625,-0.8681640625
1092.634159,info,IMU,3376.9771,-0.546875,-1.61328125,10.55859375,-0.0625,-0.0546875,0.107421875,0.1435546875,-0.244140625,-0.869140625
1092.655064,info,IMU,3376.9971,-0.10546875,-1.765625,10.890625,-0.041015625,-0.009765625,0.107421875,0.1416015625,-0.2412109375,-0.8701171875
1092.673948,info,IMU,3377.0171,0.2421875,-1.54296875,10.0703125,-0.046875,-0.044921875,0.107421875,0.142578125,-0.23828125,-0.87109375
1092.694174,info,IMU,3377.0371,0.09375,-1.58203125,10.90625,-0.041015625,0.00390625,0.09765625,0.1416015625,-0.240234375,-0.87109375
1092.713800,info,IMU,3377.0571,-0.11328125,-1.3046875,10.21875,-0.0625,0.041015625,0.10546875,0.1416015625,-0.2392578125,-0.8720703125
1092.734002,info,IMU,3377.0771,-0.41015625,-1.82421875,9.08984375,-0.0390625,-0.013671875,0.111328125,0.1396484375,-0.236328125,-0.87109375
1092.755692,info,IMU,3377.0971,-0.23828125,-1.5,10.19140625,-0.044921875,-0.01171875,0.111328125,0.1376953125,-0.2373046875,-0.87109375
1092.773837,info,IMU,3377.1171,-0.03125,-1.33203125,9.89453125,-0.056640625,0.076171875,0.130859375,0.138671875,-0.23828125,-0.8701171875
1092.794080,info,IMU,3377.1371,-0.0625,-1.75,7.73046875,-0.046875,-0.09765625,0.123046875,0.1357421875,-0.234375,-0.8720703125
1092.813666,info,IMU,3377.1571,-0.54296875,-1.63671875,11.34765625,-0.1171875,-0.029296875,0.126953125,0.134765625,-0.2333984375,-0.8720703125
1092.833900,info,IMU,3377.1771,0.0390625,-1.69921875,8.10546875,-0.029296875,-0.048828125,0.123046875,0.13671875,-0.2314453125,-0.875
1092.856103,info,IMU,3377.1971000000003,0.1328125,-1.703125,10.84765625,-0.078125,-0.044921875,0.126953125,0.1357421875,-0.2314453125,-0.873046875
1092.873698,info,IMU,3377.2171000000003,0.34765625,-1.79296875,10.203125,-0,0.0546875,0.138671875,0.1357421875,-0.2294921875,-0.8701171875
1092.893928,info,IMU,3377.2371000000003,0.125,-1.65234375,10.2421875,-0.03125,-0,0.14453125,0.1337890625,-0.23046875,-0.8740234375
1092.914199,info,IMU,3377.2571000000003,-0.17578125,-1.41015625,11.0390625,-0.037109375,-0.015625,0.138671875,0.1328125,-0.2314453125,-0.873046875
1092.934421,info,IMU,3377.2771000000002,-0.27734375,-1.59765625,9.5078125,-0.04296875,-0.037109375,0.13671875,0.1337890625,-0.23046875,-0.8740234375
1092.956673,info,IMU,3377.2971000000002,-0.22265625,-1.51171875,9.26171875,-0.015625,-0.08203125,0.134765625,0.1318359375,-0.23046875,-0.873046875
1092.974216,info,IMU,3377.3171,-0.39453125,-1.2421875,8.8125,-0.125,-0.01953125,0.146484375,0.130859375,-0.2294921875,-0.8759765625
1092.993944,info,IMU,3377.3371,-0.2265625,-1.5078125,10.296875,0.0078125,-0.005859375,0.14453125,0.1279296875,-0.2255859375,-0.8740234375
1093.014040,info,IMU,3377.3571,-0.44921875,-1.6640625,7.6328125,-0.068359375,-0.068359375,0.142578125,0.1298828125,-0.2255859375,-0.873046875
1093.034428,info,IMU,3377.3771,-0.73046875,-1.3359375,10.671875,-0.0390625,-0.0234375,0.134765625,0.1259765625,-0.2294921875,-0.873046875
1093.057116,info,IMU,3377.3971,-0.015625,-2,7.31640625,0.02734375,-0.0859375,0.134765625,0.12109375,-0.2255859375,-0.8720703125
1093.074131,info,IMU,3377.4171,0.109375,-1.52734375,10.8828125,-0.03515625,-0.068359375,0.146484375,0.125,-0.2275390625,-0.873046875
1093.093725,info,IMU,3377.4371,-0.15234375,-1.640625,9.05859375,0.015625,0.009765625,0.1484375,0.1220703125,-0.2275390625,-0.875
1093.113919,info,IMU,3377.4571,-0.05078125,-1.0234375,10.55859375,0.07421875,-0.0546875,0.142578125,0.12109375,-0.2265625,-0.8759765625
1093.134210,info,IMU,3377.4771,0.4453125,-1.41015625,7.859375,-0.04296875,-0.037109375,0.14453125,0.1181640625,-0.2294921875,-0.8740234375
1093.157462,info,IMU,3377.4971,-0.20703125,-1.47265625,9.7578125,0.037109375,-0.017578125,0.13671875,0.1171875,-0.2275390625,-0.873046875
1093.173975,info,IMU,3377.5171,-0.19140625,-1.50390625,9.890625,0.03515625,-0.01953125,0.140625,0.115234375,-0.228515625,-0.876953125
1093.194193,info,IMU,3377.5371,-0.4375,-1.80859375,6.75390625,-0.001953125,-0.013671875,0.146484375,0.1171875,-0.2275390625,-0.875
1093.213810,info,IMU,3377.5571,-0.421875,-1.73046875,8.84375,0.046875,-0.060546875,0.1484375,0.1142578125,-0.2294921875,-0.8720703125
1093.234036,info,IMU,3377.5771,0.16015625,-1.4375,8.7734375,0.078125,-0.068359375,0.154296875,0.115234375,-0.2294921875,-0.8720703125
1093.257907,info,IMU,3377.5971,0.39453125,-1.57421875,8.15234375,0.001953125,-0.029296875,0.154296875,0.1103515625,-0.2333984375,-0.8740234375
1093.273882,info,IMU,3377.6171,0.3203125,-1.40234375,7.875,0.130859375,-0.109375,0.14453125,0.107421875,-0.232421875,-0.8740234375
1093.294117,info,IMU,3377.6371,0.10546875,-1.7109375,10.15625,0.00390625,-0.025390625,0.15234375,0.1064453125,-0.2333984375,-0.8740234375
1093.313806,info,IMU,3377.6571,0.2734375,-1.58984375,6.98046875,0.046875,-0.076171875,0.154296875,0.1064453125,-0.232421875,-0.8759765625
1093.333946,info,IMU,3377.6771,-0,-1.48828125,11.21875,0.150390625,-0.0859375,0.158203125,0.1044921875,-0.23828125,-0.873046875
1093.358309,info,IMU,3377.6971000000003,0.17578125,-1.74609375,6.65234375,0.033203125,-0.02734375,0.16796875,0.099609375,-0.2353515625,-0.873046875
1093.373741,info,IMU,3377.7171000000003,0.1171875,-1.0625,9.37109375,0.091796875,-0.056640625,0.16015625,0.1005859375,-0.240234375,-0.873046875
1093.393970,info,IMU,3377.7371000000003,0.14453125,-1.37890625,9.3359375,0.1015625,-0.017578125,0.1640625,0.0947265625,-0.2412109375,-0.87109375
1093.414232,info,IMU,3377.7571000000003,0.03125,-1.52734375,6.95703125,0.009765625,-0.07421875,0.1640625,0.095703125,-0.2421875,-0.8720703125
1093.433813,info,IMU,3377.7771000000002,-0.05859375,-1.53125,9.2578125,0.08984375,-0.08203125,0.166015625,0.0927734375,-0.244140625,-0.87109375
1093.454020,info,IMU,3377.7971000000002,0.46875,-1.67578125,9.73046875,0.037109375,-0.03125,0.16796875,0.08984375,-0.24609375,-0.8720703125
1093.474230,info,IMU,3377.8171,0.15234375,-1.41796875,9.578125,0.01171875,-0.037109375,0.181640625,0.0908203125,-0.248046875,-0.87109375
1093.493932,info,IMU,3377.8371,0.11328125,-1.97265625,10.41796875,0.11328125,0.0390625,0.173828125,0.08984375,-0.24609375,-0.873046875
1093.514077,info,IMU,3377.8571,0.4609375,-0.98828125,9.5234375,0.109375,-0.03125,0.166015625,0.0869140625,-0.2509765625,-0.8701171875
1093.533670,info,IMU,3377.8771,0.1328125,-1.23828125,10.33984375,-0.015625,0.064453125,0.177734375,0.0888671875,-0.2509765625,-0.87109375
1093.553923,info,IMU,3377.8971,0.296875,-1.7109375,9.921875,0.0859375,0.03125,0.17578125,0.087890625,-0.25,-0.8681640625
1093.574146,info,IMU,3377.9171,0.09765625,-1.32421875,10.890625,0.01953125,-0.0078125,0.177734375,0.0888671875,-0.2509765625,-0.869140625
1093.593738,info,IMU,3377.9371,-0.03125,-1.38671875,8.84375,0.0234375,0.017578125,0.1796875,0.08984375,-0.2529296875,-0.8701171875
1093.615547,info,IMU,3377.9571,0.50390625,-1.7734375,12.140625,0.005859375,0.033203125,0.185546875,0.083984375,-0.2529296875,-0.87109375
1093.634205,info,IMU,3377.9771,0.47265625,-1.3359375,9.2109375,-0.01953125,0.03125,0.185546875,0.0888671875,-0.2548828125,-0.8701171875
1093.653784,info,IMU,3377.9971,-0.2890625,-1.36328125,10.203125,0.025390625,0.052734375,0.189453125,0.0869140625,-0.2529296875,-0.8681640625
1093.674019,info,IMU,3378.0171,-0.08984375,-0.97265625,10.5546875,-0.05078125,0.03515625,0.173828125,0.0869140625,-0.25390625,-0.87109375
1093.694252,info,IMU,3378.0371,-0.3984375,-1.6171875,10.87109375,-0.134765625,0.087890625,0.16796875,0.087890625,-0.251953125,-0.8701171875
1093.713856,info,IMU,3378.0571,-0.3125,-1.625,11.98046875,0.125,-0.033203125,0.162109375,0.091796875,-0.2490234375,-0.8701171875
1093.734075,info,IMU,3378.0771,-0.26953125,-1.47265625,11.4921875,-0.166015625,0.095703125,0.177734375,0.0888671875,-0.251953125,-0.869140625
1093.753665,info,IMU,3378.0971,0.33203125,-1.3671875,11.1328125,0.02734375,0.056640625,0.173828125,0.0908203125,-0.25,-0.87109375
1093.773906,info,IMU,3378.1171,0.296875,-1.6328125,12.90625,-0.1328125,0.07421875,0.16796875,0.08984375,-0.2490234375,-0.873046875
1093.794141,info,IMU,3378.1371,0.02734375,-0.9140625,11.53125,-0.052734375,0.140625,0.158203125,0.0908203125,-0.244140625,-0.87109375
1093.813732,info,IMU,3378.1571,-0.5546875,-1.1484375,10.66015625,-0.083984375,0.0546875,0.150390625,0.091796875,-0.2451171875,-0.8701171875
1093.833952,info,IMU,3378.1771,-0.71875,-0.89453125,10.5546875,-0.12109375,0.025390625,0.142578125,0.091796875,-0.244140625,-0.8740234375
1093.854170,info,IMU,3378.1971000000003,-0.4375,-1.44921875,8.21875,-0.177734375,0.05078125,0.1484375,0.0947265625,-0.240234375,-0.8701171875
1093.873782,info,IMU,3378.2171000000003,-0.125,-1.3046875,12.28515625,-0.048828125,-0.001953125,0.154296875,0.09375,-0.2392578125,-0.87109375
1093.894029,info,IMU,3378.2371000000003,0.36328125,-1.51171875,6.55078125,-0.166015625,0.029296875,0.15234375,0.095703125,-0.2353515625,-0.87109375
1093.914236,info,IMU,3378.2571000000003,-0.21875,-1.078125,9.83984375,-0.021484375,-0.041015625,0.125,0.09375,-0.234375,-0.875
1093.934046,info,IMU,3378.2771000000002,-0.546875,-1.46484375,8.77734375,-0.109375,-0.02734375,0.119140625,0.09375,-0.234375,-0.8740234375
1093.955925,info,IMU,3378.2971000000002,-0.48046875,-1.46484375,9.64453125,-0.1640625,-0.005859375,0.115234375,0.091796875,-0.2294921875,-0.873046875
1093.973668,info,IMU,3378.3171,-0.66015625,-1.38671875,10.97265625,0.005859375,-0.037109375,0.115234375,0.091796875,-0.2294921875,-0.8740234375
1093.993908,info,IMU,3378.3371,-0.4765625,-1.640625,7.78125,0.005859375,-0.021484375,0.115234375,0.0908203125,-0.2294921875,-0.875
1094.016772,info,IMU,3378.3571,-0.12890625,-0.23046875,6.140625,0.037109375,-0.197265625,0.10546875,0.0849609375,-0.2294921875,-0.8759765625
1094.033738,info,IMU,3378.3771,-0.41796875,-0.78125,10.41015625,-0.08984375,-0.103515625,0.09375,0.08203125,-0.2265625,-0.8759765625
1094.053966,info,IMU,3378.3971,-0.35546875,-1.40625,6.8203125,-0.017578125,-0.166015625,0.078125,0.0810546875,-0.2255859375,-0.8740234375
1094.074179,info,IMU,3378.4171,-0.70703125,-1.16015625,9.3515625,0.00390625,-0.1640625,0.0625,0.0751953125,-0.2265625,-0.8759765625
1094.093766,info,IMU,3378.4371,-0.375,-1.0234375,6.1875,0.06640625,-0.16796875,0.068359375,0.0732421875,-0.2265625,-0.875
1094.114049,info,IMU,3378.4571,-0.57421875,-1.09375,8.640625,-0.044921875,-0.20703125,0.072265625,0.0703125,-0.2265625,-0.8759765625
1094.134237,info,IMU,3378.4771,-0.18359375,-1.3515625,6.69921875,0.033203125,-0.181640625,0.0703125,0.0625,-0.2255859375,-0.8759765625
1094.153859,info,IMU,3378.4971,-0.7109375,-1.12109375,8.2109375,0.05078125,-0.291015625,0.052734375,0.060546875,-0.228515625,-0.8759765625
1094.174034,info,IMU,3378.5171,-0.3671875,-1.18359375,6.62109375,0.119140625,-0.2421875,0.041015625,0.0537109375,-0.23046875,-0.873046875
1094.193693,info,IMU,3378.5371,-0.25,-1.4765625,7.36328125,0.03125,-0.333984375,0.037109375,0.048828125,-0.2314453125,-0.8759765625
1094.214863,info,IMU,3378.5571,0.0625,-1.16796875,8.50390625,0.078125,-0.318359375,0.041015625,0.0419921875,-0.2333984375,-0.873046875
1094.234127,info,IMU,3378.5771,0.43359375,-1.328125,7.5078125,0.09765625,-0.283203125,0.0390625,0.037109375,-0.232421875,-0.875
1094.254024,info,IMU,3378.5971,-0.05859375,-1.609375,7.75390625,0.033203125,-0.3125,0.03515625,0.0322265625,-0.234375,-0.8720703125
1094.273946,info,IMU,3378.6171,-0.09765625,-1.36328125,9.23046875,0.16015625,-0.234375,0.01953125,0.0234375,-0.23828125,-0.873046875
1094.294176,info,IMU,3378.6371,0.0859375,-1.328125,7.75,0.03125,-0.28515625,0.0234375,0.015625,-0.240234375,-0.87109375
1094.313836,info,IMU,3378.6571,-0.1953125,-1.30859375,9.78515625,0.185546875,-0.357421875,0.021484375,0.009765625,-0.2421875,-0.87109375
1094.334002,info,IMU,3378.6771,0.4921875,-1.23828125,8.69140625,0.0234375,-0.26953125,0.029296875,0.00390625,-0.240234375,-0.87109375
1094.354218,info,IMU,3378.6971000000003,0.51171875,-1.21484375,8.2265625,0.107421875,-0.373046875,0.02734375,-0.0009765625,-0.2451171875,-0.8701171875
1094.373873,info,IMU,3378.7171000000003,0.6171875,-1.22265625,11.83203125,0.064453125,-0.2578125,0.025390625,-0.0068359375,-0.24609375,-0.869140625
1094.394067,info,IMU,3378.7371000000003,1.5546875,-0.859375,7.4375,-0.025390625,-0.283203125,0.025390625,-0.01171875,-0.24609375,-0.86328125
1094.413671,info,IMU,3378.7571000000003,0.8984375,-1.7890625,14.2734375,-0.091796875,-0.26953125,0.052734375,-0.017578125,-0.2470703125,-0.8642578125
1094.433944,info,IMU,3378.7771000000002,0.80859375,-1.7265625,10.22265625,0.064453125,-0.1796875,0.068359375,-0.025390625,-0.2451171875,-0.8662109375
1094.454153,info,IMU,3378.7971000000002,0.375,-0.19140625,11.59765625,0.08984375,-0.197265625,0.052734375,-0.0263671875,-0.248046875,-0.861328125
1094.473691,info,IMU,3378.8171,0.578125,-1.03125,10.85546875,-0.142578125,-0.134765625,0.05078125,-0.029296875,-0.248046875,-0.865234375
1094.493925,info,IMU,3378.8371,1.3046875,-1.765625,13.12890625,-0.083984375,-0.078125,0.07421875,-0.0322265625,-0.244140625,-0.8642578125
1094.514830,info,IMU,3378.8571,0.390625,-1.34375,10.8671875,-0.005859375,-0.103515625,0.078125,-0.033203125,-0.2412109375,-0.8623046875
1094.533776,info,IMU,3378.8771,-0.34765625,-0.34765625,11.11328125,0.03515625,-0.060546875,0.05078125,-0.033203125,-0.2421875,-0.8642578125
1094.553995,info,IMU,3378.8971,0.1953125,-0.45703125,10.2109375,-0.201171875,0.015625,0.0390625,-0.0390625,-0.240234375,-0.8642578125
1094.574214,info,IMU,3378.9171,0.37890625,-1.31640625,11.30859375,-0.111328125,-0.03515625,0.072265625,-0.0400390625,-0.23828125,-0.8671875
1094.593829,info,IMU,3378.9371,-0.1640625,-0.99609375,10.52734375,-0.07421875,0.015625,0.0859375,-0.0390625,-0.2373046875,-0.8662109375
1094.616712,info,IMU,3378.9571,-0.78125,-0.36328125,7.421875,0.03125,-0.04296875,0.044921875,-0.0419921875,-0.234375,-0.865234375
1094.633741,info,IMU,3378.9771,-0.2734375,-1.09765625,8.84765625,-0.201171875,-0.0546875,0.017578125,-0.041015625,-0.2353515625,-0.8642578125
1094.653920,info,IMU,3378.9971,0.55078125,-1.58203125,10.24609375,-0.095703125,0.02734375,0.0546875,-0.0380859375,-0.2314453125,-0.86328125
1094.674101,info,IMU,3379.0171,0.37890625,-1.55859375,11.10546875,-0.095703125,0.0078125,0.08203125,-0.0400390625,-0.228515625,-0.8662109375
1094.693733,info,IMU,3379.0371,-0.20703125,-1.234375,9.64453125,0.01953125,0.03515625,0.056640625,-0.037109375,-0.2265625,-0.865234375
1094.713917,info,IMU,3379.0571,0.3125,-0.6640625,9.4921875,-0.0859375,0.0546875,0.01171875,-0.0400390625,-0.2275390625,-0.865234375
1094.734183,info,IMU,3379.0771,0.19921875,-1.39453125,10.0078125,-0.095703125,0.01171875,0.01171875,-0.0390625,-0.2255859375,-0.869140625
1094.753769,info,IMU,3379.0971,0.046875,-1.46484375,12.31640625,-0.025390625,0.087890625,0.044921875,-0.0341796875,-0.2255859375,-0.8681640625
1094.773982,info,IMU,3379.1171,-0.6328125,-1.21484375,6.8984375,0.02734375,0.0234375,0.041015625,-0.0380859375,-0.2216796875,-0.8671875
1094.794190,info,IMU,3379.1371,-0.50390625,-0.58203125,10.515625,-0.03125,0.029296875,0.013671875,-0.0390625,-0.2216796875,-0.8671875
1094.814716,info,IMU,3379.1571,0.328125,-0.6953125,7.59375,-0.087890625,0.068359375,0.013671875,-0.03515625,-0.220703125,-0.8681640625
1094.834029,info,IMU,3379.1771,0.34375,-0.95703125,8.08203125,0.005859375,0.00390625,0.02734375,-0.0341796875,-0.2216796875,-0.8681640625
1094.853693,info,IMU,3379.1971000000003,-0.75390625,-1.53125,9.6875,-0.033203125,0.048828125,0.013671875,-0.033203125,-0.2197265625,-0.8701171875
1094.873869,info,IMU,3379.2171000000003,-0.57421875,-1.5234375,7.9453125,0.025390625,0.107421875,-0.00390625,-0.03515625,-0.220703125,-0.8662109375
1094.894095,info,IMU,3379.2371000000003,-0.43359375,-1.3359375,7.1328125,-0,-0.05078125,0.001953125,-0.03125,-0.2216796875,-0.8720703125
1094.913750,info,IMU,3379.2571000000003,-0.38671875,-1.19140625,10.39453125,-0.021484375,-0.009765625,0.01953125,-0.0302734375,-0.2197265625,-0.873046875
1094.935353,info,IMU,3379.2771000000002,0.17578125,-0.984375,8.46875,-0.02734375,0.04296875,0.017578125,-0.0322265625,-0.22265625,-0.8701171875
1094.954151,info,IMU,3379.2971000000002,-0.09375,-1.265625,8.02734375,0.06640625,-0.0703125,-0.013671875,-0.0322265625,-0.2236328125,-0.8720703125
1094.973770,info,IMU,3379.3171,-0.03125,-1.07421875,10.3125,0.056640625,0.076171875,-0.01953125,-0.03515625,-0.2216796875,-0.8701171875
1094.993967,info,IMU,3379.3371,-0.19140625,-0.91796875,7.8359375,-0.005859375,0.05859375,-0.015625,-0.029296875,-0.224609375,-0.869140625
1095.014211,info,IMU,3379.3571,-1.03515625,-1.3984375,11.109375,0.046875,0.06640625,-0.013671875,-0.029296875,-0.220703125,-0.8701171875
1095.033796,info,IMU,3379.3771,-0.88671875,-1.3671875,7.61328125,0.048828125,0.005859375,-0.025390625,-0.0322265625,-0.22265625,-0.8671875
1095.054019,info,IMU,3379.3971,-0.265625,-0.71875,8.453125,0.021484375,0.021484375,-0.033203125,-0.0302734375,-0.2236328125,-0.8681640625
1095.073665,info,IMU,3379.4171,0.12890625,-1.47265625,8.84765625,-0.095703125,0.01171875,-0.03125,-0.0283203125,-0.2265625,-0.8701171875
1095.093982,info,IMU,3379.4371,-0.3671875,-1.12109375,10.88671875,0.009765625,0.060546875,-0.0390625,-0.0263671875,-0.22265625,-0.8681640625
1095.114087,info,IMU,3379.4571,-0.84765625,-1.2265625,8.1328125,-0,0.046875,-0.0546875,-0.0283203125,-0.224609375,-0.87109375
1095.133674,info,IMU,3379.4771,-0.90234375,-1.17578125,10.25,0.01171875,0.009765625,-0.056640625,-0.025390625,-0.2236328125,-0.87109375
1095.153916,info,IMU,3379.4971,-0.640625,-1.3828125,9.80859375,-0.041015625,0.048828125,-0.064453125,-0.0244140625,-0.2255859375,-0.8701171875
1095.174129,info,IMU,3379.5171,-0.69921875,-1.3671875,9.5703125,-0.0078125,0.021484375,-0.072265625,-0.0244140625,-0.224609375,-0.8701171875
1095.193728,info,IMU,3379.5371,-0.47265625,-1.26171875,11.0625,0.013671875,0.056640625,-0.08203125,-0.0224609375,-0.2265625,-0.87109375
1095.213993,info,IMU,3379.5571,-0.33984375,-0.88671875,9.890625,-0.078125,0.0859375,-0.08984375,-0.0234375,-0.2236328125,-0.8681640625
1095.234323,info,IMU,3379.5771,-0.609375,-1.26171875,11.02734375,-0.033203125,0.064453125,-0.091796875,-0.0185546875,-0.22265625,-0.87109375
1095.253960,info,IMU,3379.5971,-0.546875,-0.921875,11.53125,-0.052734375,0.07421875,-0.09375,-0.015625,-0.2236328125,-0.8701171875
1095.274295,info,IMU,3379.6171,-0.7734375,-0.859375,9.6484375,-0.068359375,0.07421875,-0.1015625,-0.017578125,-0.224609375,-0.8701171875
1095.293698,info,IMU,3379.6371,-0.87109375,-1.15234375,10.81640625,-0.056640625,0.044921875,-0.11328125,-0.0146484375,-0.21875,-0.87109375
1095.313854,info,IMU,3379.6571,-0.29296875,-1.25,11.484375,-0.146484375,0.08203125,-0.10546875,-0.0146484375,-0.2177734375,-0.873046875
1095.334106,info,IMU,3379.6771,-0.52734375,-1.7734375,10.51953125,-0.05859375,0.08203125,-0.09765625,-0.009765625,-0.2158203125,-0.8720703125
1095.353690,info,IMU,3379.6971000000003,-0.44921875,-1.5703125,12.06640625,-0.080078125,0.072265625,-0.09375,-0.0078125,-0.216796875,-0.8740234375
1095.373905,info,IMU,3379.7171000000003,-0.55078125,-1.37890625,10.28125,-0.109375,0.033203125,-0.099609375,-0.005859375,-0.2138671875,-0.8740234375
1095.394130,info,IMU,3379.7371000000003,-0.5234375,-1.359375,12.35546875,-0.095703125,0.017578125,-0.099609375,-0.0048828125,-0.2099609375,-0.873046875
1095.413747,info,IMU,3379.7571000000003,0.27734375,-1.1875,12.66796875,-0.14453125,0.103515625,-0.09375,-0.00390625,-0.20703125,-0.873046875
1095.434182,info,IMU,3379.7771000000002,0.5703125,-0.9765625,11.69140625,-0.1015625,0.115234375,-0.091796875,-0.0009765625,-0.20703125,-0.8740234375
1095.454175,info,IMU,3379.7971000000002,-0.01953125,-1.38671875,13.63671875,-0.154296875,0.21484375,-0.08984375,0.00390625,-0.203125,-0.8779296875
1095.473760,info,IMU,3379.8171,-0.4140625,-1.50390625,10.73046875,-0.087890625,0.208984375,-0.0859375,0.0087890625,-0.2001953125,-0.8759765625
1095.494075,info,IMU,3379.8371,-0.6796875,-1.09765625,12.37890625,-0.087890625,0.1796875,-0.08203125,0.0068359375,-0.203125,-0.87890625
1095.513686,info,IMU,3379.8571,-0.62890625,-0.94921875,9.2109375,-0.1171875,0.103515625,-0.07421875,0.01171875,-0.1953125,-0.876953125
1095.533851,info,IMU,3379.8771,-0.75,-1.02734375,11.34375,-0.126953125,0.068359375,-0.07421875,0.0146484375,-0.1953125,-0.8779296875
1095.554078,info,IMU,3379.8971,-0.3515625,-1.0859375,9.85546875,-0.16796875,0.162109375,-0.0703125,0.01953125,-0.193359375,-0.87890625
1095.573681,info,IMU,3379.9171,-0.15234375,-1.046875,12.171875,-0.12109375,0.11328125,-0.064453125,0.0205078125,-0.1904296875,-0.87890625
1095.593901,info,IMU,3379.9371,-0.66796875,-1.3671875,10.71875,-0.109375,0.13671875,-0.068359375,0.025390625,-0.1884765625,-0.87890625
1095.614173,info,IMU,3379.9571,-0.71484375,-1.203125,10.08984375,-0.134765625,0.134765625,-0.06640625,0.02734375,-0.185546875,-0.8798828125
1095.633994,info,IMU,3379.9771,-0.82421875,-1.5,11.36328125,-0.091796875,0.09375,-0.068359375,0.0283203125,-0.18359375,-0.8818359375
1095.653948,info,IMU,3379.9971,-0.54296875,-1.1171875,9.5546875,-0.091796875,0.052734375,-0.05859375,0.033203125,-0.1806640625,-0.8818359375
1095.674166,info,IMU,3380.0171,-0.93359375,-1.109375,9.62890625,-0.056640625,0.048828125,-0.068359375,0.03125,-0.1796875,-0.8837890625
1095.694025,info,IMU,3380.0371,-0.26953125,-1.23046875,9.20703125,-0.103515625,0.0390625,-0.072265625,0.0341796875,-0.1787109375,-0.880859375
1095.714017,info,IMU,3380.0571,-0.53125,-1.453125,10.0078125,-0.0703125,0.080078125,-0.0703125,0.0361328125,-0.1787109375,-0.880859375
1095.733690,info,IMU,3380.0771,-0.55859375,-1.36328125,8.44921875,-0.0234375,-0.001953125,-0.072265625,0.03515625,-0.17578125,-0.8828125
1095.753845,info,IMU,3380.0971,-0.4921875,-1.33203125,10.12890625,-0.029296875,0.109375,-0.0703125,0.0390625,-0.1767578125,-0.8818359375
1095.774041,info,IMU,3380.1171,-0.39453125,-0.96484375,7.0703125,0.01953125,-0.0234375,-0.0703125,0.0390625,-0.177734375,-0.8837890625
1095.793686,info,IMU,3380.1371,-0.453125,-1.3828125,9.94921875,-0.025390625,0.009765625,-0.0703125,0.0390625,-0.1806640625,-0.8818359375
1095.814065,info,IMU,3380.1571,-0.56640625,-1.125,6.20703125,0.0625,-0.048828125,-0.07421875,0.0361328125,-0.1787109375,-0.8837890625
1095.834128,info,IMU,3380.1771,-0.5,-1.15625,9.67578125,0.013671875,-0.044921875,-0.07421875,0.0380859375,-0.181640625,-0.8818359375
1095.853739,info,IMU,3380.1971000000003,-0.41796875,-0.9453125,7.0234375,0.080078125,-0.0390625,-0.072265625,0.03515625,-0.1826171875,-0.8828125
1095.873939,info,IMU,3380.2171000000003,-0.09375,-0.6953125,9.8984375,0.064453125,-0.046875,-0.0703125,0.037109375,-0.1826171875,-0.8818359375
1095.894162,info,IMU,3380.2371000000003,-0.2578125,-1.140625,6.91796875,0.16796875,-0.029296875,-0.0703125,0.03515625,-0.18359375,-0.880859375
1095.913809,info,IMU,3380.2571000000003,-0.81640625,-0.71875,8.69140625,0.162109375,-0.060546875,-0.080078125,0.0341796875,-0.1875,-0.8828125
1095.934000,info,IMU,3380.2771000000002,-0.71875,-1.5,6.40234375,0.130859375,-0.072265625,-0.08203125,0.0322265625,-0.189453125,-0.87890625
1095.953697,info,IMU,3380.2971000000002,-0.46875,-0.9140625,9.00390625,0.19921875,-0.09375,-0.080078125,0.0322265625,-0.1943359375,-0.87890625
1095.973833,info,IMU,3380.3171,-0.5546875,-0.60546875,7.11328125,0.1484375,-0.13671875,-0.072265625,0.0302734375,-0.1982421875,-0.8818359375
1095.994058,info,IMU,3380.3371,-0.1875,-0.86328125,8.84375,0.140625,-0.1171875,-0.078125,0.0322265625,-0.201171875,-0.8798828125
1096.013760,info,IMU,3380.3571,-0.28125,-0.73828125,7.51171875,0.234375,-0.109375,-0.076171875,0.02734375,-0.2060546875,-0.87890625
1096.034062,info,IMU,3380.3771,-0.40625,-0.80078125,7.421875,0.19921875,-0.140625,-0.072265625,0.025390625,-0.208984375,-0.8779296875
1096.054121,info,IMU,3380.3971,-0.2421875,-1.05859375,7.8515625,0.18359375,-0.099609375,-0.0703125,0.0224609375,-0.2138671875,-0.8779296875
1096.075129,info,IMU,3380.4171,-0.03125,-0.875,9.78515625,0.19140625,-0.025390625,-0.0703125,0.0234375,-0.21875,-0.8759765625
1096.093914,info,IMU,3380.4371,-0.1796875,-0.86328125,8.61328125,0.16796875,-0.08984375,-0.064453125,0.021484375,-0.22265625,-0.8759765625
1096.114227,info,IMU,3380.4571,-0.33203125,-0.76171875,10.90625,0.146484375,-0.08203125,-0.064453125,0.0185546875,-0.2255859375,-0.8740234375
1096.133795,info,IMU,3380.4771,0.04296875,-0.78125,9.8046875,0.154296875,-0.09375,-0.0625,0.017578125,-0.2275390625,-0.873046875
1096.153986,info,IMU,3380.4971,-0.125,-0.65625,12.27734375,0.166015625,-0.02734375,-0.0625,0.015625,-0.23046875,-0.87109375
1096.175515,info,IMU,3380.5171,0.3515625,-0.48828125,8.26953125,0.150390625,-0.080078125,-0.05859375,0.01953125,-0.2392578125,-0.8701171875
1096.193832,info,IMU,3380.5371,0.078125,-1.03515625,12.23046875,0.107421875,0.001953125,-0.05078125,0.0166015625,-0.23828125,-0.8701171875
1096.214031,info,IMU,3380.5571,-0.3125,-0.96484375,11.59375,0.107421875,0.03125,-0.056640625,0.0146484375,-0.2373046875,-0.873046875
1096.233688,info,IMU,3380.5771,-0.63671875,-0.71875,12.45703125,0.01953125,0.076171875,-0.052734375,0.013671875,-0.2412109375,-0.8701171875
1096.253919,info,IMU,3380.5971,-0.34375,-1,9.50390625,0.083984375,0.021484375,-0.046875,0.0166015625,-0.2392578125,-0.8681640625
1096.275997,info,IMU,3380.6171,-0.28515625,-0.7578125,14.1328125,0.017578125,0.05078125,-0.04296875,0.0166015625,-0.2431640625,-0.87109375
1096.293926,info,IMU,3380.6371,-0.10546875,-0.6484375,11.50390625,0.029296875,0.224609375,-0.03125,0.0224609375,-0.244140625,-0.8701171875
1096.313944,info,IMU,3380.6571,-0.21875,-0.46484375,10.73046875,0.072265625,0.12109375,-0.033203125,0.0244140625,-0.2470703125,-0.8701171875
1096.335423,info,IMU,3380.6771,-0.453125,-1.3984375,10.15625,0.0078125,0.138671875,-0.03515625,0.02734375,-0.24609375,-0.8701171875
1096.361697,info,IMU,3380.6971000000003,-0.55078125,-0.95703125,12.125,-0.095703125,0.158203125,-0.04296875,0.0283203125,-0.2421875,-0.869140625
1096.376955,info,IMU,3380.7171000000003,-0.3671875,-0.46484375,10.9296875,-0.03125,0.173828125,-0.041015625,0.0322265625,-0.2431640625,-0.869140625
1096.394186,info,IMU,3380.7371000000003,-0.43359375,-0.703125,10.234375,-0.095703125,0.037109375,-0.02734375,0.0361328125,-0.2421875,-0.8720703125
1096.413822,info,IMU,3380.7571000000003,-0.4375,-0.7421875,11.90234375,0.00390625,0.03515625,-0.037109375,0.0390625,-0.2412109375,-0.87109375
1096.434073,info,IMU,3380.7771000000002,-0.21875,-0.828125,10.62890625,-0.080078125,0.17578125,-0.037109375,0.0419921875,-0.240234375,-0.8720703125
1096.453971,info,IMU,3380.7971000000002,-0.28515625,-0.74609375,9.44921875,-0.013671875,0.041015625,-0.037109375,0.0419921875,-0.2373046875,-0.873046875
1096.476802,info,IMU,3380.8171,-0.6640625,-0.59375,12.81640625,-0.10546875,0.11328125,-0.03515625,0.0458984375,-0.2392578125,-0.873046875
1096.494102,info,IMU,3380.8371,-0.3515625,-0.83984375,9.421875,-0.04296875,0.171875,-0.02734375,0.048828125,-0.2373046875,-0.87109375
1096.513705,info,IMU,3380.8571,-0.49609375,-0.91796875,10.390625,-0.02734375,0.04296875,-0.03515625,0.0498046875,-0.2353515625,-0.87109375
1096.533934,info,IMU,3380.8771,-0.390625,-0.46484375,11.921875,-0.04296875,0.17578125,-0.03125,0.0537109375,-0.236328125,-0.87109375
1096.554171,info,IMU,3380.8971,-0.3828125,-0.22265625,8.18359375,0.013671875,0.033203125,-0.033203125,0.056640625,-0.2373046875,-0.8740234375
1096.577267,info,IMU,3380.9171,-0.7578125,-0.69140625,10.203125,-0.1015625,0.0546875,-0.041015625,0.056640625,-0.2373046875,-0.8740234375
1096.594101,info,IMU,3380.9371,-0.28515625,-0.97265625,11.02734375,0.021484375,0.16796875,-0.04296875,0.0615234375,-0.2314453125,-0.873046875
1096.614225,info,IMU,3380.9571,-0.40625,-0.40625,8.625,0.05859375,-0.01953125,-0.04296875,0.0615234375,-0.234375,-0.875
1096.635758,info,IMU,3380.9771,-1.12890625,-0.47265625,10.1328125,0.009765625,0.0390625,-0.048828125,0.05859375,-0.2353515625,-0.873046875
1096.654038,info,IMU,3380.9971,-0.5390625,-0.6171875,8.6484375,0.01171875,-0.001953125,-0.05859375,0.0595703125,-0.2333984375,-0.8720703125
1096.678420,info,IMU,3381.0171,-0.6328125,-0.2109375,10.1796875,-0.052734375,-0.033203125,-0.05859375,0.060546875,-0.234375,-0.875
1096.693896,info,IMU,3381.0371,-0.45703125,-1.0390625,8.73828125,0.083984375,0.056640625,-0.056640625,0.0654296875,-0.236328125,-0.873046875
1096.714103,info,IMU,3381.0571,-0.6875,-0.3203125,9.6484375,0.087890625,-0.068359375,-0.0625,0.0625,-0.23828125,-0.8720703125
1096.733745,info,IMU,3381.0771,-0.671875,-0.24609375,8.9453125,0.060546875,-0.03125,-0.0703125,0.064453125,-0.23828125,-0.873046875
1096.753933,info,IMU,3381.0971,-0.57421875,-0.45703125,8.73046875,0.013671875,-0.1328125,-0.0703125,0.0625,-0.240234375,-0.873046875
1096.774137,info,IMU,3381.1171,-0.48046875,-0.34765625,10.6171875,0.037109375,-0.046875,-0.076171875,0.0576171875,-0.240234375,-0.873046875
1096.793727,info,IMU,3381.1371,-0.609375,-0.33984375,8.78125,0.044921875,-0.046875,-0.07421875,0.05859375,-0.2392578125,-0.8701171875
1096.813993,info,IMU,3381.1571,-0.484375,-0.0078125,10.33203125,0.123046875,-0.09375,-0.08203125,0.0576171875,-0.2412109375,-0.8701171875
1096.834196,info,IMU,3381.1771,-0.48046875,-0.19140625,9.2109375,0.001953125,-0.060546875,-0.078125,0.0556640625,-0.2451171875,-0.873046875
